battery_id,pack_type,supplier,manufacturing_lot,manufacture_date,commission_date,rated_capacity_kwh,purchase_cost_inr,initial_soh_pct,bms_firmware,retired_date,retirement_reason,current_soh_pct,soh_invalid
BAT-2W-100000,2W_2.1kWh,Cellora,CE-2503,2025-01-30,2025-03-19,2.1,31018,99.9,BMS-4.1,,,79.5,False
BAT-2W-100001,2W_2.1kWh,Cellora,CE-2403,2024-02-27,2024-03-30,2.1,34111,99.2,BMS-4.2,,,79.5,False
BAT-3W-100002,3W_4.8kWh,Cellora,CE-2305,2023-04-15,2023-05-11,4.8,66521,99.5,BMS-4.1,,,87.0,False
BAT-2W-100003,2W_2.1kWh,Kyron,KY-2409,2024-09-28,2024-10-09,2.1,32753,99.5,BMS-4.1,2025-06-15,end_of_life,58.1,False
BAT-2W-100004,2W_2.1kWh,Kyron,KY-2407,2024-11-06,2024-11-21,2.1,31734,99.5,BMS-4.2,2025-06-15,end_of_life,60.6,False
BAT-2W-100005,2W_2.1kWh,Cellora,CE-2308,2023-07-18,2023-08-31,2.1,32340,99.2,BMS-4.2,,,80.5,False
BAT-2W-100006,2W_2.1kWh,Kyron,KY-2408,2024-09-29,2024-10-20,2.1,31653,99.5,BMS-4.2,2025-06-15,end_of_life,60.5,False
BAT-2W-100007,2W_2.1kWh,Cellora,CE-2403,2024-02-25,2024-03-18,2.1,33929,99.2,BMS-4.0,,,80.2,False
BAT-2W-100008,2W_2.1kWh,Cellora,CE-2410,2024-09-08,2024-10-26,2.1,32747,99.5,BMS-4.0,,,80.4,False
BAT-2W-100009,2W_2.1kWh,Cellora,CE-2505,2025-04-12,2025-05-30,2.1,30477,98.8,BMS-4.2,,,80.1,False
BAT-2W-100010,2W_2.1kWh,Amptek,AM-2501,2024-12-31,2025-01-17,2.1,32128,98.9,BMS-4.0,,,79.8,False
BAT-2W-100011,2W_2.1kWh,Cellora,CE-2311,2023-10-25,2023-11-28,2.1,33957,98.5,BMS-4.1,,,78.6,False
BAT-2W-100012,2W_2.1kWh,Amptek,AM-2403,2024-02-20,2024-03-07,2.1,32391,98.8,BMS-4.2,,,79.6,False
BAT-2W-100013,2W_2.1kWh,Amptek,AM-2406,2024-04-25,2024-06-02,2.1,33986,99.0,BMS-4.1,,,79.8,False
BAT-2W-100014,2W_2.1kWh,Kyron,KY-2409,2024-09-27,2024-11-13,2.1,33323,99.6,BMS-4.1,2025-06-15,end_of_life,62.5,False
BAT-2W-100015,2W_2.1kWh,Cellora,CE-2409,2024-08-31,2024-09-18,2.1,30800,99.3,BMS-4.0,,,80.0,False
BAT-2W-100016,2W_2.1kWh,Kyron,KY-2408,2024-09-01,2024-09-14,2.1,29591,99.7,BMS-4.1,2025-06-15,end_of_life,58.6,False
BAT-2W-100017,2W_2.1kWh,Amptek,AM-2405,2024-04-22,2024-05-25,2.1,33926,98.9,BMS-4.2,,,80.2,False
BAT-2W-100018,2W_2.1kWh,Kyron,KY-2409,2024-08-12,2024-09-23,2.1,32922,99.0,BMS-4.1,2025-06-15,end_of_life,61.5,False
BAT-2W-100019,2W_2.1kWh,Cellora,CE-2304,2023-04-03,2023-04-26,2.1,30812,99.0,BMS-4.1,,,80.4,False
BAT-2W-100020,2W_2.1kWh,Cellora,CE-2311,2023-11-09,2023-11-25,2.1,31865,99.0,BMS-4.2,,,81.2,False
BAT-3W-100021,3W_4.8kWh,Kyron,KY-2411,2024-09-20,2024-11-17,4.8,65541,99.2,BMS-4.1,,,86.7,False
BAT-3W-100022,3W_4.8kWh,Cellora,CE-2410,2024-08-22,2024-10-03,4.8,65681,99.7,BMS-4.2,,,87.5,False
BAT-2W-100023,2W_2.1kWh,Amptek,AM-2503,2025-03-12,2025-03-31,2.1,32867,99.3,BMS-4.0,,,80.5,False
BAT-2W-100024,2W_2.1kWh,Cellora,CE-2412,2024-10-31,2024-12-04,2.1,31683,99.0,BMS-4.2,,,79.7,False
BAT-2W-100025,2W_2.1kWh,Kyron,KY-2408,2024-09-21,2024-10-28,2.1,31485,99.4,BMS-4.0,2025-06-15,end_of_life,59.3,False
BAT-2W-100026,2W_2.1kWh,Cellora,CE-2309,2023-08-25,2023-09-08,2.1,33301,99.8,BMS-4.1,,,81.6,False
BAT-2W-100027,2W_2.1kWh,Kyron,KY-2409,2024-10-15,2024-11-28,2.1,33188,98.6,BMS-4.1,2025-06-15,end_of_life,60.1,False
BAT-2W-100028,2W_2.1kWh,Cellora,CE-2502,2025-01-16,2025-02-21,2.1,32869,99.6,BMS-4.2,,,81.6,False
BAT-3W-100029,3W_4.8kWh,Cellora,CE-2408,2024-08-16,2024-08-30,4.8,68494,100.0,BMS-4.1,,,87.6,False
BAT-2W-100030,2W_2.1kWh,Amptek,AM-2503,2025-02-16,2025-03-22,2.1,34276,99.7,BMS-4.0,,,79.9,False
BAT-2W-100031,2W_2.1kWh,Cellora,CE-2501,2024-12-31,2025-01-10,2.1,31949,98.4,BMS-4.2,,,79.4,False
BAT-2W-100032,2W_2.1kWh,Cellora,CE-2306,2023-06-03,2023-06-21,2.1,31932,99.3,BMS-4.1,,,80.7,False
BAT-2W-100033,2W_2.1kWh,Cellora,CE-2304,2023-02-20,2023-04-11,2.1,31048,99.2,BMS-4.0,,,80.5,False
BAT-3W-100034,3W_4.8kWh,Kyron,KY-2414,2024-12-21,2025-02-18,4.8,62912,99.3,BMS-4.2,,,86.8,False
BAT-2W-100035,2W_2.1kWh,Kyron,KY-2409,2024-10-27,2024-11-10,2.1,31808,98.8,BMS-4.1,2025-06-15,end_of_life,59.8,False
BAT-3W-100036,3W_4.8kWh,Amptek,AM-2409,2024-08-16,2024-09-23,4.8,67531,98.4,BMS-4.2,,,85.4,False
BAT-2W-100037,2W_2.1kWh,Cellora,CE-2408,2024-06-26,2024-08-04,2.1,31417,99.9,BMS-4.0,,,79.6,False
BAT-3W-100038,3W_4.8kWh,Amptek,AM-2506,2025-06-01,2025-06-13,4.8,66778,99.1,BMS-4.1,,,87.3,False
BAT-3W-100039,3W_4.8kWh,Cellora,CE-2304,2023-03-02,2023-04-03,4.8,65961,100.0,BMS-4.0,,,88.3,False
BAT-2W-100040,2W_2.1kWh,Cellora,CE-2408,2024-06-30,2024-08-15,2.1,32592,99.1,BMS-4.0,,,80.1,False
BAT-2W-100041,2W_2.1kWh,Cellora,CE-2505,2025-04-01,2025-05-24,2.1,33270,98.7,BMS-4.2,,,79.3,False
BAT-2W-100042,2W_2.1kWh,Cellora,CE-2405,2024-03-20,2024-05-03,2.1,32452,98.8,BMS-4.1,,,77.9,False
BAT-3W-100043,3W_4.8kWh,Amptek,AM-2406,2024-04-26,2024-06-11,4.8,66605,99.0,BMS-4.0,,,86.8,False
BAT-2W-100044,2W_2.1kWh,Cellora,CE-2404,2024-02-06,2024-04-01,2.1,31144,99.6,BMS-4.1,,,80.6,False
BAT-2W-100045,2W_2.1kWh,Cellora,CE-2505,2025-04-05,2025-05-21,2.1,32906,99.4,BMS-4.1,,,80.1,False
BAT-3W-100046,3W_4.8kWh,Cellora,CE-2410,2024-09-02,2024-10-10,4.8,67703,98.9,BMS-4.0,,,86.4,False
BAT-2W-100047,2W_2.1kWh,Amptek,AM-2405,2024-03-29,2024-05-05,2.1,32565,99.6,BMS-4.1,,,82.3,False
BAT-2W-100048,2W_2.1kWh,Amptek,AM-2403,2024-02-02,2024-03-31,2.1,32152,99.1,BMS-4.2,,,80.6,False
BAT-2W-100049,2W_2.1kWh,Kyron,KY-2407,2024-10-05,2024-10-17,2.1,33599,98.9,BMS-4.2,2025-06-15,end_of_life,59.2,False
BAT-2W-100050,2W_2.1kWh,Amptek,AM-2502,2025-01-02,2025-02-17,2.1,31145,98.7,BMS-4.1,,,80.3,False
BAT-2W-100051,2W_2.1kWh,Cellora,CE-2310,2023-09-23,2023-10-16,2.1,30520,99.3,BMS-4.0,,,79.6,False
BAT-2W-100052,2W_2.1kWh,Cellora,CE-2411,2024-10-22,2024-11-29,2.1,32740,99.2,BMS-4.0,,,80.2,False
BAT-2W-100053,2W_2.1kWh,Cellora,CE-2305,2023-05-02,2023-05-20,2.1,30127,99.4,BMS-4.1,,,80.5,False
BAT-2W-100054,2W_2.1kWh,Kyron,KY-2408,2024-08-28,2024-09-28,2.1,31545,99.1,BMS-4.1,2025-06-15,end_of_life,63.0,False
BAT-3W-100055,3W_4.8kWh,Cellora,CE-2503,2025-02-12,2025-03-23,4.8,66445,99.5,BMS-4.2,,,87.2,False
BAT-2W-100056,2W_2.1kWh,Cellora,CE-2404,2024-03-21,2024-04-14,2.1,32830,98.6,BMS-4.0,,,79.8,False
BAT-2W-100057,2W_2.1kWh,Amptek,AM-2404,2024-02-24,2024-04-07,2.1,32542,99.5,BMS-4.2,,,81.3,False
BAT-2W-100058,2W_2.1kWh,Amptek,AM-2406,2024-05-22,2024-06-18,2.1,31500,99.6,BMS-4.2,,,80.4,False
BAT-2W-100059,2W_2.1kWh,Cellora,CE-2306,2023-05-13,2023-06-11,2.1,32804,99.1,BMS-4.1,,,79.6,False
BAT-2W-100060,2W_2.1kWh,Cellora,CE-2504,2025-03-11,2025-04-14,2.1,32327,99.7,BMS-4.2,,,79.8,False
BAT-2W-100061,2W_2.1kWh,Amptek,AM-2409,2024-08-27,2024-09-10,2.1,33397,99.2,BMS-4.1,,,80.1,False
BAT-2W-100062,2W_2.1kWh,Cellora,CE-2306,2023-05-22,2023-06-27,2.1,32183,99.3,BMS-4.0,,,79.1,False
BAT-2W-100063,2W_2.1kWh,Cellora,CE-2303,2023-03-01,2023-03-13,2.1,32269,99.6,BMS-4.2,,,81.5,False
BAT-2W-100064,2W_2.1kWh,Cellora,CE-2408,2024-07-05,2024-08-02,2.1,31115,99.1,BMS-4.2,,,80.4,False
BAT-2W-100065,2W_2.1kWh,Cellora,CE-2402,2024-01-08,2024-02-22,2.1,33247,99.3,BMS-4.2,,,79.4,False
BAT-2W-100066,2W_2.1kWh,Kyron,KY-2409,2024-10-10,2024-11-03,2.1,31475,99.0,BMS-4.1,2025-06-15,end_of_life,62.4,False
BAT-2W-100067,2W_2.1kWh,Amptek,AM-2403,2024-01-15,2024-03-10,2.1,31393,98.8,BMS-4.2,,,79.7,False
BAT-2W-100068,2W_2.1kWh,Amptek,AM-2410,2024-09-12,2024-10-24,2.1,31440,99.4,BMS-4.1,,,80.8,False
BAT-3W-100069,3W_4.8kWh,Kyron,KY-2413,2024-12-17,2025-01-12,4.8,67473,99.0,BMS-4.1,,,85.9,False
BAT-2W-100070,2W_2.1kWh,Cellora,CE-2306,2023-04-19,2023-06-06,2.1,32726,98.4,BMS-4.2,,,80.3,False
BAT-3W-100071,3W_4.8kWh,Kyron,KY-2409,2024-08-17,2024-09-13,4.8,66738,99.5,BMS-4.2,,,71.3,False
BAT-2W-100072,2W_2.1kWh,Cellora,CE-2311,2023-09-25,2023-11-15,2.1,31486,99.1,BMS-4.0,,,78.7,False
BAT-3W-100073,3W_4.8kWh,Cellora,CE-2406,2024-06-18,2024-06-28,4.8,66849,99.7,BMS-4.0,,,86.2,False
BAT-2W-100074,2W_2.1kWh,Cellora,CE-2405,2024-04-02,2024-05-28,2.1,31507,99.0,BMS-4.1,,,80.4,False
BAT-2W-100075,2W_2.1kWh,Cellora,CE-2504,2025-03-22,2025-04-27,2.1,32283,99.3,BMS-4.0,,,78.3,False
BAT-2W-100076,2W_2.1kWh,Cellora,CE-2503,2025-03-06,2025-03-21,2.1,32054,99.5,BMS-4.2,,,81.2,False
BAT-3W-100077,3W_4.8kWh,Cellora,CE-2504,2025-03-14,2025-04-04,4.8,69724,99.2,BMS-4.2,,,86.3,False
BAT-3W-100078,3W_4.8kWh,Cellora,CE-2309,2023-09-02,2023-09-26,4.8,67509,99.2,BMS-4.2,,,86.7,False
BAT-2W-100079,2W_2.1kWh,Kyron,KY-2407,2024-10-13,2024-11-28,2.1,33368,98.9,BMS-4.1,2025-06-15,end_of_life,63.0,False
BAT-2W-100080,2W_2.1kWh,Cellora,CE-2502,2024-12-05,2025-02-02,2.1,31846,99.2,BMS-4.1,,,81.0,False
BAT-2W-100081,2W_2.1kWh,Cellora,CE-2409,2024-08-19,2024-09-05,2.1,31122,99.2,BMS-4.2,,,80.1,False
BAT-3W-100082,3W_4.8kWh,Cellora,CE-2406,2024-04-19,2024-06-15,4.8,69463,99.4,BMS-4.2,,,86.2,False
BAT-2W-100083,2W_2.1kWh,Amptek,AM-2504,2025-03-29,2025-04-23,2.1,31569,98.8,BMS-4.2,,,79.4,False
BAT-2W-100084,2W_2.1kWh,Cellora,CE-2405,2024-04-03,2024-05-14,2.1,31781,99.3,BMS-4.1,,,79.4,False
BAT-2W-100085,2W_2.1kWh,Cellora,CE-2505,2025-04-14,2025-05-04,2.1,32789,99.1,BMS-4.0,,,80.1,False
BAT-2W-100086,2W_2.1kWh,Amptek,AM-2407,2024-05-29,2024-07-22,2.1,32045,99.0,BMS-4.2,,,79.7,False
BAT-3W-100087,3W_4.8kWh,Amptek,AM-2503,2025-02-10,2025-03-30,4.8,70189,99.1,BMS-4.1,,,86.0,False
BAT-2W-100088,2W_2.1kWh,Amptek,AM-2506,2025-04-29,2025-06-11,2.1,34234,99.6,BMS-4.1,,,79.1,False
BAT-2W-100089,2W_2.1kWh,Cellora,CE-2405,2024-03-10,2024-05-04,2.1,31741,99.5,BMS-4.0,,,80.4,False
BAT-2W-100090,2W_2.1kWh,Amptek,AM-2407,2024-05-19,2024-07-13,2.1,30864,99.3,BMS-4.1,,,80.6,False
BAT-2W-100091,2W_2.1kWh,Cellora,CE-2410,2024-09-10,2024-10-07,2.1,31614,98.8,BMS-4.0,,,79.8,False
BAT-2W-100092,2W_2.1kWh,Kyron,KY-2409,2024-10-24,2024-11-10,2.1,30584,99.1,BMS-4.2,2025-06-15,end_of_life,61.8,False
BAT-3W-100093,3W_4.8kWh,Cellora,CE-2303,2023-01-22,2023-03-12,4.8,62738,99.6,BMS-4.1,,,87.0,False
BAT-3W-100094,3W_4.8kWh,Cellora,CE-2410,2024-10-03,2024-10-23,4.8,68226,99.7,BMS-4.0,,,86.6,False
BAT-2W-100095,2W_2.1kWh,Kyron,KY-2408,2024-11-20,2024-11-30,2.1,31219,99.2,BMS-4.2,2025-06-15,end_of_life,63.7,False
BAT-2W-100096,2W_2.1kWh,Amptek,AM-2406,2024-04-12,2024-06-05,2.1,33613,99.2,BMS-4.0,,,80.1,False
BAT-3W-100097,3W_4.8kWh,Amptek,AM-2412,2024-11-04,2024-12-02,4.8,68630,99.2,BMS-4.0,,,86.7,False
BAT-2W-100098,2W_2.1kWh,Cellora,CE-2409,2024-08-04,2024-09-13,2.1,32581,99.0,BMS-4.2,,,80.1,False
BAT-2W-100099,2W_2.1kWh,Kyron,KY-2408,2024-10-03,2024-10-22,2.1,32593,99.1,BMS-4.0,2025-06-15,end_of_life,61.2,False
BAT-3W-100100,3W_4.8kWh,Cellora,CE-2504,2025-03-04,2025-04-27,4.8,70436,99.0,BMS-4.1,,,86.2,False
BAT-2W-100101,2W_2.1kWh,Cellora,CE-2408,2024-07-10,2024-08-20,2.1,33036,98.8,BMS-4.1,,,79.0,False
BAT-2W-100102,2W_2.1kWh,Amptek,AM-2405,2024-04-24,2024-05-17,2.1,32281,99.2,BMS-4.1,,,79.5,False
BAT-3W-100103,3W_4.8kWh,Cellora,CE-2303,2023-02-04,2023-03-13,4.8,69617,99.0,BMS-4.2,,,86.5,False
BAT-2W-100104,2W_2.1kWh,Kyron,KY-2409,2024-10-17,2024-11-12,2.1,32482,98.6,BMS-4.1,2025-06-15,end_of_life,60.0,False
BAT-2W-100105,2W_2.1kWh,Cellora,CE-2309,2023-08-21,2023-09-22,2.1,31790,99.0,BMS-4.2,,,78.9,False
BAT-2W-100106,2W_2.1kWh,Amptek,AM-2403,2024-01-25,2024-03-20,2.1,32783,99.6,BMS-4.1,,,80.4,False
BAT-2W-100107,2W_2.1kWh,Amptek,AM-2505,2025-04-18,2025-05-14,2.1,31889,99.9,BMS-4.2,,,81.0,False
BAT-2W-100108,2W_2.1kWh,Kyron,KY-2408,2024-09-16,2024-10-19,2.1,33035,99.4,BMS-4.2,2025-06-15,end_of_life,60.9,False
BAT-2W-100109,2W_2.1kWh,Kyron,KY-2407,2024-09-06,2024-10-18,2.1,29901,98.6,BMS-4.0,2025-06-15,end_of_life,61.5,False
BAT-2W-100110,2W_2.1kWh,Kyron,KY-2409,2024-09-05,2024-10-15,2.1,32658,99.5,BMS-4.1,2025-06-15,end_of_life,60.2,False
BAT-2W-100111,2W_2.1kWh,Kyron,KY-2409,2024-09-05,2024-09-25,2.1,31838,99.4,BMS-4.1,2025-06-15,end_of_life,65.6,False
BAT-2W-100112,2W_2.1kWh,Kyron,KY-2408,2024-09-19,2024-11-06,2.1,31967,99.0,BMS-4.2,2025-06-15,end_of_life,60.0,False
BAT-2W-100113,2W_2.1kWh,Kyron,KY-2407,2024-08-17,2024-09-26,2.1,30885,99.2,BMS-4.1,2025-06-15,end_of_life,62.1,False
BAT-2W-100114,2W_2.1kWh,Amptek,AM-2411,2024-10-26,2024-11-16,2.1,30103,98.6,BMS-4.1,,,78.8,False
BAT-2W-100115,2W_2.1kWh,Cellora,CE-2406,2024-04-26,2024-06-08,2.1,32618,99.8,BMS-4.1,,,82.2,False
BAT-2W-100116,2W_2.1kWh,Amptek,AM-2501,2024-12-16,2025-01-30,2.1,32477,99.5,BMS-4.2,,,80.1,False
BAT-2W-100117,2W_2.1kWh,Amptek,AM-2410,2024-08-24,2024-10-01,2.1,29479,99.4,BMS-4.1,,,80.7,False
BAT-2W-100118,2W_2.1kWh,Kyron,KY-2408,2024-10-15,2024-10-30,2.1,32237,99.2,BMS-4.1,2025-06-15,end_of_life,60.0,False
BAT-2W-100119,2W_2.1kWh,Cellora,CE-2307,2023-06-12,2023-07-28,2.1,32065,98.9,BMS-4.1,,,79.1,False
BAT-2W-100120,2W_2.1kWh,Kyron,KY-2409,2024-11-03,2024-11-18,2.1,32668,99.2,BMS-4.1,2025-06-15,end_of_life,59.7,False
BAT-3W-100121,3W_4.8kWh,Cellora,CE-2309,2023-07-30,2023-09-17,4.8,72460,99.8,BMS-4.2,,,87.9,False
BAT-2W-100122,2W_2.1kWh,Cellora,CE-2303,2023-02-22,2023-03-07,2.1,31179,99.2,BMS-4.2,,,80.5,False
BAT-2W-100123,2W_2.1kWh,Cellora,CE-2407,2024-05-16,2024-07-13,2.1,32622,99.2,BMS-4.0,,,81.4,False
BAT-2W-100124,2W_2.1kWh,Cellora,CE-2305,2023-04-29,2023-05-21,2.1,34719,99.2,BMS-4.2,,,80.6,False
BAT-3W-100125,3W_4.8kWh,Kyron,KY-2416,2025-02-06,2025-04-03,4.8,68936,99.5,BMS-4.2,,,86.8,False
BAT-2W-100126,2W_2.1kWh,Amptek,AM-2506,2025-05-22,2025-06-02,2.1,32266,99.2,BMS-4.2,,,81.4,False
BAT-2W-100127,2W_2.1kWh,Cellora,CE-2306,2023-05-14,2023-06-29,2.1,32742,99.6,BMS-4.2,,,79.5,False
BAT-2W-100128,2W_2.1kWh,Cellora,CE-2303,2023-02-21,2023-03-10,2.1,31932,99.7,BMS-4.2,,,81.5,False
BAT-2W-100129,2W_2.1kWh,Kyron,KY-2407,2024-11-10,2024-11-24,2.1,33461,99.4,BMS-4.1,2025-06-15,end_of_life,59.4,False
BAT-2W-100130,2W_2.1kWh,Kyron,KY-2409,2024-09-29,2024-10-12,2.1,32617,98.9,BMS-4.1,2025-06-15,end_of_life,57.2,False
BAT-2W-100131,2W_2.1kWh,Cellora,CE-2311,2023-10-04,2023-11-09,2.1,33650,99.2,BMS-4.2,,,80.7,False
BAT-2W-100132,2W_2.1kWh,Cellora,CE-2306,2023-05-18,2023-06-26,2.1,32583,98.9,BMS-4.2,,,79.4,False
BAT-3W-100133,3W_4.8kWh,Cellora,CE-2501,2024-11-28,2025-01-20,4.8,69627,99.0,BMS-4.1,,,85.8,False
BAT-2W-100134,2W_2.1kWh,Kyron,KY-2407,2024-10-08,2024-11-23,2.1,32736,99.5,BMS-4.1,2025-06-15,end_of_life,61.3,False
BAT-2W-100135,2W_2.1kWh,Kyron,KY-2408,2024-11-01,2024-11-14,2.1,30449,99.4,BMS-4.2,2025-06-15,end_of_life,59.0,False
BAT-2W-100136,2W_2.1kWh,Cellora,CE-2412,2024-11-09,2024-12-18,2.1,31909,99.2,BMS-4.2,,,80.4,False
BAT-3W-100137,3W_4.8kWh,Kyron,KY-2409,2024-07-26,2024-09-14,4.8,71448,99.9,BMS-4.1,,,70.0,False
BAT-3W-100138,3W_4.8kWh,Cellora,CE-2310,2023-09-18,2023-10-18,4.8,65671,99.5,BMS-4.2,,,87.4,False
BAT-2W-100139,2W_2.1kWh,Kyron,KY-2409,2024-09-18,2024-10-25,2.1,31174,99.4,BMS-4.0,2025-06-15,end_of_life,61.8,False
BAT-2W-100140,2W_2.1kWh,Amptek,AM-2501,2024-12-28,2025-01-31,2.1,31348,99.1,BMS-4.2,,,80.0,False
BAT-2W-100141,2W_2.1kWh,Kyron,KY-2407,2024-08-25,2024-09-23,2.1,31238,98.0,BMS-4.0,2025-06-15,end_of_life,60.7,False
BAT-2W-100142,2W_2.1kWh,Kyron,KY-2408,2024-09-02,2024-10-20,2.1,28908,98.6,BMS-4.2,2025-06-15,end_of_life,58.5,False
BAT-3W-100143,3W_4.8kWh,Kyron,KY-2411,2024-10-10,2024-11-26,4.8,68437,98.9,BMS-4.2,,,85.7,False
BAT-3W-100144,3W_4.8kWh,Kyron,KY-2418,2025-04-29,2025-06-15,4.8,66236,99.5,BMS-4.1,,,87.2,False
BAT-3W-100145,3W_4.8kWh,Kyron,KY-2418,2025-05-05,2025-06-14,4.8,68687,99.4,BMS-4.1,,,87.3,False
BAT-2W-100146,2W_2.1kWh,Cellora,CE-2403,2024-02-04,2024-03-10,2.1,31685,98.2,BMS-4.2,,,79.6,False
BAT-2W-100147,2W_2.1kWh,Amptek,AM-2505,2025-05-05,2025-05-31,2.1,30683,98.9,BMS-4.2,,,80.1,False
BAT-2W-100148,2W_2.1kWh,Amptek,AM-2403,2024-01-27,2024-03-17,2.1,32391,99.2,BMS-4.0,,,81.7,False
BAT-2W-100149,2W_2.1kWh,Amptek,AM-2408,2024-07-18,2024-08-15,2.1,31930,99.0,BMS-4.2,,,81.2,False
BAT-2W-100150,2W_2.1kWh,Cellora,CE-2304,2023-03-05,2023-04-15,2.1,34463,99.2,BMS-4.0,,,80.9,False
BAT-2W-100151,2W_2.1kWh,Amptek,AM-2410,2024-08-28,2024-10-24,2.1,33847,99.6,BMS-4.2,,,79.9,False
BAT-2W-100152,2W_2.1kWh,Cellora,CE-2407,2024-07-15,2024-07-30,2.1,32130,99.3,BMS-4.1,,,79.9,False
BAT-2W-100153,2W_2.1kWh,Cellora,CE-2401,2023-11-29,2024-01-14,2.1,32682,99.4,BMS-4.0,,,81.0,False
BAT-2W-100154,2W_2.1kWh,Cellora,CE-2503,2025-02-11,2025-03-27,2.1,30661,98.0,BMS-4.2,,,79.6,False
BAT-3W-100155,3W_4.8kWh,Kyron,KY-2412,2024-10-14,2024-12-07,4.8,71521,99.1,BMS-4.2,,,85.3,False
BAT-2W-100156,2W_2.1kWh,Kyron,KY-2409,2024-09-28,2024-11-01,2.1,33318,99.6,BMS-4.1,2025-06-15,end_of_life,57.9,False
BAT-2W-100157,2W_2.1kWh,Cellora,CE-2409,2024-07-05,2024-09-02,2.1,31769,99.4,BMS-4.0,,,81.0,False
BAT-2W-100158,2W_2.1kWh,Cellora,CE-2307,2023-07-17,2023-07-29,2.1,32271,99.4,BMS-4.1,,,79.5,False
BAT-2W-100159,2W_2.1kWh,Kyron,KY-2409,2024-09-10,2024-10-27,2.1,29790,98.6,BMS-4.2,2025-06-15,end_of_life,57.3,False
BAT-2W-100160,2W_2.1kWh,Cellora,CE-2412,2024-10-28,2024-12-11,2.1,30073,99.5,BMS-4.2,,,79.7,False
BAT-2W-100161,2W_2.1kWh,Cellora,CE-2405,2024-05-02,2024-05-23,2.1,33103,100.0,BMS-4.2,,,81.7,False
BAT-2W-100162,2W_2.1kWh,Cellora,CE-2401,2023-12-18,2024-01-04,2.1,32816,99.3,BMS-4.0,,,80.9,False
BAT-2W-100163,2W_2.1kWh,Amptek,AM-2504,2025-03-16,2025-04-25,2.1,33278,99.6,BMS-4.0,,,81.0,False
BAT-2W-100164,2W_2.1kWh,Cellora,CE-2401,2023-11-15,2024-01-06,2.1,31399,98.9,BMS-4.1,,,79.7,False
BAT-2W-100165,2W_2.1kWh,Cellora,CE-2412,2024-11-05,2024-12-24,2.1,30622,99.5,BMS-4.0,,,79.4,False
BAT-2W-100166,2W_2.1kWh,Amptek,AM-2408,2024-06-27,2024-08-10,2.1,32697,98.2,BMS-4.1,,,78.1,False
BAT-2W-100167,2W_2.1kWh,Amptek,AM-2406,2024-05-25,2024-06-04,2.1,32406,99.1,BMS-4.0,,,79.9,False
BAT-3W-100168,3W_4.8kWh,Kyron,KY-2417,2025-04-09,2025-05-26,4.8,65498,100.0,BMS-4.2,,,87.3,False
BAT-2W-100169,2W_2.1kWh,Cellora,CE-2502,2024-12-23,2025-02-01,2.1,30267,98.3,BMS-4.1,,,77.7,False
BAT-2W-100170,2W_2.1kWh,Cellora,CE-2409,2024-09-08,2024-09-20,2.1,30853,99.2,BMS-4.0,,,79.2,False
BAT-2W-100171,2W_2.1kWh,Cellora,CE-2407,2024-06-07,2024-07-21,2.1,30785,99.6,BMS-4.0,,,79.9,False
BAT-3W-100172,3W_4.8kWh,Amptek,AM-2408,2024-06-05,2024-08-01,4.8,67237,100.0,BMS-4.1,,,85.4,False
BAT-2W-100173,2W_2.1kWh,Amptek,AM-2506,2025-05-01,2025-06-13,2.1,31372,99.3,BMS-4.2,,,81.5,False
BAT-2W-100174,2W_2.1kWh,Cellora,CE-2310,2023-08-16,2023-10-12,2.1,32598,99.6,BMS-4.0,,,80.4,False
BAT-2W-100175,2W_2.1kWh,Kyron,KY-2409,2024-10-01,2024-10-12,2.1,32461,99.0,BMS-4.1,2025-06-15,end_of_life,58.4,False
BAT-2W-100176,2W_2.1kWh,Amptek,AM-2407,2024-07-12,2024-07-31,2.1,30672,98.8,BMS-4.2,,,78.5,False
BAT-2W-100177,2W_2.1kWh,Cellora,CE-2308,2023-07-16,2023-08-06,2.1,30910,100.0,BMS-4.1,,,80.5,False
BAT-2W-100178,2W_2.1kWh,Cellora,CE-2502,2025-01-31,2025-02-28,2.1,31092,99.6,BMS-4.1,,,79.5,False
BAT-2W-100179,2W_2.1kWh,Kyron,KY-2407,2024-10-16,2024-11-28,2.1,31245,99.8,BMS-4.1,2025-06-15,end_of_life,63.2,False
BAT-2W-100180,2W_2.1kWh,Kyron,KY-2407,2024-10-14,2024-11-11,2.1,30048,99.1,BMS-4.0,2025-06-15,end_of_life,63.4,False
BAT-3W-100181,3W_4.8kWh,Kyron,KY-2407,2024-05-28,2024-07-07,4.8,68565,98.9,BMS-4.0,2025-06-15,end_of_life,67.1,False
BAT-2W-100182,2W_2.1kWh,Cellora,CE-2405,2024-04-07,2024-05-29,2.1,34358,98.6,BMS-4.2,,,79.1,False
BAT-2W-100183,2W_2.1kWh,Kyron,KY-2408,2024-10-02,2024-11-10,2.1,33697,98.8,BMS-4.1,2025-06-15,end_of_life,61.7,False
BAT-3W-100184,3W_4.8kWh,Amptek,AM-2405,2024-05-18,2024-05-30,4.8,66322,99.1,BMS-4.2,,,86.4,False
BAT-2W-100185,2W_2.1kWh,Kyron,KY-2407,2024-09-09,2024-09-23,2.1,31220,98.7,BMS-4.0,2025-06-15,end_of_life,59.8,False
BAT-3W-100186,3W_4.8kWh,Cellora,CE-2504,2025-03-30,2025-04-12,4.8,61873,99.6,BMS-4.1,,,86.3,False
BAT-3W-100187,3W_4.8kWh,Cellora,CE-2501,2024-12-10,2025-01-12,4.8,72189,98.6,BMS-4.0,,,85.9,False
BAT-2W-100188,2W_2.1kWh,Cellora,CE-2311,2023-09-25,2023-11-01,2.1,31313,98.3,BMS-4.1,,,79.5,False
BAT-2W-100189,2W_2.1kWh,Kyron,KY-2407,2024-09-12,2024-10-31,2.1,32271,98.5,BMS-4.1,2025-06-15,end_of_life,59.7,False
BAT-2W-100190,2W_2.1kWh,Cellora,CE-2405,2024-03-22,2024-05-20,2.1,32773,98.9,BMS-4.1,,,79.6,False
BAT-2W-100191,2W_2.1kWh,Kyron,KY-2408,2024-09-15,2024-10-23,2.1,32383,98.7,BMS-4.0,2025-06-15,end_of_life,57.2,False
BAT-2W-100192,2W_2.1kWh,Cellora,CE-2406,2024-05-13,2024-06-19,2.1,32771,99.6,BMS-4.0,,,79.4,False
BAT-2W-100193,2W_2.1kWh,Kyron,KY-2408,2024-09-09,2024-10-22,2.1,32690,98.8,BMS-4.1,2025-06-15,end_of_life,60.7,False
BAT-3W-100194,3W_4.8kWh,Cellora,CE-2411,2024-10-04,2024-11-09,4.8,65536,99.3,BMS-4.1,,,87.2,False
BAT-2W-100195,2W_2.1kWh,Kyron,KY-2409,2024-08-28,2024-09-22,2.1,31142,99.0,BMS-4.0,2025-06-15,end_of_life,63.0,False
BAT-3W-100196,3W_4.8kWh,Cellora,CE-2406,2024-05-21,2024-06-30,4.8,66801,98.4,BMS-4.1,,,86.2,False
BAT-2W-100197,2W_2.1kWh,Amptek,AM-2412,2024-11-23,2024-12-05,2.1,30784,99.2,BMS-4.1,,,81.2,False
BAT-2W-100198,2W_2.1kWh,Amptek,AM-2501,2024-11-21,2025-01-18,2.1,32026,99.0,BMS-4.2,,,80.2,False
BAT-2W-100199,2W_2.1kWh,Cellora,CE-2412,2024-11-11,2024-12-05,2.1,32474,99.4,BMS-4.0,,,79.4,False
BAT-2W-100200,2W_2.1kWh,Cellora,CE-2407,2024-05-29,2024-07-25,2.1,32047,99.1,BMS-4.2,,,79.7,False
BAT-2W-100201,2W_2.1kWh,Amptek,AM-2506,2025-04-28,2025-06-14,2.1,30510,99.1,BMS-4.2,,,79.6,False
BAT-2W-100202,2W_2.1kWh,Kyron,KY-2408,2024-08-28,2024-10-01,2.1,32146,98.8,BMS-4.0,2025-06-15,end_of_life,61.5,False
BAT-2W-100203,2W_2.1kWh,Kyron,KY-2408,2024-09-08,2024-10-18,2.1,31508,99.3,BMS-4.1,2025-06-15,end_of_life,61.3,False
BAT-2W-100204,2W_2.1kWh,Cellora,CE-2406,2024-04-22,2024-06-05,2.1,30399,99.5,BMS-4.2,,,80.3,False
BAT-2W-100205,2W_2.1kWh,Cellora,CE-2311,2023-10-20,2023-11-12,2.1,31516,99.5,BMS-4.1,,,80.3,False
BAT-2W-100206,2W_2.1kWh,Amptek,AM-2503,2025-01-23,2025-03-02,2.1,31941,99.2,BMS-4.1,,,80.3,False
BAT-2W-100207,2W_2.1kWh,Cellora,CE-2404,2024-02-26,2024-04-25,2.1,30656,98.9,BMS-4.0,,,79.7,False
BAT-2W-100208,2W_2.1kWh,Amptek,AM-2407,2024-06-04,2024-07-03,2.1,30754,98.8,BMS-4.1,,,79.8,False
BAT-2W-100209,2W_2.1kWh,Cellora,CE-2312,2023-11-12,2023-12-28,2.1,31099,99.7,BMS-4.0,,,78.9,False
BAT-3W-100210,3W_4.8kWh,Cellora,CE-2503,2025-01-23,2025-03-18,4.8,67075,99.7,BMS-4.0,,,86.1,False
BAT-2W-100211,2W_2.1kWh,Cellora,CE-2401,2023-12-23,2024-01-08,2.1,31678,99.0,BMS-4.1,,,78.3,False
BAT-2W-100212,2W_2.1kWh,Cellora,CE-2401,2023-12-23,2024-01-31,2.1,32691,99.5,BMS-4.2,,,79.3,False
BAT-2W-100213,2W_2.1kWh,Cellora,CE-2303,2023-01-26,2023-03-26,2.1,31887,99.0,BMS-4.2,,,78.3,False
BAT-2W-100214,2W_2.1kWh,Cellora,CE-2403,2024-02-02,2024-03-05,2.1,31397,99.6,BMS-4.1,,,80.2,False
BAT-3W-100215,3W_4.8kWh,Cellora,CE-2403,2024-01-13,2024-03-08,4.8,62871,98.9,BMS-4.0,,,87.0,False
BAT-3W-100216,3W_4.8kWh,Cellora,CE-2304,2023-03-15,2023-04-02,4.8,71350,98.7,BMS-4.1,,,85.5,False
BAT-2W-100217,2W_2.1kWh,Cellora,CE-2312,2023-12-02,2023-12-21,2.1,29615,98.5,BMS-4.0,,,78.3,False
BAT-2W-100218,2W_2.1kWh,Cellora,CE-2303,2023-02-23,2023-03-24,2.1,31468,99.1,BMS-4.1,,,79.0,False
BAT-3W-100219,3W_4.8kWh,Cellora,CE-2311,2023-09-27,2023-11-07,4.8,68956,99.1,BMS-4.2,,,85.6,False
BAT-3W-100220,3W_4.8kWh,Kyron,KY-2418,2025-04-21,2025-06-03,4.8,70888,99.0,BMS-4.1,,,85.8,False
BAT-2W-100221,2W_2.1kWh,Kyron,KY-2407,2024-08-27,2024-10-12,2.1,30898,98.6,BMS-4.2,2025-06-15,end_of_life,59.6,False
BAT-2W-100222,2W_2.1kWh,Cellora,CE-2306,2023-04-15,2023-06-04,2.1,34443,98.6,BMS-4.2,,,79.4,False
BAT-2W-100223,2W_2.1kWh,Amptek,AM-2502,2024-12-20,2025-02-16,2.1,31933,99.0,BMS-4.2,,,80.9,False
BAT-3W-100224,3W_4.8kWh,Amptek,AM-2403,2024-02-09,2024-03-13,4.8,70293,98.8,BMS-4.1,,,87.3,False
BAT-2W-100225,2W_2.1kWh,Cellora,CE-2305,2023-04-04,2023-05-07,2.1,31264,100.0,BMS-4.0,,,81.6,False
BAT-3W-100226,3W_4.8kWh,Kyron,KY-2407,2024-06-26,2024-07-16,4.8,69950,99.5,BMS-4.2,2025-06-15,end_of_life,69.2,False
BAT-2W-100227,2W_2.1kWh,Cellora,CE-2402,2023-12-11,2024-02-01,2.1,33623,98.7,BMS-4.0,,,79.4,False
BAT-2W-100228,2W_2.1kWh,Amptek,AM-2409,2024-08-14,2024-09-18,2.1,31459,99.5,BMS-4.1,,,81.0,False
BAT-2W-100229,2W_2.1kWh,Cellora,CE-2304,2023-03-14,2023-04-11,2.1,32411,99.4,BMS-4.1,,,81.0,False
BAT-2W-100230,2W_2.1kWh,Cellora,CE-2405,2024-04-04,2024-05-07,2.1,30732,98.5,BMS-4.2,,,79.7,False
BAT-2W-100231,2W_2.1kWh,Cellora,CE-2401,2023-12-15,2024-01-02,2.1,32706,99.6,BMS-4.2,,,79.7,False
BAT-3W-100232,3W_4.8kWh,Kyron,KY-2413,2024-12-03,2025-01-29,4.8,62965,98.9,BMS-4.1,,,86.5,False
BAT-2W-100233,2W_2.1kWh,Cellora,CE-2304,2023-03-19,2023-04-11,2.1,31465,99.2,BMS-4.0,,,80.6,False
BAT-2W-100234,2W_2.1kWh,Kyron,KY-2409,2024-08-28,2024-10-10,2.1,33759,98.9,BMS-4.1,2025-06-15,end_of_life,61.4,False
BAT-2W-100235,2W_2.1kWh,Kyron,KY-2409,2024-09-21,2024-10-06,2.1,31682,99.8,BMS-4.2,2025-06-15,end_of_life,58.8,False
BAT-2W-100236,2W_2.1kWh,Cellora,CE-2501,2024-12-23,2025-01-25,2.1,32337,99.3,BMS-4.2,,,79.6,False
BAT-2W-100237,2W_2.1kWh,Cellora,CE-2405,2024-04-25,2024-05-11,2.1,30499,99.2,BMS-4.0,,,80.2,False
BAT-2W-100238,2W_2.1kWh,Amptek,AM-2504,2025-02-26,2025-04-13,2.1,32360,99.5,BMS-4.1,,,80.3,False
BAT-2W-100239,2W_2.1kWh,Cellora,CE-2412,2024-11-17,2024-12-14,2.1,32053,99.1,BMS-4.1,,,79.6,False
BAT-2W-100240,2W_2.1kWh,Cellora,CE-2307,2023-06-20,2023-07-25,2.1,31143,99.0,BMS-4.2,,,79.4,False
BAT-2W-100241,2W_2.1kWh,Cellora,CE-2501,2024-11-27,2025-01-07,2.1,33072,99.2,BMS-4.2,,,80.5,False
BAT-2W-100242,2W_2.1kWh,Amptek,AM-2505,2025-04-30,2025-05-22,2.1,31356,99.9,BMS-4.0,,,81.6,False
BAT-3W-100243,3W_4.8kWh,Kyron,KY-2417,2025-04-30,2025-05-28,4.8,66459,98.5,BMS-4.2,,,85.7,False
BAT-3W-100244,3W_4.8kWh,Cellora,CE-2403,2024-01-19,2024-03-18,4.8,67410,99.7,BMS-4.1,,,87.0,False
BAT-2W-100245,2W_2.1kWh,Kyron,KY-2407,2024-10-31,2024-11-13,2.1,31039,98.8,BMS-4.0,2025-06-15,end_of_life,61.2,False
BAT-2W-100246,2W_2.1kWh,Cellora,CE-2503,2025-01-24,2025-03-01,2.1,31774,98.6,BMS-4.2,,,80.0,False
BAT-3W-100247,3W_4.8kWh,Amptek,AM-2406,2024-05-08,2024-06-15,4.8,65240,99.4,BMS-4.1,,,86.4,False
BAT-2W-100248,2W_2.1kWh,Kyron,KY-2407,2024-09-07,2024-10-05,2.1,31608,99.4,BMS-4.2,2025-06-15,end_of_life,63.3,False
BAT-2W-100249,2W_2.1kWh,Kyron,KY-2407,2024-08-22,2024-10-07,2.1,32396,99.3,BMS-4.0,2025-06-15,end_of_life,63.0,False
BAT-3W-100250,3W_4.8kWh,Cellora,CE-2312,2023-12-16,2023-12-31,4.8,69965,98.7,BMS-4.0,,,85.1,False
BAT-2W-100251,2W_2.1kWh,Cellora,CE-2305,2023-04-04,2023-05-11,2.1,31073,99.2,BMS-4.1,,,80.5,False
BAT-2W-100252,2W_2.1kWh,Kyron,KY-2407,2024-09-29,2024-10-21,2.1,32360,99.7,BMS-4.2,2025-06-15,end_of_life,59.8,False
BAT-2W-100253,2W_2.1kWh,Kyron,KY-2408,2024-09-02,2024-10-21,2.1,31936,98.6,BMS-4.1,2025-06-15,end_of_life,58.3,False
BAT-2W-100254,2W_2.1kWh,Kyron,KY-2407,2024-09-28,2024-10-14,2.1,33732,99.1,BMS-4.1,2025-06-15,end_of_life,60.4,False
BAT-2W-100255,2W_2.1kWh,Cellora,CE-2502,2025-02-05,2025-02-24,2.1,31929,98.9,BMS-4.1,,,78.8,False
BAT-2W-100256,2W_2.1kWh,Cellora,CE-2307,2023-05-18,2023-07-13,2.1,29988,99.9,BMS-4.0,,,81.2,False
BAT-2W-100257,2W_2.1kWh,Cellora,CE-2402,2023-12-07,2024-02-02,2.1,31457,99.3,BMS-4.1,,,81.0,False
BAT-3W-100258,3W_4.8kWh,Kyron,KY-2415,2025-03-14,2025-03-31,4.8,70080,99.2,BMS-4.0,,,87.2,False
BAT-2W-100259,2W_2.1kWh,Cellora,CE-2501,2024-12-01,2025-01-16,2.1,31258,99.5,BMS-4.1,,,79.8,False
BAT-2W-100260,2W_2.1kWh,Kyron,KY-2409,2024-10-29,2024-11-16,2.1,30268,99.4,BMS-4.2,2025-06-15,end_of_life,65.5,False
BAT-2W-100261,2W_2.1kWh,Kyron,KY-2407,2024-10-24,2024-11-27,2.1,31072,99.2,BMS-4.1,2025-06-15,end_of_life,57.0,False
BAT-2W-100262,2W_2.1kWh,Kyron,KY-2408,2024-10-05,2024-11-03,2.1,31779,98.7,BMS-4.1,2025-06-15,end_of_life,59.9,False
BAT-2W-100263,2W_2.1kWh,Cellora,CE-2402,2024-01-18,2024-02-04,2.1,31607,99.4,BMS-4.1,,,80.6,False
BAT-2W-100264,2W_2.1kWh,Cellora,CE-2307,2023-06-15,2023-07-31,2.1,32132,99.1,BMS-4.2,,,79.5,False
BAT-2W-100265,2W_2.1kWh,Amptek,AM-2502,2024-12-09,2025-02-06,2.1,33193,98.6,BMS-4.0,,,80.6,False
BAT-3W-100266,3W_4.8kWh,Cellora,CE-2412,2024-10-30,2024-12-08,4.8,66673,99.8,BMS-4.0,,,87.9,False
BAT-2W-100267,2W_2.1kWh,Amptek,AM-2408,2024-07-12,2024-08-26,2.1,30835,99.6,BMS-4.2,,,80.4,False
BAT-2W-100268,2W_2.1kWh,Kyron,KY-2408,2024-10-15,2024-11-23,2.1,31388,98.6,BMS-4.2,2025-06-15,end_of_life,58.8,False
BAT-2W-100269,2W_2.1kWh,Cellora,CE-2503,2025-03-03,2025-03-30,2.1,31492,99.9,BMS-4.2,,,79.6,False
BAT-2W-100270,2W_2.1kWh,Cellora,CE-2404,2024-02-22,2024-04-15,2.1,32017,98.1,BMS-4.1,,,78.3,False
BAT-2W-100271,2W_2.1kWh,Amptek,AM-2408,2024-07-19,2024-08-30,2.1,31024,99.6,BMS-4.2,,,80.4,False
BAT-3W-100272,3W_4.8kWh,Cellora,CE-2505,2025-03-26,2025-05-22,4.8,70822,98.3,BMS-4.2,,,86.2,False
BAT-2W-100273,2W_2.1kWh,Amptek,AM-2504,2025-02-01,2025-04-01,2.1,31571,98.5,BMS-4.0,,,80.1,False
BAT-2W-100274,2W_2.1kWh,Amptek,AM-2503,2025-02-18,2025-03-08,2.1,32687,99.3,BMS-4.1,,,79.3,False
BAT-2W-100275,2W_2.1kWh,Cellora,CE-2409,2024-07-25,2024-09-07,2.1,30379,98.9,BMS-4.1,,,80.3,False
BAT-3W-100276,3W_4.8kWh,Cellora,CE-2405,2024-04-08,2024-05-06,4.8,63597,99.0,BMS-4.1,,,86.2,False
BAT-2W-100277,2W_2.1kWh,Kyron,KY-2409,2024-11-12,2024-11-25,2.1,31135,99.6,BMS-4.1,2025-06-15,end_of_life,62.0,False
BAT-2W-100278,2W_2.1kWh,Cellora,CE-2310,2023-10-16,2023-10-26,2.1,31233,99.8,BMS-4.2,,,81.7,False
BAT-2W-100279,2W_2.1kWh,Cellora,CE-2311,2023-10-27,2023-11-24,2.1,32103,98.8,BMS-4.1,,,79.1,False
BAT-2W-100280,2W_2.1kWh,Cellora,CE-2402,2024-01-24,2024-02-20,2.1,31863,99.2,BMS-4.2,,,79.8,False
BAT-2W-100281,2W_2.1kWh,Amptek,AM-2408,2024-07-14,2024-08-13,2.1,32637,99.6,BMS-4.1,,,79.0,False
BAT-3W-100282,3W_4.8kWh,Cellora,CE-2402,2024-01-01,2024-02-19,4.8,66014,99.1,BMS-4.1,,,85.9,False
BAT-2W-100283,2W_2.1kWh,Cellora,CE-2312,2023-11-20,2023-12-12,2.1,30545,99.9,BMS-4.1,,,79.7,False
BAT-2W-100284,2W_2.1kWh,Kyron,KY-2409,2024-09-05,2024-10-20,2.1,32136,100.0,BMS-4.2,2025-06-15,end_of_life,61.1,False
BAT-2W-100285,2W_2.1kWh,Cellora,CE-2401,2023-11-21,2024-01-18,2.1,31768,99.1,BMS-4.0,,,80.1,False
BAT-2W-100286,2W_2.1kWh,Cellora,CE-2312,2023-11-07,2023-12-02,2.1,32868,100.0,BMS-4.0,,,81.1,False
BAT-2W-100287,2W_2.1kWh,Kyron,KY-2408,2024-09-06,2024-09-21,2.1,31548,99.4,BMS-4.1,2025-06-15,end_of_life,61.7,False
BAT-2W-100288,2W_2.1kWh,Amptek,AM-2412,2024-11-05,2024-12-31,2.1,32069,99.5,BMS-4.0,,,81.7,False
BAT-3W-100289,3W_4.8kWh,Cellora,CE-2412,2024-11-08,2024-12-23,4.8,71411,98.9,BMS-4.1,,,87.1,False
BAT-2W-100290,2W_2.1kWh,Cellora,CE-2303,2023-01-25,2023-03-02,2.1,29183,99.0,BMS-4.2,,,80.4,False
BAT-2W-100291,2W_2.1kWh,Cellora,CE-2410,2024-08-19,2024-10-13,2.1,31828,99.3,BMS-4.0,,,79.6,False
BAT-2W-100292,2W_2.1kWh,Cellora,CE-2406,2024-05-14,2024-06-05,2.1,32738,98.8,BMS-4.2,,,79.7,False
BAT-2W-100293,2W_2.1kWh,Cellora,CE-2307,2023-06-06,2023-07-28,2.1,33689,99.4,BMS-4.2,,,79.0,False
BAT-2W-100294,2W_2.1kWh,Cellora,CE-2412,2024-11-17,2024-12-03,2.1,33504,99.8,BMS-4.1,,,79.7,False
BAT-2W-100295,2W_2.1kWh,Cellora,CE-2309,2023-07-26,2023-09-13,2.1,32171,99.6,BMS-4.1,,,79.6,False
BAT-2W-100296,2W_2.1kWh,Cellora,CE-2401,2023-11-19,2024-01-05,2.1,33393,99.7,BMS-4.2,,,80.2,False
BAT-2W-100297,2W_2.1kWh,Cellora,CE-2311,2023-09-24,2023-11-10,2.1,33660,99.0,BMS-4.1,,,78.9,False
BAT-2W-100298,2W_2.1kWh,Kyron,KY-2409,2024-08-29,2024-09-30,2.1,30780,99.6,BMS-4.0,2025-06-15,end_of_life,61.0,False
BAT-2W-100299,2W_2.1kWh,Cellora,CE-2412,2024-11-14,2024-12-09,2.1,33174,99.5,BMS-4.1,,,78.5,False
BAT-2W-100300,2W_2.1kWh,Cellora,CE-2304,2023-02-24,2023-04-23,2.1,33710,99.1,BMS-4.2,,,79.8,False
BAT-2W-100301,2W_2.1kWh,Kyron,KY-2409,2024-10-25,2024-11-13,2.1,31845,98.8,BMS-4.2,2025-06-15,end_of_life,59.6,False
BAT-2W-100302,2W_2.1kWh,Cellora,CE-2401,2023-11-21,2024-01-11,2.1,31800,99.6,BMS-4.2,,,81.0,False
BAT-2W-100303,2W_2.1kWh,Amptek,AM-2405,2024-04-14,2024-05-15,2.1,31931,98.2,BMS-4.1,,,80.4,False
BAT-2W-100304,2W_2.1kWh,Cellora,CE-2502,2025-01-21,2025-02-15,2.1,29002,99.5,BMS-4.2,,,78.9,False
BAT-2W-100305,2W_2.1kWh,Cellora,CE-2303,2023-02-08,2023-03-17,2.1,32022,99.1,BMS-4.0,,,79.7,False
BAT-2W-100306,2W_2.1kWh,Cellora,CE-2311,2023-10-11,2023-11-21,2.1,30711,99.1,BMS-4.0,,,79.4,False
BAT-2W-100307,2W_2.1kWh,Cellora,CE-2501,2024-11-16,2025-01-08,2.1,33487,99.7,BMS-4.0,,,80.2,False
BAT-2W-100308,2W_2.1kWh,Cellora,CE-2501,2024-11-28,2025-01-10,2.1,32352,99.7,BMS-4.2,,,80.5,False
BAT-2W-100309,2W_2.1kWh,Amptek,AM-2404,2024-02-28,2024-04-21,2.1,32787,99.0,BMS-4.0,,,79.8,False
BAT-2W-100310,2W_2.1kWh,Cellora,CE-2403,2024-01-17,2024-03-15,2.1,31642,98.7,BMS-4.1,,,79.8,False
BAT-2W-100311,2W_2.1kWh,Kyron,KY-2409,2024-10-30,2024-11-22,2.1,31078,98.6,BMS-4.2,2025-06-15,end_of_life,62.6,False
BAT-2W-100312,2W_2.1kWh,Cellora,CE-2402,2024-01-17,2024-02-09,2.1,30527,99.3,BMS-4.2,,,80.7,False
BAT-2W-100313,2W_2.1kWh,Cellora,CE-2310,2023-09-19,2023-10-19,2.1,33476,99.5,BMS-4.1,,,81.4,False
BAT-2W-100314,2W_2.1kWh,Cellora,CE-2502,2024-12-29,2025-02-08,2.1,32707,98.6,BMS-4.0,,,79.7,False
BAT-2W-100315,2W_2.1kWh,Amptek,AM-2412,2024-11-17,2024-12-16,2.1,31041,98.8,BMS-4.1,,,80.0,False
BAT-2W-100316,2W_2.1kWh,Amptek,AM-2403,2024-03-04,2024-03-20,2.1,32984,99.0,BMS-4.1,,,79.7,False
BAT-2W-100317,2W_2.1kWh,Cellora,CE-2401,2023-12-31,2024-01-15,2.1,30861,98.2,BMS-4.0,,,79.0,False
BAT-2W-100318,2W_2.1kWh,Cellora,CE-2410,2024-08-31,2024-10-27,2.1,32983,98.7,BMS-4.2,,,79.2,False
BAT-3W-100319,3W_4.8kWh,Amptek,AM-2408,2024-07-13,2024-08-09,4.8,69208,99.4,BMS-4.1,,,86.5,False
BAT-2W-100320,2W_2.1kWh,Kyron,KY-2408,2024-10-24,2024-11-28,2.1,33440,98.8,BMS-4.1,2025-06-15,end_of_life,57.8,False
BAT-2W-100321,2W_2.1kWh,Cellora,CE-2505,2025-04-14,2025-05-31,2.1,31192,99.9,BMS-4.2,,,81.0,False
BAT-2W-100322,2W_2.1kWh,Cellora,CE-2410,2024-09-17,2024-10-25,2.1,33797,99.5,BMS-4.1,,,80.7,False
BAT-2W-100323,2W_2.1kWh,Cellora,CE-2401,2023-12-01,2024-01-10,2.1,31317,99.9,BMS-4.0,,,80.2,False
BAT-2W-100324,2W_2.1kWh,Amptek,AM-2504,2025-03-23,2025-04-14,2.1,32261,98.8,BMS-4.0,,,80.1,False
BAT-2W-100325,2W_2.1kWh,Cellora,CE-2309,2023-09-01,2023-09-11,2.1,30331,99.4,BMS-4.1,,,79.8,False
BAT-3W-100326,3W_4.8kWh,Cellora,CE-2502,2024-12-26,2025-02-19,4.8,70553,99.4,BMS-4.0,,,87.1,False
BAT-3W-100327,3W_4.8kWh,Kyron,KY-2409,2024-07-29,2024-09-05,4.8,68035,99.7,BMS-4.0,2025-06-15,end_of_life,69.3,False
BAT-2W-100328,2W_2.1kWh,Cellora,CE-2310,2023-08-28,2023-10-13,2.1,32238,99.5,BMS-4.2,,,79.5,False
BAT-2W-100329,2W_2.1kWh,Cellora,CE-2310,2023-09-07,2023-10-15,2.1,32116,98.9,BMS-4.0,,,79.4,False
BAT-2W-100330,2W_2.1kWh,Cellora,CE-2307,2023-05-26,2023-07-11,2.1,31846,99.5,BMS-4.0,,,80.2,False
BAT-2W-100331,2W_2.1kWh,Amptek,AM-2411,2024-09-09,2024-11-04,2.1,33057,99.4,BMS-4.1,,,81.0,False
BAT-2W-100332,2W_2.1kWh,Amptek,AM-2504,2025-03-28,2025-04-25,2.1,33690,99.9,BMS-4.1,,,81.6,False
BAT-2W-100333,2W_2.1kWh,Cellora,CE-2411,2024-09-15,2024-11-07,2.1,32538,98.3,BMS-4.2,,,79.2,False
BAT-2W-100334,2W_2.1kWh,Cellora,CE-2305,2023-05-03,2023-05-28,2.1,30532,99.4,BMS-4.2,,,79.8,False
BAT-3W-100335,3W_4.8kWh,Kyron,KY-2412,2024-11-20,2024-12-29,4.8,63884,98.4,BMS-4.2,,,85.7,False
BAT-2W-100336,2W_2.1kWh,Cellora,CE-2505,2025-04-11,2025-05-08,2.1,33870,99.1,BMS-4.1,,,79.4,False
BAT-2W-100337,2W_2.1kWh,Amptek,AM-2505,2025-03-29,2025-05-10,2.1,32187,99.0,BMS-4.1,,,79.9,False
BAT-2W-100338,2W_2.1kWh,Amptek,AM-2407,2024-06-18,2024-07-19,2.1,33787,98.7,BMS-4.0,,,79.7,False
BAT-2W-100339,2W_2.1kWh,Amptek,AM-2403,2024-03-11,2024-03-23,2.1,31044,99.9,BMS-4.1,,,79.4,False
BAT-2W-100340,2W_2.1kWh,Cellora,CE-2305,2023-04-18,2023-05-08,2.1,31501,99.2,BMS-4.1,,,78.7,False
BAT-2W-100341,2W_2.1kWh,Cellora,CE-2407,2024-06-16,2024-07-16,2.1,31671,99.3,BMS-4.0,,,81.7,False
BAT-2W-100342,2W_2.1kWh,Cellora,CE-2307,2023-05-23,2023-07-06,2.1,32386,99.5,BMS-4.2,,,80.8,False
BAT-2W-100343,2W_2.1kWh,Cellora,CE-2410,2024-09-16,2024-10-27,2.1,30721,99.1,BMS-4.0,,,79.1,False
BAT-2W-100344,2W_2.1kWh,Amptek,AM-2408,2024-07-05,2024-08-27,2.1,31957,100.0,BMS-4.2,,,79.9,False
BAT-2W-100345,2W_2.1kWh,Kyron,KY-2408,2024-08-23,2024-10-04,2.1,31193,98.9,BMS-4.1,2025-06-15,end_of_life,61.7,False
BAT-2W-100346,2W_2.1kWh,Cellora,CE-2401,2023-12-07,2024-01-31,2.1,32102,98.7,BMS-4.2,,,79.0,False
BAT-2W-100347,2W_2.1kWh,Amptek,AM-2410,2024-08-27,2024-10-10,2.1,30839,99.3,BMS-4.2,,,80.8,False
BAT-2W-100348,2W_2.1kWh,Cellora,CE-2402,2024-01-31,2024-02-10,2.1,31765,99.8,BMS-4.2,,,80.9,False
BAT-2W-100349,2W_2.1kWh,Cellora,CE-2505,2025-04-06,2025-05-06,2.1,31984,99.2,BMS-4.1,,,79.7,False
BAT-2W-100350,2W_2.1kWh,Cellora,CE-2404,2024-04-08,2024-04-22,2.1,32929,99.0,BMS-4.2,,,80.0,False
BAT-2W-100351,2W_2.1kWh,Cellora,CE-2401,2023-12-19,2024-01-30,2.1,32065,100.0,BMS-4.1,,,80.1,False
BAT-2W-100352,2W_2.1kWh,Cellora,CE-2406,2024-05-07,2024-06-25,2.1,32259,99.0,BMS-4.0,,,80.9,False
BAT-3W-100353,3W_4.8kWh,Kyron,KY-2414,2025-01-02,2025-02-11,4.8,65197,99.1,BMS-4.2,,,86.1,False
BAT-2W-100354,2W_2.1kWh,Amptek,AM-2503,2025-01-25,2025-03-13,2.1,30739,99.8,BMS-4.1,,,81.0,False
BAT-2W-100355,2W_2.1kWh,Kyron,KY-2409,2024-10-11,2024-11-19,2.1,30977,99.2,BMS-4.0,2025-06-15,end_of_life,62.0,False
BAT-2W-100356,2W_2.1kWh,Amptek,AM-2404,2024-02-17,2024-04-07,2.1,33335,100.0,BMS-4.0,,,80.5,False
BAT-2W-100357,2W_2.1kWh,Amptek,AM-2503,2025-01-27,2025-03-23,2.1,31370,98.8,BMS-4.2,,,79.8,False
BAT-2W-100358,2W_2.1kWh,Kyron,KY-2407,2024-11-05,2024-11-21,2.1,31929,99.3,BMS-4.2,2025-06-15,end_of_life,61.6,False
BAT-2W-100359,2W_2.1kWh,Cellora,CE-2308,2023-08-05,2023-08-21,2.1,30220,98.4,BMS-4.2,,,80.1,False
BAT-2W-100360,2W_2.1kWh,Cellora,CE-2312,2023-11-16,2023-12-04,2.1,31804,98.7,BMS-4.0,,,80.4,False
BAT-2W-100361,2W_2.1kWh,Kyron,KY-2407,2024-08-04,2024-09-22,2.1,31343,99.2,BMS-4.1,2025-06-15,end_of_life,61.6,False
BAT-2W-100362,2W_2.1kWh,Cellora,CE-2305,2023-03-13,2023-05-07,2.1,33238,98.5,BMS-4.1,,,78.8,False
BAT-2W-100363,2W_2.1kWh,Cellora,CE-2305,2023-03-17,2023-05-02,2.1,31238,99.7,BMS-4.2,,,81.7,False
BAT-2W-100364,2W_2.1kWh,Kyron,KY-2409,2024-09-26,2024-10-09,2.1,33920,99.3,BMS-4.1,2025-06-15,end_of_life,61.3,False
BAT-2W-100365,2W_2.1kWh,Kyron,KY-2409,2024-10-30,2024-11-09,2.1,33687,98.4,BMS-4.2,2025-06-15,end_of_life,61.4,False
BAT-2W-100366,2W_2.1kWh,Kyron,KY-2409,2024-10-01,2024-10-21,2.1,33252,99.3,BMS-4.0,2025-06-15,end_of_life,56.6,False
BAT-2W-100367,2W_2.1kWh,Cellora,CE-2311,2023-11-11,2023-11-21,2.1,32394,98.8,BMS-4.1,,,79.9,False
BAT-2W-100368,2W_2.1kWh,Cellora,CE-2504,2025-03-06,2025-04-12,2.1,33001,99.5,BMS-4.2,,,80.9,False
BAT-2W-100369,2W_2.1kWh,Amptek,AM-2502,2025-01-01,2025-02-27,2.1,30523,99.3,BMS-4.2,,,78.7,False
BAT-2W-100370,2W_2.1kWh,Cellora,CE-2505,2025-03-15,2025-05-12,2.1,31949,99.1,BMS-4.1,,,80.3,False
BAT-2W-100371,2W_2.1kWh,Cellora,CE-2304,2023-03-29,2023-04-22,2.1,32723,98.3,BMS-4.2,,,79.9,False
BAT-2W-100372,2W_2.1kWh,Kyron,KY-2408,2024-09-30,2024-11-17,2.1,31692,99.3,BMS-4.1,2025-06-15,end_of_life,62.1,False
BAT-2W-100373,2W_2.1kWh,Amptek,AM-2411,2024-09-19,2024-11-05,2.1,31208,99.7,BMS-4.1,,,79.6,False
BAT-3W-100374,3W_4.8kWh,Kyron,KY-2417,2025-04-24,2025-05-26,4.8,67449,99.1,BMS-4.2,,,85.8,False
BAT-2W-100375,2W_2.1kWh,Cellora,CE-2306,2023-04-05,2023-06-03,2.1,30134,99.6,BMS-4.0,,,80.3,False
BAT-3W-100376,3W_4.8kWh,Cellora,CE-2503,2025-01-26,2025-03-25,4.8,68549,99.0,BMS-4.2,,,85.5,False
BAT-2W-100377,2W_2.1kWh,Cellora,CE-2504,2025-02-14,2025-04-07,2.1,31684,99.7,BMS-4.2,,,80.7,False
BAT-2W-100378,2W_2.1kWh,Cellora,CE-2304,2023-02-13,2023-04-02,2.1,32503,99.1,BMS-4.2,,,78.8,False
BAT-2W-100379,2W_2.1kWh,Cellora,CE-2505,2025-04-25,2025-05-18,2.1,31102,99.1,BMS-4.0,,,79.1,False
BAT-2W-100380,2W_2.1kWh,Kyron,KY-2407,2024-10-05,2024-11-02,2.1,32133,98.7,BMS-4.2,2025-06-15,end_of_life,59.5,False
BAT-2W-100381,2W_2.1kWh,Kyron,KY-2407,2024-10-28,2024-11-07,2.1,31272,99.0,BMS-4.1,2025-06-15,end_of_life,62.8,False
BAT-2W-100382,2W_2.1kWh,Amptek,AM-2406,2024-05-31,2024-06-17,2.1,33614,99.0,BMS-4.0,,,79.6,False
BAT-2W-100383,2W_2.1kWh,Cellora,CE-2403,2024-03-01,2024-03-30,2.1,32842,99.1,BMS-4.0,,,79.9,False
BAT-2W-100384,2W_2.1kWh,Kyron,KY-2408,2024-09-17,2024-10-08,2.1,31526,98.8,BMS-4.2,2025-06-15,end_of_life,58.6,False
BAT-2W-100385,2W_2.1kWh,Cellora,CE-2405,2024-04-27,2024-05-25,2.1,33427,99.6,BMS-4.2,,,80.6,False
BAT-2W-100386,2W_2.1kWh,Kyron,KY-2407,2024-09-14,2024-10-16,2.1,31833,99.9,BMS-4.2,2025-06-15,end_of_life,61.1,False
BAT-2W-100387,2W_2.1kWh,Cellora,CE-2402,2024-01-12,2024-02-01,2.1,30601,99.0,BMS-4.2,,,79.2,False
BAT-2W-100388,2W_2.1kWh,Amptek,AM-2501,2024-11-23,2025-01-03,2.1,31950,99.4,BMS-4.2,,,79.5,False
BAT-2W-100389,2W_2.1kWh,Kyron,KY-2407,2024-08-22,2024-09-27,2.1,32908,98.8,BMS-4.0,2025-06-15,end_of_life,58.5,False
BAT-2W-100390,2W_2.1kWh,Cellora,CE-2304,2023-02-24,2023-04-06,2.1,32324,99.0,BMS-4.2,,,77.6,False
BAT-2W-100391,2W_2.1kWh,Kyron,KY-2408,2024-10-28,2024-11-07,2.1,31040,99.4,BMS-4.1,2025-06-15,end_of_life,57.5,False
BAT-2W-100392,2W_2.1kWh,Kyron,KY-2408,2024-09-13,2024-10-19,2.1,32224,99.5,BMS-4.1,2025-06-15,end_of_life,58.8,False
BAT-2W-100393,2W_2.1kWh,Kyron,KY-2407,2024-11-04,2024-11-23,2.1,30548,99.0,BMS-4.0,2025-06-15,end_of_life,58.8,False
BAT-2W-100394,2W_2.1kWh,Cellora,CE-2312,2023-11-17,2023-12-11,2.1,29895,99.4,BMS-4.0,,,80.0,False
BAT-3W-100395,3W_4.8kWh,Kyron,KY-2409,2024-07-30,2024-09-16,4.8,67963,99.1,BMS-4.0,2025-06-15,end_of_life,68.6,False
BAT-2W-100396,2W_2.1kWh,Kyron,KY-2407,2024-09-04,2024-09-15,2.1,31163,99.2,BMS-4.0,2025-06-15,end_of_life,61.7,False
BAT-2W-100397,2W_2.1kWh,Cellora,CE-2407,2024-05-09,2024-07-04,2.1,32018,99.1,BMS-4.1,,,82.1,False
BAT-2W-100398,2W_2.1kWh,Kyron,KY-2409,2024-08-15,2024-09-16,2.1,32071,99.7,BMS-4.2,2025-06-15,end_of_life,60.7,False
BAT-2W-100399,2W_2.1kWh,Cellora,CE-2407,2024-05-12,2024-07-08,2.1,33144,98.6,BMS-4.2,,,78.9,False
BAT-2W-100400,2W_2.1kWh,Cellora,CE-2406,2024-05-01,2024-06-13,2.1,31228,98.6,BMS-4.1,,,80.1,False
BAT-2W-100401,2W_2.1kWh,Cellora,CE-2404,2024-04-08,2024-04-20,2.1,32509,99.2,BMS-4.2,,,80.1,False
BAT-3W-100402,3W_4.8kWh,Cellora,CE-2308,2023-06-29,2023-08-08,4.8,67911,99.1,BMS-4.0,,,85.3,False
BAT-2W-100403,2W_2.1kWh,Cellora,CE-2402,2024-01-18,2024-02-19,2.1,32415,99.5,BMS-4.1,,,80.1,False
BAT-2W-100404,2W_2.1kWh,Cellora,CE-2306,2023-05-22,2023-06-03,2.1,32744,99.0,BMS-4.0,,,80.4,False
BAT-3W-100405,3W_4.8kWh,Amptek,AM-2503,2025-02-10,2025-03-24,4.8,65295,99.0,BMS-4.1,,,87.1,False
BAT-2W-100406,2W_2.1kWh,Kyron,KY-2407,2024-09-04,2024-09-20,2.1,32344,99.3,BMS-4.2,2025-06-15,end_of_life,59.6,False
BAT-2W-100407,2W_2.1kWh,Kyron,KY-2408,2024-10-01,2024-11-06,2.1,32900,100.0,BMS-4.0,2025-06-15,end_of_life,61.2,False
BAT-2W-100408,2W_2.1kWh,Cellora,CE-2502,2025-01-09,2025-02-10,2.1,30915,98.4,BMS-4.1,,,78.5,False
BAT-2W-100409,2W_2.1kWh,Kyron,KY-2409,2024-11-10,2024-11-20,2.1,29577,99.3,BMS-4.0,2025-06-15,end_of_life,62.1,False
BAT-2W-100410,2W_2.1kWh,Cellora,CE-2504,2025-02-28,2025-04-18,2.1,30967,99.1,BMS-4.1,,,79.1,False
BAT-2W-100411,2W_2.1kWh,Cellora,CE-2310,2023-09-24,2023-10-11,2.1,33832,98.7,BMS-4.1,,,79.9,False
BAT-2W-100412,2W_2.1kWh,Cellora,CE-2501,2025-01-02,2025-01-19,2.1,29811,99.3,BMS-4.1,,,79.9,False
BAT-3W-100413,3W_4.8kWh,Cellora,CE-2309,2023-07-12,2023-09-07,4.8,66330,99.0,BMS-4.2,,,86.0,False
BAT-2W-100414,2W_2.1kWh,Cellora,CE-2311,2023-11-02,2023-11-12,2.1,32331,99.4,BMS-4.1,,,80.2,False
BAT-2W-100415,2W_2.1kWh,Amptek,AM-2409,2024-08-01,2024-09-21,2.1,32562,99.6,BMS-4.2,,,82.2,False
BAT-2W-100416,2W_2.1kWh,Cellora,CE-2406,2024-05-21,2024-06-10,2.1,31148,98.9,BMS-4.2,,,80.2,False
BAT-2W-100417,2W_2.1kWh,Amptek,AM-2410,2024-09-18,2024-10-05,2.1,32007,99.9,BMS-4.1,,,80.7,False
BAT-2W-100418,2W_2.1kWh,Cellora,CE-2411,2024-09-16,2024-11-12,2.1,31390,99.3,BMS-4.0,,,81.0,False
BAT-3W-100419,3W_4.8kWh,Kyron,KY-2408,2024-06-21,2024-08-13,4.8,71268,99.1,BMS-4.0,,,73.1,False
BAT-2W-100420,2W_2.1kWh,Kyron,KY-2409,2024-09-01,2024-09-16,2.1,31500,99.1,BMS-4.2,2025-06-15,end_of_life,61.3,False
BAT-2W-100421,2W_2.1kWh,Cellora,CE-2306,2023-05-11,2023-06-05,2.1,32992,99.5,BMS-4.0,,,80.3,False
BAT-2W-100422,2W_2.1kWh,Cellora,CE-2409,2024-08-27,2024-09-27,2.1,31180,99.5,BMS-4.1,,,80.1,False
BAT-3W-100423,3W_4.8kWh,Kyron,KY-2417,2025-05-18,2025-05-28,4.8,65827,99.1,BMS-4.0,,,86.9,False
BAT-2W-100424,2W_2.1kWh,Cellora,CE-2312,2023-11-23,2023-12-26,2.1,32438,99.4,BMS-4.0,,,79.3,False
BAT-2W-100425,2W_2.1kWh,Amptek,AM-2405,2024-04-30,2024-05-31,2.1,29826,99.1,BMS-4.1,,,79.4,False
BAT-2W-100426,2W_2.1kWh,Amptek,AM-2411,2024-09-10,2024-11-04,2.1,32366,99.9,BMS-4.0,,,80.8,False
BAT-2W-100427,2W_2.1kWh,Cellora,CE-2305,2023-04-30,2023-05-31,2.1,33355,98.6,BMS-4.1,,,80.5,False
BAT-2W-100428,2W_2.1kWh,Cellora,CE-2502,2024-12-07,2025-02-01,2.1,30648,98.9,BMS-4.1,,,79.4,False
BAT-2W-100429,2W_2.1kWh,Kyron,KY-2409,2024-10-01,2024-11-07,2.1,31100,99.5,BMS-4.2,2025-06-15,end_of_life,64.3,False
BAT-2W-100430,2W_2.1kWh,Amptek,AM-2501,2024-12-14,2025-01-28,2.1,31744,99.0,BMS-4.0,,,80.3,False
BAT-2W-100431,2W_2.1kWh,Cellora,CE-2407,2024-06-30,2024-07-27,2.1,30315,99.4,BMS-4.0,,,80.6,False
BAT-2W-100432,2W_2.1kWh,Kyron,KY-2408,2024-10-30,2024-11-20,2.1,32710,99.8,BMS-4.1,2025-06-15,end_of_life,62.9,False
BAT-2W-100433,2W_2.1kWh,Cellora,CE-2306,2023-05-27,2023-06-09,2.1,32564,99.1,BMS-4.0,,,79.4,False
BAT-2W-100434,2W_2.1kWh,Kyron,KY-2408,2024-09-11,2024-10-18,2.1,32410,99.6,BMS-4.2,2025-06-15,end_of_life,62.8,False
BAT-2W-100435,2W_2.1kWh,Cellora,CE-2311,2023-09-30,2023-11-10,2.1,31509,99.0,BMS-4.2,,,79.7,False
BAT-2W-100436,2W_2.1kWh,Kyron,KY-2407,2024-10-08,2024-11-10,2.1,30514,99.2,BMS-4.2,2025-06-15,end_of_life,59.8,False
BAT-2W-100437,2W_2.1kWh,Cellora,CE-2412,2024-11-01,2024-12-05,2.1,32895,99.2,BMS-4.2,,,80.1,False
BAT-2W-100438,2W_2.1kWh,Cellora,CE-2405,2024-04-03,2024-05-12,2.1,31650,98.8,BMS-4.1,,,80.7,False
BAT-2W-100439,2W_2.1kWh,Amptek,AM-2506,2025-05-10,2025-06-11,2.1,30548,99.1,BMS-4.1,,,77.6,False
BAT-2W-100440,2W_2.1kWh,Cellora,CE-2306,2023-05-24,2023-06-25,2.1,32234,98.8,BMS-4.0,,,79.7,False
BAT-2W-100441,2W_2.1kWh,Cellora,CE-2404,2024-04-04,2024-04-26,2.1,31997,99.0,BMS-4.2,,,78.9,False
BAT-2W-100442,2W_2.1kWh,Cellora,CE-2303,2023-01-20,2023-03-09,2.1,34017,98.6,BMS-4.1,,,77.9,False
BAT-2W-100443,2W_2.1kWh,Cellora,CE-2303,2023-01-29,2023-03-27,2.1,29335,99.0,BMS-4.0,,,79.0,False
BAT-2W-100444,2W_2.1kWh,Cellora,CE-2501,2024-11-24,2025-01-09,2.1,32804,98.7,BMS-4.0,,,80.9,False
BAT-2W-100445,2W_2.1kWh,Amptek,AM-2505,2025-05-13,2025-05-27,2.1,31382,99.1,BMS-4.2,,,78.8,False
BAT-2W-100446,2W_2.1kWh,Cellora,CE-2410,2024-09-20,2024-10-01,2.1,32752,99.2,BMS-4.2,,,79.6,False
BAT-2W-100447,2W_2.1kWh,Amptek,AM-2403,2024-02-01,2024-03-09,2.1,30753,98.9,BMS-4.2,,,79.4,False
BAT-2W-100448,2W_2.1kWh,Kyron,KY-2407,2024-10-16,2024-11-26,2.1,31855,100.0,BMS-4.2,2025-06-15,end_of_life,61.3,False
BAT-2W-100449,2W_2.1kWh,Kyron,KY-2409,2024-10-06,2024-10-26,2.1,30992,98.5,BMS-4.1,2025-06-15,end_of_life,61.6,False
BAT-2W-100450,2W_2.1kWh,Cellora,CE-2402,2023-12-24,2024-02-01,2.1,34205,99.3,BMS-4.0,,,80.2,False
BAT-2W-100451,2W_2.1kWh,Amptek,AM-2501,2025-01-08,2025-01-26,2.1,33007,99.2,BMS-4.1,,,79.4,False
BAT-2W-100452,2W_2.1kWh,Amptek,AM-2412,2024-11-15,2024-12-30,2.1,32223,99.2,BMS-4.0,,,79.9,False
BAT-3W-100453,3W_4.8kWh,Amptek,AM-2409,2024-09-10,2024-09-22,4.8,65759,98.8,BMS-4.0,,,85.6,False
BAT-2W-100454,2W_2.1kWh,Amptek,AM-2410,2024-09-14,2024-10-23,2.1,29539,99.6,BMS-4.1,,,79.6,False
BAT-3W-100455,3W_4.8kWh,Cellora,CE-2303,2023-02-12,2023-03-06,4.8,66721,99.2,BMS-4.2,,,85.6,False
BAT-3W-100456,3W_4.8kWh,Cellora,CE-2410,2024-10-04,2024-10-31,4.8,69309,99.2,BMS-4.1,,,86.2,False
BAT-2W-100457,2W_2.1kWh,Cellora,CE-2504,2025-03-31,2025-04-10,2.1,30407,99.2,BMS-4.1,,,79.3,False
BAT-2W-100458,2W_2.1kWh,Kyron,KY-2409,2024-08-17,2024-09-15,2.1,30991,99.2,BMS-4.1,2025-06-15,end_of_life,60.8,False
BAT-2W-100459,2W_2.1kWh,Cellora,CE-2309,2023-08-24,2023-09-17,2.1,31567,99.2,BMS-4.2,,,80.3,False
BAT-2W-100460,2W_2.1kWh,Cellora,CE-2305,2023-04-23,2023-05-26,2.1,32570,99.1,BMS-4.0,,,80.2,False
BAT-3W-100461,3W_4.8kWh,Cellora,CE-2411,2024-10-11,2024-11-26,4.8,66195,98.9,BMS-4.2,,,86.4,False
BAT-2W-100462,2W_2.1kWh,Cellora,CE-2504,2025-03-20,2025-04-08,2.1,30911,98.6,BMS-4.0,,,78.4,False
BAT-2W-100463,2W_2.1kWh,Cellora,CE-2304,2023-03-20,2023-04-23,2.1,31809,99.5,BMS-4.0,,,80.2,False
BAT-2W-100464,2W_2.1kWh,Kyron,KY-2408,2024-10-10,2024-10-21,2.1,31610,98.4,BMS-4.1,2025-06-15,end_of_life,59.5,False
BAT-2W-100465,2W_2.1kWh,Cellora,CE-2305,2023-04-15,2023-05-14,2.1,30755,99.9,BMS-4.1,,,79.4,False
BAT-2W-100466,2W_2.1kWh,Amptek,AM-2406,2024-06-01,2024-06-23,2.1,31498,99.1,BMS-4.1,,,80.0,False
BAT-2W-100467,2W_2.1kWh,Cellora,CE-2503,2025-02-28,2025-03-12,2.1,30325,99.5,BMS-4.0,,,78.8,False
BAT-2W-100468,2W_2.1kWh,Cellora,CE-2503,2025-02-11,2025-03-15,2.1,31292,99.4,BMS-4.1,,,79.9,False
BAT-3W-100469,3W_4.8kWh,Amptek,AM-2407,2024-06-25,2024-07-15,4.8,69393,99.8,BMS-4.2,,,86.4,False
BAT-2W-100470,2W_2.1kWh,Kyron,KY-2408,2024-08-17,2024-09-20,2.1,31049,99.8,BMS-4.2,2025-06-15,end_of_life,60.5,False
BAT-2W-100471,2W_2.1kWh,Cellora,CE-2401,2023-12-26,2024-01-09,2.1,32118,99.6,BMS-4.0,,,80.9,False
BAT-3W-100472,3W_4.8kWh,Amptek,AM-2412,2024-10-16,2024-12-05,4.8,66541,99.3,BMS-4.0,,,87.4,False
BAT-2W-100473,2W_2.1kWh,Cellora,CE-2408,2024-07-11,2024-08-21,2.1,33814,98.7,BMS-4.2,,,78.3,False
BAT-2W-100474,2W_2.1kWh,Cellora,CE-2410,2024-09-03,2024-10-16,2.1,33668,98.6,BMS-4.2,,,79.9,False
BAT-2W-100475,2W_2.1kWh,Kyron,KY-2408,2024-08-26,2024-09-17,2.1,30583,98.2,BMS-4.0,2025-06-15,end_of_life,60.0,False
BAT-2W-100476,2W_2.1kWh,Kyron,KY-2408,2024-08-12,2024-09-26,2.1,30867,99.9,BMS-4.1,2025-06-15,end_of_life,61.0,False
BAT-3W-100477,3W_4.8kWh,Cellora,CE-2409,2024-08-19,2024-09-28,4.8,66338,99.4,BMS-4.0,,,87.2,False
BAT-2W-100478,2W_2.1kWh,Cellora,CE-2402,2024-02-05,2024-02-25,2.1,34228,99.8,BMS-4.2,,,81.3,False
BAT-2W-100479,2W_2.1kWh,Kyron,KY-2407,2024-09-03,2024-10-09,2.1,33411,99.1,BMS-4.0,2025-06-15,end_of_life,56.9,False
BAT-2W-100480,2W_2.1kWh,Cellora,CE-2407,2024-06-16,2024-07-16,2.1,33121,99.1,BMS-4.1,,,80.5,False
BAT-2W-100481,2W_2.1kWh,Cellora,CE-2408,2024-07-09,2024-08-02,2.1,31678,98.6,BMS-4.0,,,78.0,False
BAT-2W-100482,2W_2.1kWh,Kyron,KY-2408,2024-08-21,2024-09-29,2.1,28628,98.8,BMS-4.2,2025-06-15,end_of_life,56.3,False
BAT-2W-100483,2W_2.1kWh,Cellora,CE-2312,2023-12-05,2023-12-19,2.1,30154,99.5,BMS-4.0,,,80.6,False
BAT-3W-100484,3W_4.8kWh,Kyron,KY-2410,2024-09-04,2024-10-20,4.8,68071,98.7,BMS-4.2,,,86.2,False
BAT-2W-100485,2W_2.1kWh,Amptek,AM-2403,2024-02-08,2024-03-18,2.1,30487,98.4,BMS-4.0,,,77.7,False
BAT-2W-100486,2W_2.1kWh,Amptek,AM-2505,2025-04-21,2025-05-04,2.1,33313,99.1,BMS-4.2,,,80.8,False
BAT-3W-100487,3W_4.8kWh,Kyron,KY-2415,2025-01-11,2025-03-07,4.8,67839,99.2,BMS-4.1,,,87.7,False
BAT-3W-100488,3W_4.8kWh,Kyron,KY-2418,2025-05-05,2025-06-11,4.8,69527,99.1,BMS-4.1,,,87.0,False
BAT-2W-100489,2W_2.1kWh,Amptek,AM-2412,2024-12-21,2024-12-31,2.1,31201,99.4,BMS-4.2,,,81.5,False
BAT-2W-100490,2W_2.1kWh,Cellora,CE-2303,2023-02-21,2023-03-04,2.1,32092,98.8,BMS-4.0,,,78.9,False
BAT-2W-100491,2W_2.1kWh,Cellora,CE-2410,2024-08-18,2024-10-11,2.1,30450,98.9,BMS-4.2,,,79.6,False
BAT-2W-100492,2W_2.1kWh,Cellora,CE-2306,2023-05-10,2023-06-10,2.1,31648,99.5,BMS-4.1,,,80.2,False
BAT-3W-100493,3W_4.8kWh,Amptek,AM-2409,2024-07-31,2024-09-17,4.8,66806,98.6,BMS-4.1,,,85.6,False
BAT-2W-100494,2W_2.1kWh,Kyron,KY-2409,2024-10-02,2024-11-01,2.1,30190,99.5,BMS-4.1,2025-06-15,end_of_life,60.0,False
BAT-2W-100495,2W_2.1kWh,Cellora,CE-2307,2023-06-23,2023-07-06,2.1,33247,99.5,BMS-4.1,,,82.1,False
BAT-2W-100496,2W_2.1kWh,Cellora,CE-2408,2024-08-06,2024-08-23,2.1,31251,99.2,BMS-4.0,,,79.9,False
BAT-2W-100497,2W_2.1kWh,Kyron,KY-2409,2024-08-22,2024-10-10,2.1,31918,98.7,BMS-4.1,2025-06-15,end_of_life,62.1,False
BAT-2W-100498,2W_2.1kWh,Cellora,CE-2503,2025-02-19,2025-03-18,2.1,31694,99.1,BMS-4.1,,,79.6,False
BAT-2W-100499,2W_2.1kWh,Cellora,CE-2505,2025-03-28,2025-05-21,2.1,33336,98.8,BMS-4.1,,,79.9,False
BAT-3W-100500,3W_4.8kWh,Cellora,CE-2311,2023-10-23,2023-11-19,4.8,66679,99.4,BMS-4.2,,,85.4,False
BAT-2W-100501,2W_2.1kWh,Cellora,CE-2312,2023-11-19,2023-12-07,2.1,32736,99.3,BMS-4.0,,,80.0,False
BAT-2W-100502,2W_2.1kWh,Cellora,CE-2306,2023-05-09,2023-06-08,2.1,32061,98.9,BMS-4.1,,,79.9,False
BAT-2W-100503,2W_2.1kWh,Kyron,KY-2409,2024-10-10,2024-11-10,2.1,32716,99.5,BMS-4.0,2025-06-15,end_of_life,61.4,False
BAT-3W-100504,3W_4.8kWh,Kyron,KY-2412,2024-10-29,2024-12-16,4.8,66483,99.8,BMS-4.1,,,86.2,False
BAT-2W-100505,2W_2.1kWh,Amptek,AM-2410,2024-08-31,2024-10-04,2.1,30341,99.3,BMS-4.2,,,81.3,False
BAT-2W-100506,2W_2.1kWh,Kyron,KY-2409,2024-08-19,2024-09-12,2.1,31677,100.0,BMS-4.0,2025-06-15,end_of_life,62.3,False
BAT-2W-100507,2W_2.1kWh,Cellora,CE-2308,2023-06-28,2023-08-12,2.1,31535,99.1,BMS-4.1,,,80.5,False
BAT-2W-100508,2W_2.1kWh,Cellora,CE-2402,2024-02-12,2024-02-27,2.1,30686,99.1,BMS-4.0,,,79.6,False
BAT-2W-100509,2W_2.1kWh,Kyron,KY-2407,2024-10-30,2024-11-18,2.1,32920,100.0,BMS-4.2,2025-06-15,end_of_life,58.7,False
BAT-2W-100510,2W_2.1kWh,Kyron,KY-2407,2024-09-11,2024-09-22,2.1,31920,100.0,BMS-4.1,2025-06-15,end_of_life,61.5,False
BAT-3W-100511,3W_4.8kWh,Kyron,KY-2417,2025-04-29,2025-05-14,4.8,69997,99.2,BMS-4.1,,,86.1,False
BAT-3W-100512,3W_4.8kWh,Kyron,KY-2415,2025-03-07,2025-03-20,4.8,70549,99.2,BMS-4.0,,,86.8,False
BAT-2W-100513,2W_2.1kWh,Kyron,KY-2409,2024-09-08,2024-10-27,2.1,33360,98.9,BMS-4.0,2025-06-15,end_of_life,59.5,False
BAT-2W-100514,2W_2.1kWh,Cellora,CE-2401,2024-01-13,2024-01-31,2.1,32520,100.0,BMS-4.2,,,81.6,False
BAT-2W-100515,2W_2.1kWh,Cellora,CE-2308,2023-07-09,2023-08-20,2.1,31415,99.2,BMS-4.0,,,79.8,False
BAT-2W-100516,2W_2.1kWh,Cellora,CE-2306,2023-05-06,2023-06-10,2.1,32077,98.8,BMS-4.1,,,78.4,False
BAT-2W-100517,2W_2.1kWh,Cellora,CE-2404,2024-02-13,2024-04-07,2.1,31570,98.6,BMS-4.0,,,79.8,False
BAT-2W-100518,2W_2.1kWh,Cellora,CE-2409,2024-08-16,2024-09-29,2.1,31354,99.2,BMS-4.0,,,79.5,False
BAT-3W-100519,3W_4.8kWh,Cellora,CE-2502,2025-01-26,2025-02-08,4.8,69404,98.7,BMS-4.0,,,86.0,False
BAT-2W-100520,2W_2.1kWh,Amptek,AM-2406,2024-05-26,2024-06-19,2.1,31767,99.5,BMS-4.1,,,78.5,False
BAT-2W-100521,2W_2.1kWh,Amptek,AM-2403,2024-02-16,2024-03-25,2.1,32420,99.2,BMS-4.2,,,80.3,False
BAT-2W-100522,2W_2.1kWh,Amptek,AM-2505,2025-03-24,2025-05-16,2.1,33102,99.1,BMS-4.0,,,79.4,False
BAT-2W-100523,2W_2.1kWh,Cellora,CE-2311,2023-11-10,2023-11-29,2.1,31448,99.3,BMS-4.2,,,80.6,False
BAT-2W-100524,2W_2.1kWh,Cellora,CE-2306,2023-05-21,2023-06-02,2.1,31038,99.6,BMS-4.1,,,79.5,False
BAT-2W-100525,2W_2.1kWh,Cellora,CE-2501,2024-11-21,2025-01-11,2.1,31888,98.9,BMS-4.1,,,79.2,False
BAT-2W-100526,2W_2.1kWh,Cellora,CE-2412,2024-10-15,2024-12-10,2.1,33565,98.9,BMS-4.0,,,79.7,False
BAT-2W-100527,2W_2.1kWh,Cellora,CE-2503,2025-02-25,2025-03-23,2.1,30021,98.9,BMS-4.1,,,79.7,False
BAT-2W-100528,2W_2.1kWh,Kyron,KY-2409,2024-09-05,2024-10-21,2.1,32000,99.3,BMS-4.1,2025-06-15,end_of_life,61.0,False
BAT-2W-100529,2W_2.1kWh,Kyron,KY-2409,2024-09-21,2024-10-20,2.1,32186,99.0,BMS-4.1,2025-06-15,end_of_life,59.5,False
BAT-2W-100530,2W_2.1kWh,Cellora,CE-2503,2025-02-14,2025-03-01,2.1,30766,99.6,BMS-4.0,,,80.8,False
BAT-2W-100531,2W_2.1kWh,Cellora,CE-2308,2023-07-10,2023-08-05,2.1,31858,99.4,BMS-4.2,,,80.0,False
BAT-2W-100532,2W_2.1kWh,Cellora,CE-2310,2023-09-23,2023-10-12,2.1,32815,99.1,BMS-4.0,,,79.8,False
BAT-2W-100533,2W_2.1kWh,Kyron,KY-2407,2024-10-30,2024-11-30,2.1,31253,99.7,BMS-4.2,2025-06-15,end_of_life,62.5,False
BAT-2W-100534,2W_2.1kWh,Cellora,CE-2405,2024-04-16,2024-05-25,2.1,32732,99.1,BMS-4.2,,,79.8,False
BAT-2W-100535,2W_2.1kWh,Cellora,CE-2408,2024-06-14,2024-08-12,2.1,29561,99.3,BMS-4.2,,,78.7,False
BAT-2W-100536,2W_2.1kWh,Cellora,CE-2504,2025-02-28,2025-04-26,2.1,33309,98.8,BMS-4.1,,,79.1,False
BAT-2W-100537,2W_2.1kWh,Kyron,KY-2409,2024-08-23,2024-09-19,2.1,31073,98.9,BMS-4.1,2025-06-15,end_of_life,60.7,False
BAT-2W-100538,2W_2.1kWh,Cellora,CE-2412,2024-11-13,2024-12-16,2.1,31185,99.5,BMS-4.1,,,79.0,False
BAT-2W-100539,2W_2.1kWh,Cellora,CE-2312,2023-10-27,2023-12-08,2.1,32771,99.7,BMS-4.2,,,80.9,False
BAT-3W-100540,3W_4.8kWh,Cellora,CE-2308,2023-06-24,2023-08-05,4.8,70639,98.7,BMS-4.2,,,86.5,False
BAT-2W-100541,2W_2.1kWh,Amptek,AM-2503,2025-01-12,2025-03-07,2.1,32836,99.2,BMS-4.0,,,79.5,False
BAT-2W-100542,2W_2.1kWh,Kyron,KY-2409,2024-09-11,2024-10-12,2.1,31036,99.5,BMS-4.2,2025-06-15,end_of_life,61.2,False
BAT-2W-100543,2W_2.1kWh,Cellora,CE-2304,2023-03-10,2023-04-15,2.1,34880,99.7,BMS-4.0,,,81.0,False
BAT-2W-100544,2W_2.1kWh,Cellora,CE-2312,2023-12-13,2023-12-29,2.1,34128,99.0,BMS-4.2,,,79.3,False
BAT-3W-100545,3W_4.8kWh,Cellora,CE-2407,2024-07-11,2024-07-21,4.8,69080,98.9,BMS-4.1,,,85.9,False
BAT-2W-100546,2W_2.1kWh,Cellora,CE-2304,2023-03-14,2023-04-09,2.1,31957,99.5,BMS-4.1,,,79.4,False
BAT-2W-100547,2W_2.1kWh,Cellora,CE-2303,2023-02-22,2023-03-07,2.1,31451,99.3,BMS-4.1,,,79.7,False
BAT-2W-100548,2W_2.1kWh,Cellora,CE-2406,2024-05-20,2024-06-24,2.1,31181,100.0,BMS-4.0,,,81.3,False
BAT-2W-100549,2W_2.1kWh,Cellora,CE-2304,2023-03-13,2023-04-17,2.1,33478,99.8,BMS-4.0,,,79.3,False
BAT-2W-100550,2W_2.1kWh,Kyron,KY-2409,2024-10-14,2024-11-02,2.1,31485,99.8,BMS-4.2,2025-06-15,end_of_life,61.2,False
BAT-2W-100551,2W_2.1kWh,Cellora,CE-2306,2023-05-09,2023-06-04,2.1,33669,99.7,BMS-4.1,,,80.5,False
BAT-3W-100552,3W_4.8kWh,Cellora,CE-2307,2023-06-05,2023-07-28,4.8,66894,99.7,BMS-4.2,,,87.2,False
BAT-2W-100553,2W_2.1kWh,Kyron,KY-2407,2024-10-20,2024-11-19,2.1,32285,98.7,BMS-4.2,2025-06-15,end_of_life,61.8,False
BAT-2W-100554,2W_2.1kWh,Amptek,AM-2403,2024-02-01,2024-03-03,2.1,33259,99.5,BMS-4.1,,,80.2,False
BAT-2W-100555,2W_2.1kWh,Kyron,KY-2408,2024-09-24,2024-10-29,2.1,32271,98.5,BMS-4.1,2025-06-15,end_of_life,62.6,False
BAT-2W-100556,2W_2.1kWh,Amptek,AM-2404,2024-03-08,2024-04-26,2.1,30753,99.0,BMS-4.2,,,81.0,False
BAT-2W-100557,2W_2.1kWh,Cellora,CE-2411,2024-09-30,2024-11-22,2.1,32231,99.0,BMS-4.0,,,80.2,False
BAT-2W-100558,2W_2.1kWh,Cellora,CE-2311,2023-11-04,2023-11-14,2.1,33223,99.1,BMS-4.2,,,80.1,False
BAT-2W-100559,2W_2.1kWh,Amptek,AM-2403,2024-01-21,2024-03-20,2.1,31617,99.5,BMS-4.1,,,80.7,False
BAT-2W-100560,2W_2.1kWh,Cellora,CE-2411,2024-09-28,2024-11-23,2.1,31088,99.5,BMS-4.1,,,80.8,False
BAT-2W-100561,2W_2.1kWh,Cellora,CE-2308,2023-06-19,2023-08-08,2.1,29881,99.4,BMS-4.1,,,80.7,False
BAT-2W-100562,2W_2.1kWh,Amptek,AM-2407,2024-06-07,2024-07-23,2.1,31813,98.9,BMS-4.2,,,79.6,False
BAT-2W-100563,2W_2.1kWh,Kyron,KY-2407,2024-09-20,2024-10-26,2.1,32747,99.5,BMS-4.1,2025-06-15,end_of_life,59.8,False
BAT-2W-100564,2W_2.1kWh,Cellora,CE-2404,2024-03-27,2024-04-19,2.1,32844,99.1,BMS-4.0,,,79.8,False
BAT-3W-100565,3W_4.8kWh,Amptek,AM-2412,2024-11-03,2024-12-09,4.8,69881,99.0,BMS-4.0,,,85.0,False
BAT-2W-100566,2W_2.1kWh,Amptek,AM-2504,2025-04-13,2025-04-30,2.1,31202,99.2,BMS-4.1,,,80.1,False
BAT-2W-100567,2W_2.1kWh,Amptek,AM-2407,2024-06-19,2024-07-24,2.1,32812,98.3,BMS-4.0,,,79.7,False
BAT-2W-100568,2W_2.1kWh,Amptek,AM-2501,2025-01-03,2025-01-15,2.1,32724,99.3,BMS-4.2,,,79.4,False
BAT-2W-100569,2W_2.1kWh,Kyron,KY-2408,2024-10-03,2024-10-14,2.1,31165,98.9,BMS-4.0,2025-06-15,end_of_life,56.7,False
BAT-2W-100570,2W_2.1kWh,Amptek,AM-2502,2024-12-27,2025-02-20,2.1,33872,99.0,BMS-4.0,,,79.8,False
BAT-2W-100571,2W_2.1kWh,Kyron,KY-2407,2024-10-16,2024-11-12,2.1,33603,98.8,BMS-4.1,2025-06-15,end_of_life,61.0,False
BAT-2W-100572,2W_2.1kWh,Kyron,KY-2407,2024-08-24,2024-09-13,2.1,31185,98.8,BMS-4.2,2025-06-15,end_of_life,60.4,False
BAT-2W-100573,2W_2.1kWh,Kyron,KY-2409,2024-09-20,2024-11-01,2.1,32543,99.0,BMS-4.2,2025-06-15,end_of_life,58.0,False
BAT-3W-100574,3W_4.8kWh,Cellora,CE-2411,2024-10-01,2024-11-24,4.8,71598,99.1,BMS-4.2,,,86.2,False
BAT-2W-100575,2W_2.1kWh,Cellora,CE-2308,2023-08-01,2023-08-25,2.1,32492,98.4,BMS-4.1,,,78.5,False
BAT-2W-100576,2W_2.1kWh,Kyron,KY-2408,2024-10-14,2024-11-15,2.1,31128,99.4,BMS-4.1,2025-06-15,end_of_life,60.7,False
BAT-2W-100577,2W_2.1kWh,Cellora,CE-2505,2025-04-23,2025-05-18,2.1,33728,98.8,BMS-4.1,,,79.2,False
BAT-2W-100578,2W_2.1kWh,Cellora,CE-2505,2025-04-10,2025-05-12,2.1,30856,99.1,BMS-4.2,,,79.9,False
BAT-2W-100579,2W_2.1kWh,Cellora,CE-2401,2023-11-30,2024-01-06,2.1,33598,99.5,BMS-4.1,,,81.2,False
BAT-2W-100580,2W_2.1kWh,Cellora,CE-2303,2023-02-12,2023-03-16,2.1,31883,99.5,BMS-4.0,,,80.7,False
BAT-2W-100581,2W_2.1kWh,Cellora,CE-2305,2023-04-17,2023-05-18,2.1,32655,99.1,BMS-4.0,,,80.1,False
BAT-2W-100582,2W_2.1kWh,Amptek,AM-2505,2025-03-26,2025-05-05,2.1,29851,99.5,BMS-4.0,,,81.5,False
BAT-3W-100583,3W_4.8kWh,Kyron,KY-2412,2024-11-10,2024-12-16,4.8,67961,99.5,BMS-4.2,,,87.1,False
BAT-2W-100584,2W_2.1kWh,Cellora,CE-2406,2024-05-12,2024-06-05,2.1,30962,98.4,BMS-4.1,,,79.5,False
BAT-2W-100585,2W_2.1kWh,Cellora,CE-2305,2023-03-16,2023-05-10,2.1,31222,99.3,BMS-4.1,,,79.3,False
BAT-2W-100586,2W_2.1kWh,Cellora,CE-2312,2023-11-13,2023-12-09,2.1,30748,99.2,BMS-4.1,,,79.7,False
BAT-2W-100587,2W_2.1kWh,Kyron,KY-2407,2024-09-26,2024-10-06,2.1,32412,99.2,BMS-4.2,2025-06-15,end_of_life,64.7,False
BAT-2W-100588,2W_2.1kWh,Kyron,KY-2407,2024-11-02,2024-11-14,2.1,35033,98.5,BMS-4.1,2025-06-15,end_of_life,60.3,False
BAT-2W-100589,2W_2.1kWh,Cellora,CE-2312,2023-11-22,2023-12-27,2.1,33388,99.3,BMS-4.1,,,79.3,False
BAT-2W-100590,2W_2.1kWh,Cellora,CE-2311,2023-10-18,2023-11-06,2.1,34616,99.1,BMS-4.1,,,79.6,False
BAT-2W-100591,2W_2.1kWh,Kyron,KY-2408,2024-09-29,2024-11-05,2.1,32855,99.0,BMS-4.2,2025-06-15,end_of_life,61.6,False
BAT-2W-100592,2W_2.1kWh,Kyron,KY-2409,2024-10-15,2024-11-08,2.1,31811,99.6,BMS-4.0,2025-06-15,end_of_life,62.1,False
BAT-2W-100593,2W_2.1kWh,Cellora,CE-2408,2024-06-30,2024-08-07,2.1,32448,99.6,BMS-4.2,,,80.6,False
BAT-2W-100594,2W_2.1kWh,Cellora,CE-2503,2025-01-21,2025-03-05,2.1,32370,99.2,BMS-4.1,,,80.0,False
BAT-2W-100595,2W_2.1kWh,Cellora,CE-2305,2023-05-09,2023-05-20,2.1,31731,99.7,BMS-4.1,,,80.5,False
BAT-2W-100596,2W_2.1kWh,Cellora,CE-2412,2024-11-25,2024-12-11,2.1,31712,98.5,BMS-4.0,,,79.3,False
BAT-2W-100597,2W_2.1kWh,Cellora,CE-2311,2023-10-12,2023-11-01,2.1,32194,99.3,BMS-4.0,,,79.7,False
BAT-2W-100598,2W_2.1kWh,Kyron,KY-2408,2024-09-04,2024-10-04,2.1,31076,99.2,BMS-4.2,2025-06-15,end_of_life,59.8,False
BAT-2W-100599,2W_2.1kWh,Cellora,CE-2309,2023-08-18,2023-09-29,2.1,31623,99.4,BMS-4.0,,,81.2,False
BAT-2W-100600,2W_2.1kWh,Kyron,KY-2409,2024-08-21,2024-10-04,2.1,32041,99.2,BMS-4.2,2025-06-15,end_of_life,60.2,False
BAT-2W-100601,2W_2.1kWh,Kyron,KY-2408,2024-11-04,2024-11-28,2.1,31781,99.2,BMS-4.0,2025-06-15,end_of_life,59.9,False
BAT-3W-100602,3W_4.8kWh,Amptek,AM-2405,2024-04-24,2024-05-28,4.8,64887,99.1,BMS-4.0,,,86.0,False
BAT-3W-100603,3W_4.8kWh,Amptek,AM-2407,2024-07-05,2024-07-23,4.8,69244,99.1,BMS-4.2,,,85.6,False
BAT-3W-100604,3W_4.8kWh,Cellora,CE-2406,2024-06-09,2024-06-22,4.8,66374,99.1,BMS-4.0,,,87.6,False
BAT-2W-100605,2W_2.1kWh,Cellora,CE-2305,2023-04-23,2023-05-25,2.1,34969,98.7,BMS-4.0,,,79.4,False
BAT-2W-100606,2W_2.1kWh,Cellora,CE-2411,2024-09-30,2024-11-03,2.1,30912,100.0,BMS-4.1,,,79.6,False
BAT-2W-100607,2W_2.1kWh,Cellora,CE-2406,2024-05-18,2024-06-08,2.1,29293,99.4,BMS-4.0,,,78.9,False
BAT-3W-100608,3W_4.8kWh,Cellora,CE-2503,2025-02-12,2025-03-20,4.8,65651,99.7,BMS-4.1,,,88.0,False
BAT-2W-100609,2W_2.1kWh,Kyron,KY-2409,2024-09-16,2024-11-01,2.1,31525,99.5,BMS-4.1,2025-06-15,end_of_life,62.0,False
BAT-2W-100610,2W_2.1kWh,Amptek,AM-2410,2024-09-04,2024-10-07,2.1,31452,98.5,BMS-4.0,,,78.4,False
BAT-2W-100611,2W_2.1kWh,Amptek,AM-2503,2025-01-15,2025-03-09,2.1,32397,98.8,BMS-4.0,,,81.0,False
BAT-2W-100612,2W_2.1kWh,Kyron,KY-2409,2024-09-09,2024-10-10,2.1,35117,99.0,BMS-4.0,2025-06-15,end_of_life,59.5,False
BAT-2W-100613,2W_2.1kWh,Kyron,KY-2407,2024-08-25,2024-09-13,2.1,31350,98.6,BMS-4.2,2025-06-15,end_of_life,61.8,False
BAT-2W-100614,2W_2.1kWh,Kyron,KY-2407,2024-07-30,2024-09-14,2.1,32664,99.0,BMS-4.2,2025-06-15,end_of_life,59.6,False
BAT-2W-100615,2W_2.1kWh,Amptek,AM-2503,2025-02-07,2025-03-31,2.1,29577,99.4,BMS-4.2,,,80.5,False
BAT-3W-100616,3W_4.8kWh,Kyron,KY-2412,2024-12-02,2024-12-25,4.8,68190,100.0,BMS-4.0,,,87.3,False
BAT-2W-100617,2W_2.1kWh,Cellora,CE-2309,2023-08-07,2023-09-02,2.1,32316,99.3,BMS-4.1,,,80.6,False
BAT-2W-100618,2W_2.1kWh,Cellora,CE-2501,2024-12-07,2025-01-15,2.1,30517,99.0,BMS-4.2,,,79.0,False
BAT-2W-100619,2W_2.1kWh,Amptek,AM-2409,2024-08-04,2024-09-20,2.1,32879,99.7,BMS-4.0,,,79.8,False
BAT-2W-100620,2W_2.1kWh,Amptek,AM-2406,2024-05-15,2024-06-22,2.1,30149,98.7,BMS-4.0,,,78.1,False
BAT-2W-100621,2W_2.1kWh,Cellora,CE-2310,2023-10-03,2023-10-19,2.1,31203,99.1,BMS-4.1,,,80.2,False
BAT-2W-100622,2W_2.1kWh,Cellora,CE-2305,2023-03-19,2023-05-11,2.1,33576,98.8,BMS-4.0,,,80.2,False
BAT-2W-100623,2W_2.1kWh,Amptek,AM-2404,2024-02-19,2024-04-16,2.1,32133,99.1,BMS-4.0,,,79.4,False
BAT-2W-100624,2W_2.1kWh,Cellora,CE-2405,2024-04-08,2024-05-22,2.1,33229,99.0,BMS-4.2,,,80.7,False
BAT-2W-100625,2W_2.1kWh,Cellora,CE-2308,2023-07-17,2023-08-20,2.1,30835,98.9,BMS-4.2,,,79.6,False
BAT-2W-100626,2W_2.1kWh,Cellora,CE-2401,2023-12-10,2024-01-08,2.1,32888,99.3,BMS-4.0,,,78.7,False
BAT-2W-100627,2W_2.1kWh,Cellora,CE-2403,2024-03-11,2024-03-25,2.1,31123,99.1,BMS-4.0,,,79.9,False
BAT-2W-100628,2W_2.1kWh,Kyron,KY-2409,2024-09-07,2024-10-02,2.1,33393,99.0,BMS-4.1,2025-06-15,end_of_life,61.2,False
BAT-2W-100629,2W_2.1kWh,Cellora,CE-2412,2024-11-16,2024-12-11,2.1,30857,99.1,BMS-4.1,,,79.2,False
BAT-3W-100630,3W_4.8kWh,Amptek,AM-2501,2024-11-30,2025-01-28,4.8,66082,99.1,BMS-4.2,,,86.6,False
BAT-2W-100631,2W_2.1kWh,Cellora,CE-2310,2023-09-26,2023-10-08,2.1,30558,98.8,BMS-4.0,,,80.0,False
BAT-2W-100632,2W_2.1kWh,Cellora,CE-2308,2023-06-15,2023-08-09,2.1,32002,99.8,BMS-4.0,,,79.7,False
BAT-2W-100633,2W_2.1kWh,Cellora,CE-2409,2024-09-10,2024-09-26,2.1,32527,99.7,BMS-4.2,,,81.4,False
BAT-3W-100634,3W_4.8kWh,Kyron,KY-2415,2025-01-28,2025-03-21,4.8,64150,99.8,BMS-4.0,,,88.5,False
BAT-2W-100635,2W_2.1kWh,Cellora,CE-2304,2023-03-29,2023-04-12,2.1,33548,100.0,BMS-4.2,,,80.7,False
BAT-2W-100636,2W_2.1kWh,Amptek,AM-2409,2024-08-23,2024-09-16,2.1,30599,99.0,BMS-4.0,,,79.9,False
BAT-2W-100637,2W_2.1kWh,Amptek,AM-2410,2024-09-27,2024-10-25,2.1,31773,99.4,BMS-4.2,,,80.6,False
BAT-2W-100638,2W_2.1kWh,Amptek,AM-2411,2024-10-17,2024-11-08,2.1,33297,98.7,BMS-4.1,,,78.4,False
BAT-2W-100639,2W_2.1kWh,Cellora,CE-2403,2024-02-04,2024-03-16,2.1,33905,99.5,BMS-4.0,,,80.6,False
BAT-2W-100640,2W_2.1kWh,Cellora,CE-2312,2023-11-05,2023-12-29,2.1,31034,99.3,BMS-4.2,,,80.0,False
BAT-2W-100641,2W_2.1kWh,Cellora,CE-2407,2024-05-26,2024-07-06,2.1,31825,99.2,BMS-4.0,,,80.4,False
BAT-2W-100642,2W_2.1kWh,Cellora,CE-2308,2023-07-25,2023-08-12,2.1,30204,98.8,BMS-4.0,,,80.3,False
BAT-2W-100643,2W_2.1kWh,Kyron,KY-2409,2024-08-28,2024-09-15,2.1,32944,100.0,BMS-4.1,2025-06-15,end_of_life,60.9,False
BAT-2W-100644,2W_2.1kWh,Amptek,AM-2412,2024-10-27,2024-12-01,2.1,34158,98.7,BMS-4.1,,,80.7,False
BAT-2W-100645,2W_2.1kWh,Amptek,AM-2502,2025-01-25,2025-02-18,2.1,32151,99.1,BMS-4.1,,,79.6,False
BAT-2W-100646,2W_2.1kWh,Kyron,KY-2408,2024-10-15,2024-11-26,2.1,31939,99.6,BMS-4.1,2025-06-15,end_of_life,59.0,False
BAT-2W-100647,2W_2.1kWh,Kyron,KY-2407,2024-11-03,2024-11-13,2.1,31939,99.3,BMS-4.2,2025-06-15,end_of_life,59.1,False
BAT-2W-100648,2W_2.1kWh,Amptek,AM-2503,2025-02-22,2025-03-10,2.1,32767,98.9,BMS-4.1,,,79.1,False
BAT-2W-100649,2W_2.1kWh,Cellora,CE-2312,2023-10-21,2023-12-19,2.1,32043,98.5,BMS-4.2,,,77.5,False
BAT-3W-100650,3W_4.8kWh,Cellora,CE-2501,2024-12-21,2025-01-16,4.8,69062,98.7,BMS-4.1,,,85.5,False
BAT-3W-100651,3W_4.8kWh,Cellora,CE-2404,2024-02-25,2024-04-10,4.8,70682,99.0,BMS-4.0,,,86.3,False
BAT-2W-100652,2W_2.1kWh,Kyron,KY-2408,2024-10-20,2024-11-04,2.1,33011,98.7,BMS-4.2,2025-06-15,end_of_life,60.1,False
BAT-2W-100653,2W_2.1kWh,Amptek,AM-2505,2025-04-09,2025-05-16,2.1,30713,99.4,BMS-4.0,,,79.6,False
BAT-2W-100654,2W_2.1kWh,Kyron,KY-2409,2024-10-06,2024-11-24,2.1,33352,98.7,BMS-4.1,2025-06-15,end_of_life,59.0,False
BAT-2W-100655,2W_2.1kWh,Cellora,CE-2504,2025-02-07,2025-04-04,2.1,31694,99.2,BMS-4.2,,,81.4,False
BAT-3W-100656,3W_4.8kWh,Amptek,AM-2504,2025-03-30,2025-04-12,4.8,68649,99.1,BMS-4.0,,,86.2,False
BAT-2W-100657,2W_2.1kWh,Kyron,KY-2407,2024-09-30,2024-10-15,2.1,31818,99.2,BMS-4.1,2025-06-15,end_of_life,59.1,False
BAT-2W-100658,2W_2.1kWh,Kyron,KY-2409,2024-09-26,2024-11-14,2.1,32237,99.3,BMS-4.2,2025-06-15,end_of_life,59.3,False
BAT-3W-100659,3W_4.8kWh,Cellora,CE-2401,2023-12-29,2024-01-10,4.8,67166,99.2,BMS-4.2,,,86.3,False
BAT-3W-100660,3W_4.8kWh,Cellora,CE-2411,2024-09-05,2024-11-02,4.8,68932,99.7,BMS-4.2,,,88.0,False
BAT-2W-100661,2W_2.1kWh,Cellora,CE-2404,2024-03-28,2024-04-17,2.1,33906,99.0,BMS-4.0,,,79.2,False
BAT-2W-100662,2W_2.1kWh,Cellora,CE-2401,2023-12-28,2024-01-20,2.1,31941,98.7,BMS-4.0,,,80.1,False
BAT-3W-100663,3W_4.8kWh,Cellora,CE-2403,2024-01-14,2024-03-02,4.8,69985,99.0,BMS-4.0,,,87.5,False
BAT-2W-100664,2W_2.1kWh,Amptek,AM-2502,2025-01-23,2025-02-07,2.1,30382,99.2,BMS-4.2,,,78.7,False
BAT-2W-100665,2W_2.1kWh,Kyron,KY-2407,2024-09-01,2024-09-25,2.1,31415,98.9,BMS-4.2,2025-06-15,end_of_life,62.1,False
BAT-2W-100666,2W_2.1kWh,Amptek,AM-2404,2024-02-28,2024-04-15,2.1,31301,99.0,BMS-4.2,,,80.9,False
BAT-2W-100667,2W_2.1kWh,Amptek,AM-2504,2025-02-19,2025-04-05,2.1,32826,98.8,BMS-4.2,,,78.0,False
BAT-2W-100668,2W_2.1kWh,Cellora,CE-2502,2025-01-24,2025-02-04,2.1,32692,99.9,BMS-4.2,,,81.6,False
BAT-2W-100669,2W_2.1kWh,Cellora,CE-2406,2024-05-08,2024-06-13,2.1,29352,100.0,BMS-4.2,,,82.2,False
BAT-2W-100670,2W_2.1kWh,Kyron,KY-2409,2024-10-03,2024-11-07,2.1,31816,99.1,BMS-4.2,2025-06-15,end_of_life,58.6,False
BAT-2W-100671,2W_2.1kWh,Cellora,CE-2305,2023-04-12,2023-05-18,2.1,30832,98.9,BMS-4.0,,,80.1,False
BAT-2W-100672,2W_2.1kWh,Kyron,KY-2408,2024-10-22,2024-11-01,2.1,31496,99.6,BMS-4.2,2025-06-15,end_of_life,61.7,False
BAT-2W-100673,2W_2.1kWh,Cellora,CE-2501,2024-12-10,2025-01-22,2.1,32191,98.7,BMS-4.0,,,79.9,False
BAT-2W-100674,2W_2.1kWh,Kyron,KY-2408,2024-10-13,2024-11-30,2.1,32386,98.9,BMS-4.1,2025-06-15,end_of_life,59.5,False
BAT-2W-100675,2W_2.1kWh,Cellora,CE-2308,2023-07-20,2023-08-10,2.1,33506,98.6,BMS-4.0,,,79.8,False
BAT-2W-100676,2W_2.1kWh,Amptek,AM-2412,2024-10-17,2024-12-11,2.1,31358,99.1,BMS-4.0,,,78.3,False
BAT-2W-100677,2W_2.1kWh,Cellora,CE-2309,2023-08-13,2023-09-01,2.1,32136,98.5,BMS-4.0,,,80.2,False
BAT-2W-100678,2W_2.1kWh,Cellora,CE-2401,2023-12-03,2024-01-27,2.1,31287,99.2,BMS-4.0,,,82.0,False
BAT-2W-100679,2W_2.1kWh,Cellora,CE-2412,2024-10-06,2024-12-01,2.1,33016,99.0,BMS-4.1,,,78.8,False
BAT-2W-100680,2W_2.1kWh,Kyron,KY-2409,2024-10-31,2024-11-19,2.1,31762,98.8,BMS-4.2,2025-06-15,end_of_life,61.5,False
BAT-2W-100681,2W_2.1kWh,Amptek,AM-2406,2024-05-05,2024-06-11,2.1,30084,99.6,BMS-4.2,,,80.0,False
BAT-3W-100682,3W_4.8kWh,Cellora,CE-2306,2023-06-18,2023-06-28,4.8,66062,99.2,BMS-4.0,,,87.2,False
BAT-2W-100683,2W_2.1kWh,Cellora,CE-2505,2025-04-04,2025-05-10,2.1,33465,99.4,BMS-4.1,,,80.0,False
BAT-2W-100684,2W_2.1kWh,Cellora,CE-2505,2025-04-02,2025-05-13,2.1,33002,100.0,BMS-4.1,,,81.0,False
BAT-2W-100685,2W_2.1kWh,Kyron,KY-2407,2024-08-17,2024-09-15,2.1,32639,99.4,BMS-4.0,2025-06-15,end_of_life,59.4,False
BAT-2W-100686,2W_2.1kWh,Cellora,CE-2309,2023-08-27,2023-09-21,2.1,32625,99.2,BMS-4.0,,,78.6,False
BAT-2W-100687,2W_2.1kWh,Kyron,KY-2408,2024-10-02,2024-10-24,2.1,30883,99.5,BMS-4.1,2025-06-15,end_of_life,61.5,False
BAT-2W-100688,2W_2.1kWh,Amptek,AM-2403,2024-02-02,2024-03-30,2.1,32261,98.5,BMS-4.1,,,78.9,False
BAT-2W-100689,2W_2.1kWh,Amptek,AM-2505,2025-04-23,2025-05-23,2.1,32024,99.0,BMS-4.1,,,79.9,False
BAT-2W-100690,2W_2.1kWh,Cellora,CE-2501,2024-11-20,2025-01-17,2.1,33034,99.7,BMS-4.2,,,80.4,False
BAT-3W-100691,3W_4.8kWh,Cellora,CE-2403,2024-02-19,2024-03-21,4.8,62743,99.2,BMS-4.0,,,86.0,False
BAT-2W-100692,2W_2.1kWh,Kyron,KY-2408,2024-08-20,2024-09-26,2.1,32679,98.7,BMS-4.0,2025-06-15,end_of_life,59.3,False
BAT-2W-100693,2W_2.1kWh,Cellora,CE-2307,2023-06-18,2023-07-10,2.1,31237,98.9,BMS-4.0,,,79.4,False
BAT-2W-100694,2W_2.1kWh,Cellora,CE-2310,2023-09-03,2023-10-01,2.1,32414,99.4,BMS-4.0,,,79.9,False
BAT-2W-100695,2W_2.1kWh,Cellora,CE-2409,2024-07-20,2024-09-05,2.1,31757,99.8,BMS-4.0,,,80.3,False
BAT-2W-100696,2W_2.1kWh,Cellora,CE-2502,2025-01-30,2025-02-24,2.1,31122,99.0,BMS-4.2,,,79.7,False
BAT-2W-100697,2W_2.1kWh,Cellora,CE-2307,2023-06-03,2023-07-19,2.1,32277,98.7,BMS-4.0,,,79.4,False
BAT-2W-100698,2W_2.1kWh,Cellora,CE-2402,2024-01-29,2024-02-19,2.1,31224,99.5,BMS-4.0,,,79.4,False
BAT-2W-100699,2W_2.1kWh,Kyron,KY-2409,2024-09-16,2024-09-28,2.1,32159,99.5,BMS-4.0,2025-06-15,end_of_life,63.3,False
BAT-3W-100700,3W_4.8kWh,Cellora,CE-2502,2025-01-17,2025-02-26,4.8,71409,99.2,BMS-4.2,,,86.8,False
BAT-2W-100701,2W_2.1kWh,Cellora,CE-2402,2024-02-10,2024-02-28,2.1,31697,99.4,BMS-4.0,,,81.3,False
BAT-3W-100702,3W_4.8kWh,Amptek,AM-2404,2024-02-20,2024-04-13,4.8,69868,99.4,BMS-4.1,,,86.4,False
BAT-3W-100703,3W_4.8kWh,Cellora,CE-2304,2023-03-13,2023-04-11,4.8,63209,99.6,BMS-4.0,,,86.2,False
BAT-2W-100704,2W_2.1kWh,Cellora,CE-2303,2023-02-21,2023-03-20,2.1,31752,99.4,BMS-4.0,,,80.9,False
BAT-2W-100705,2W_2.1kWh,Cellora,CE-2405,2024-03-28,2024-05-04,2.1,30457,98.8,BMS-4.0,,,77.8,False
BAT-2W-100706,2W_2.1kWh,Kyron,KY-2407,2024-08-25,2024-09-13,2.1,32276,98.7,BMS-4.0,2025-06-15,end_of_life,57.6,False
BAT-2W-100707,2W_2.1kWh,Kyron,KY-2409,2024-09-20,2024-10-18,2.1,33708,99.4,BMS-4.2,2025-06-15,end_of_life,61.4,False
BAT-2W-100708,2W_2.1kWh,Kyron,KY-2408,2024-09-11,2024-10-29,2.1,31460,99.1,BMS-4.1,2025-06-15,end_of_life,57.3,False
BAT-2W-100709,2W_2.1kWh,Cellora,CE-2501,2024-11-06,2025-01-01,2.1,32699,98.8,BMS-4.2,,,78.7,False
BAT-2W-100710,2W_2.1kWh,Amptek,AM-2409,2024-08-02,2024-09-10,2.1,30643,99.3,BMS-4.0,,,79.3,False
BAT-2W-100711,2W_2.1kWh,Cellora,CE-2503,2025-01-31,2025-03-15,2.1,31044,100.0,BMS-4.0,,,81.0,False
BAT-2W-100712,2W_2.1kWh,Amptek,AM-2411,2024-09-29,2024-11-18,2.1,32310,99.6,BMS-4.2,,,79.8,False
BAT-3W-100713,3W_4.8kWh,Cellora,CE-2306,2023-05-14,2023-06-14,4.8,70070,99.4,BMS-4.1,,,86.3,False
BAT-2W-100714,2W_2.1kWh,Cellora,CE-2505,2025-04-29,2025-05-19,2.1,32065,99.8,BMS-4.0,,,80.6,False
BAT-2W-100715,2W_2.1kWh,Cellora,CE-2307,2023-07-01,2023-07-23,2.1,30069,99.3,BMS-4.0,,,80.8,False
BAT-2W-100716,2W_2.1kWh,Amptek,AM-2407,2024-06-03,2024-07-19,2.1,30188,99.3,BMS-4.0,,,80.6,False
BAT-2W-100717,2W_2.1kWh,Cellora,CE-2406,2024-05-12,2024-06-29,2.1,33686,99.3,BMS-4.2,,,79.2,False
BAT-2W-100718,2W_2.1kWh,Kyron,KY-2407,2024-08-11,2024-09-26,2.1,30840,99.6,BMS-4.0,2025-06-15,end_of_life,61.9,False
BAT-2W-100719,2W_2.1kWh,Kyron,KY-2408,2024-10-21,2024-11-17,2.1,33416,99.0,BMS-4.0,2025-06-15,end_of_life,60.3,False
BAT-2W-100720,2W_2.1kWh,Cellora,CE-2501,2024-12-16,2025-01-01,2.1,32070,99.2,BMS-4.1,,,80.9,False
BAT-2W-100721,2W_2.1kWh,Cellora,CE-2403,2024-02-06,2024-03-05,2.1,31321,99.1,BMS-4.0,,,79.9,False
BAT-2W-100722,2W_2.1kWh,Cellora,CE-2405,2024-04-23,2024-05-22,2.1,32880,98.6,BMS-4.1,,,77.6,False
BAT-2W-100723,2W_2.1kWh,Cellora,CE-2409,2024-08-01,2024-09-11,2.1,33536,99.5,BMS-4.1,,,80.0,False
BAT-2W-100724,2W_2.1kWh,Cellora,CE-2406,2024-04-04,2024-06-01,2.1,32416,99.6,BMS-4.1,,,79.9,False
BAT-2W-100725,2W_2.1kWh,Cellora,CE-2406,2024-04-17,2024-06-10,2.1,32431,99.1,BMS-4.0,,,79.6,False
BAT-2W-100726,2W_2.1kWh,Amptek,AM-2403,2024-01-11,2024-03-09,2.1,33240,99.7,BMS-4.2,,,81.6,False
BAT-3W-100727,3W_4.8kWh,Kyron,KY-2415,2025-03-11,2025-03-24,4.8,64411,99.2,BMS-4.0,,,86.9,False
BAT-2W-100728,2W_2.1kWh,Amptek,AM-2506,2025-04-29,2025-06-06,2.1,31630,98.8,BMS-4.2,,,79.1,False
BAT-2W-100729,2W_2.1kWh,Cellora,CE-2305,2023-04-17,2023-05-07,2.1,29676,99.5,BMS-4.2,,,79.0,False
BAT-2W-100730,2W_2.1kWh,Cellora,CE-2309,2023-07-21,2023-09-17,2.1,31225,98.6,BMS-4.2,,,79.2,False
BAT-2W-100731,2W_2.1kWh,Kyron,KY-2409,2024-09-10,2024-10-18,2.1,31183,99.2,BMS-4.0,2025-06-15,end_of_life,61.1,False
BAT-2W-100732,2W_2.1kWh,Cellora,CE-2410,2024-08-11,2024-10-03,2.1,32457,99.0,BMS-4.1,,,79.5,False
BAT-2W-100733,2W_2.1kWh,Cellora,CE-2404,2024-02-28,2024-04-11,2.1,30794,99.3,BMS-4.2,,,80.5,False
BAT-2W-100734,2W_2.1kWh,Cellora,CE-2401,2023-11-16,2024-01-01,2.1,32959,99.1,BMS-4.0,,,79.0,False
BAT-2W-100735,2W_2.1kWh,Cellora,CE-2409,2024-07-14,2024-09-03,2.1,30618,99.6,BMS-4.0,,,80.6,False
BAT-2W-100736,2W_2.1kWh,Cellora,CE-2503,2025-02-02,2025-03-05,2.1,30992,99.9,BMS-4.2,,,81.4,False
BAT-3W-100737,3W_4.8kWh,Kyron,KY-2416,2025-02-18,2025-04-11,4.8,65862,99.2,BMS-4.1,,,87.5,False
BAT-2W-100738,2W_2.1kWh,Amptek,AM-2403,2024-02-02,2024-03-08,2.1,32040,99.1,BMS-4.2,,,79.5,False
BAT-2W-100739,2W_2.1kWh,Cellora,CE-2307,2023-06-05,2023-07-26,2.1,33218,100.0,BMS-4.2,,,79.1,False
BAT-2W-100740,2W_2.1kWh,Cellora,CE-2503,2025-01-20,2025-03-11,2.1,30411,98.5,BMS-4.1,,,79.0,False
BAT-3W-100741,3W_4.8kWh,Kyron,KY-2417,2025-04-17,2025-05-15,4.8,65780,99.1,BMS-4.1,,,86.8,False
BAT-2W-100742,2W_2.1kWh,Kyron,KY-2407,2024-10-25,2024-11-16,2.1,32051,99.1,BMS-4.2,2025-06-15,end_of_life,60.9,False
BAT-2W-100743,2W_2.1kWh,Amptek,AM-2503,2025-03-09,2025-03-22,2.1,32515,98.5,BMS-4.2,,,78.2,False
BAT-2W-100744,2W_2.1kWh,Amptek,AM-2407,2024-06-26,2024-07-28,2.1,33564,99.9,BMS-4.2,,,80.0,False
BAT-3W-100745,3W_4.8kWh,Cellora,CE-2303,2023-02-09,2023-03-03,4.8,68067,99.6,BMS-4.0,,,87.0,False
BAT-2W-100746,2W_2.1kWh,Cellora,CE-2309,2023-08-27,2023-09-21,2.1,32136,99.1,BMS-4.1,,,80.0,False
BAT-2W-100747,2W_2.1kWh,Amptek,AM-2501,2024-11-29,2025-01-03,2.1,32812,99.8,BMS-4.1,,,80.0,False
BAT-2W-100748,2W_2.1kWh,Cellora,CE-2410,2024-09-13,2024-10-29,2.1,30977,99.2,BMS-4.1,,,80.1,False
BAT-2W-100749,2W_2.1kWh,Cellora,CE-2311,2023-09-25,2023-11-06,2.1,31091,99.6,BMS-4.2,,,80.6,False
BAT-2W-100750,2W_2.1kWh,Cellora,CE-2503,2025-03-04,2025-03-20,2.1,31666,98.6,BMS-4.1,,,78.1,False
BAT-2W-100751,2W_2.1kWh,Amptek,AM-2503,2025-02-18,2025-03-14,2.1,32819,99.2,BMS-4.2,,,80.3,False
BAT-2W-100752,2W_2.1kWh,Amptek,AM-2405,2024-03-06,2024-05-03,2.1,32864,99.1,BMS-4.0,,,79.4,False
BAT-3W-100753,3W_4.8kWh,Cellora,CE-2412,2024-10-20,2024-12-11,4.8,66252,99.2,BMS-4.1,,,87.1,False
BAT-2W-100754,2W_2.1kWh,Cellora,CE-2404,2024-03-17,2024-04-09,2.1,32395,98.9,BMS-4.0,,,78.7,False
BAT-2W-100755,2W_2.1kWh,Amptek,AM-2410,2024-10-11,2024-10-25,2.1,31228,100.0,BMS-4.2,,,80.0,False
BAT-2W-100756,2W_2.1kWh,Cellora,CE-2404,2024-03-02,2024-04-29,2.1,33403,98.8,BMS-4.2,,,79.2,False
BAT-2W-100757,2W_2.1kWh,Amptek,AM-2411,2024-09-24,2024-11-11,2.1,30299,99.6,BMS-4.1,,,79.9,False
BAT-2W-100758,2W_2.1kWh,Cellora,CE-2406,2024-04-29,2024-06-23,2.1,30974,99.2,BMS-4.2,,,78.5,False
BAT-3W-100759,3W_4.8kWh,Cellora,CE-2309,2023-09-02,2023-09-22,4.8,70073,99.3,BMS-4.0,,,87.0,False
BAT-2W-100760,2W_2.1kWh,Cellora,CE-2503,2025-03-14,2025-03-25,2.1,33615,99.1,BMS-4.1,,,79.9,False
BAT-2W-100761,2W_2.1kWh,Cellora,CE-2411,2024-10-14,2024-11-12,2.1,30980,98.9,BMS-4.0,,,81.2,False
BAT-2W-100762,2W_2.1kWh,Amptek,AM-2412,2024-11-28,2024-12-21,2.1,32896,99.1,BMS-4.2,,,78.9,False
BAT-2W-100763,2W_2.1kWh,Kyron,KY-2407,2024-08-13,2024-09-19,2.1,33724,98.7,BMS-4.2,2025-06-15,end_of_life,62.1,False
BAT-2W-100764,2W_2.1kWh,Cellora,CE-2412,2024-11-24,2024-12-27,2.1,30365,99.3,BMS-4.0,,,78.9,False
BAT-2W-100765,2W_2.1kWh,Kyron,KY-2407,2024-09-01,2024-09-12,2.1,35309,99.3,BMS-4.1,2025-06-15,end_of_life,57.8,False
BAT-3W-100766,3W_4.8kWh,Cellora,CE-2404,2024-03-05,2024-04-03,4.8,65213,99.9,BMS-4.0,,,86.5,False
BAT-2W-100767,2W_2.1kWh,Kyron,KY-2409,2024-10-07,2024-11-08,2.1,31040,99.5,BMS-4.2,2025-06-15,end_of_life,60.4,False
BAT-2W-100768,2W_2.1kWh,Cellora,CE-2405,2024-04-30,2024-05-23,2.1,29893,98.8,BMS-4.0,,,78.4,False
BAT-2W-100769,2W_2.1kWh,Cellora,CE-2409,2024-07-30,2024-09-24,2.1,32344,98.4,BMS-4.0,,,79.4,False
BAT-2W-100770,2W_2.1kWh,Kyron,KY-2408,2024-09-25,2024-10-08,2.1,31099,99.0,BMS-4.2,2025-06-15,end_of_life,60.2,False
BAT-2W-100771,2W_2.1kWh,Cellora,CE-2306,2023-05-23,2023-06-24,2.1,32810,99.3,BMS-4.2,,,80.9,False
BAT-2W-100772,2W_2.1kWh,Kyron,KY-2408,2024-09-26,2024-11-02,2.1,29999,99.8,BMS-4.2,2025-06-15,end_of_life,59.5,False
BAT-2W-100773,2W_2.1kWh,Cellora,CE-2403,2024-02-03,2024-03-10,2.1,31060,99.0,BMS-4.2,,,79.7,False
BAT-2W-100774,2W_2.1kWh,Cellora,CE-2401,2023-12-28,2024-01-18,2.1,33996,98.9,BMS-4.2,,,79.8,False
BAT-2W-100775,2W_2.1kWh,Amptek,AM-2503,2025-02-08,2025-03-18,2.1,30626,99.3,BMS-4.2,,,78.8,False
BAT-2W-100776,2W_2.1kWh,Cellora,CE-2411,2024-09-21,2024-11-02,2.1,32759,99.3,BMS-4.1,,,78.5,False
BAT-2W-100777,2W_2.1kWh,Cellora,CE-2404,2024-03-31,2024-04-24,2.1,31076,99.3,BMS-4.2,,,79.6,False
BAT-2W-100778,2W_2.1kWh,Kyron,KY-2409,2024-10-05,2024-11-23,2.1,32389,99.1,BMS-4.0,2025-06-15,end_of_life,60.1,False
BAT-2W-100779,2W_2.1kWh,Cellora,CE-2306,2023-05-06,2023-06-21,2.1,31550,98.6,BMS-4.1,,,78.4,False
BAT-2W-100780,2W_2.1kWh,Cellora,CE-2310,2023-08-14,2023-10-12,2.1,32936,99.0,BMS-4.0,,,81.5,False
BAT-2W-100781,2W_2.1kWh,Kyron,KY-2409,2024-10-01,2024-10-24,2.1,30908,99.5,BMS-4.1,2025-06-15,end_of_life,61.7,False
BAT-2W-100782,2W_2.1kWh,Kyron,KY-2409,2024-10-12,2024-10-26,2.1,31999,99.4,BMS-4.0,2025-06-15,end_of_life,63.1,False
BAT-2W-100783,2W_2.1kWh,Kyron,KY-2409,2024-08-09,2024-09-27,2.1,29537,98.8,BMS-4.1,2025-06-15,end_of_life,59.8,False
BAT-2W-100784,2W_2.1kWh,Cellora,CE-2312,2023-11-02,2023-12-18,2.1,32598,99.6,BMS-4.1,,,80.8,False
BAT-2W-100785,2W_2.1kWh,Cellora,CE-2401,2023-12-04,2024-01-09,2.1,32131,99.3,BMS-4.2,,,81.4,False
BAT-3W-100786,3W_4.8kWh,Cellora,CE-2412,2024-11-29,2024-12-28,4.8,67792,98.8,BMS-4.0,,,85.8,False
BAT-2W-100787,2W_2.1kWh,Cellora,CE-2404,2024-03-10,2024-04-27,2.1,33010,99.1,BMS-4.0,,,80.1,False
BAT-2W-100788,2W_2.1kWh,Amptek,AM-2407,2024-07-02,2024-07-23,2.1,31208,99.1,BMS-4.0,,,80.3,False
BAT-2W-100789,2W_2.1kWh,Cellora,CE-2312,2023-11-06,2023-12-30,2.1,31015,99.4,BMS-4.0,,,79.6,False
BAT-2W-100790,2W_2.1kWh,Cellora,CE-2410,2024-08-13,2024-10-05,2.1,33373,98.8,BMS-4.1,,,79.8,False
BAT-2W-100791,2W_2.1kWh,Cellora,CE-2309,2023-07-27,2023-09-10,2.1,32995,99.4,BMS-4.1,,,79.5,False
BAT-2W-100792,2W_2.1kWh,Cellora,CE-2401,2024-01-02,2024-01-29,2.1,32326,99.8,BMS-4.1,,,79.6,False
BAT-2W-100793,2W_2.1kWh,Kyron,KY-2409,2024-11-03,2024-11-16,2.1,29949,98.9,BMS-4.1,2025-06-15,end_of_life,58.2,False
BAT-2W-100794,2W_2.1kWh,Amptek,AM-2408,2024-08-03,2024-08-31,2.1,29984,99.8,BMS-4.1,,,81.6,False
BAT-2W-100795,2W_2.1kWh,Kyron,KY-2409,2024-08-21,2024-10-07,2.1,30641,98.9,BMS-4.0,2025-06-15,end_of_life,60.8,False
BAT-2W-100796,2W_2.1kWh,Cellora,CE-2308,2023-07-21,2023-08-24,2.1,33493,99.8,BMS-4.1,,,80.8,False
BAT-2W-100797,2W_2.1kWh,Cellora,CE-2404,2024-04-15,2024-04-27,2.1,31202,99.6,BMS-4.1,,,80.9,False
BAT-2W-100798,2W_2.1kWh,Kyron,KY-2409,2024-11-01,2024-11-16,2.1,30966,99.7,BMS-4.2,2025-06-15,end_of_life,57.9,False
BAT-2W-100799,2W_2.1kWh,Cellora,CE-2412,2024-12-10,2024-12-22,2.1,33499,99.6,BMS-4.1,,,79.7,False
BAT-2W-100800,2W_2.1kWh,Cellora,CE-2308,2023-06-15,2023-08-11,2.1,32239,99.1,BMS-4.0,,,80.5,False
BAT-2W-100801,2W_2.1kWh,Cellora,CE-2405,2024-05-05,2024-05-24,2.1,33403,98.6,BMS-4.1,,,78.9,False
BAT-2W-100802,2W_2.1kWh,Cellora,CE-2310,2023-08-19,2023-10-04,2.1,33064,99.3,BMS-4.1,,,78.8,False
BAT-2W-100803,2W_2.1kWh,Amptek,AM-2408,2024-07-25,2024-08-06,2.1,30974,99.0,BMS-4.1,,,80.2,False
BAT-2W-100804,2W_2.1kWh,Cellora,CE-2304,2023-02-16,2023-04-07,2.1,32004,98.9,BMS-4.0,,,79.6,False
BAT-2W-100805,2W_2.1kWh,Cellora,CE-2408,2024-07-19,2024-08-25,2.1,33697,99.6,BMS-4.0,,,79.9,False
BAT-2W-100806,2W_2.1kWh,Cellora,CE-2304,2023-02-23,2023-04-18,2.1,33082,99.0,BMS-4.0,,,79.1,False
BAT-2W-100807,2W_2.1kWh,Kyron,KY-2408,2024-07-29,2024-09-11,2.1,34348,99.7,BMS-4.1,2025-06-15,end_of_life,62.1,False
BAT-3W-100808,3W_4.8kWh,Cellora,CE-2310,2023-09-09,2023-10-23,4.8,67809,98.9,BMS-4.1,,,86.4,False
BAT-2W-100809,2W_2.1kWh,Cellora,CE-2410,2024-09-26,2024-10-19,2.1,30752,98.6,BMS-4.0,,,80.0,False
BAT-3W-100810,3W_4.8kWh,Cellora,CE-2402,2024-01-21,2024-02-13,4.8,68703,99.6,BMS-4.2,,,88.1,False
BAT-2W-100811,2W_2.1kWh,Cellora,CE-2505,2025-03-09,2025-05-01,2.1,31512,98.6,BMS-4.1,,,79.8,False
BAT-2W-100812,2W_2.1kWh,Kyron,KY-2407,2024-09-08,2024-10-04,2.1,32034,99.1,BMS-4.1,2025-06-15,end_of_life,59.0,False
BAT-2W-100813,2W_2.1kWh,Cellora,CE-2311,2023-09-26,2023-11-12,2.1,32510,99.7,BMS-4.1,,,80.6,False
BAT-2W-100814,2W_2.1kWh,Cellora,CE-2307,2023-06-28,2023-07-16,2.1,31606,98.1,BMS-4.0,,,78.7,False
BAT-2W-100815,2W_2.1kWh,Cellora,CE-2306,2023-04-25,2023-06-04,2.1,30733,99.3,BMS-4.0,,,80.6,False
BAT-2W-100816,2W_2.1kWh,Kyron,KY-2408,2024-09-24,2024-11-03,2.1,33314,99.2,BMS-4.0,2025-06-15,end_of_life,64.8,False
BAT-2W-100817,2W_2.1kWh,Amptek,AM-2403,2024-02-13,2024-03-05,2.1,32271,98.8,BMS-4.0,,,78.6,False
BAT-2W-100818,2W_2.1kWh,Cellora,CE-2503,2025-02-12,2025-03-03,2.1,32361,99.5,BMS-4.2,,,79.4,False
BAT-2W-100819,2W_2.1kWh,Cellora,CE-2306,2023-04-28,2023-06-10,2.1,31480,99.4,BMS-4.2,,,80.4,False
BAT-2W-100820,2W_2.1kWh,Kyron,KY-2409,2024-09-08,2024-10-20,2.1,31907,99.1,BMS-4.2,2025-06-15,end_of_life,63.4,False
BAT-2W-100821,2W_2.1kWh,Cellora,CE-2408,2024-07-04,2024-08-24,2.1,31067,99.5,BMS-4.1,,,81.3,False
BAT-2W-100822,2W_2.1kWh,Cellora,CE-2307,2023-06-28,2023-07-10,2.1,33165,99.7,BMS-4.2,,,80.1,False
BAT-3W-100823,3W_4.8kWh,Kyron,KY-2416,2025-03-01,2025-04-26,4.8,66568,100.0,BMS-4.2,,,87.0,False
BAT-2W-100824,2W_2.1kWh,Amptek,AM-2408,2024-06-10,2024-08-06,2.1,32664,99.2,BMS-4.0,,,80.2,False
BAT-2W-100825,2W_2.1kWh,Cellora,CE-2406,2024-05-13,2024-06-17,2.1,30801,99.0,BMS-4.0,,,80.8,False
BAT-2W-100826,2W_2.1kWh,Cellora,CE-2408,2024-07-08,2024-08-09,2.1,32148,99.0,BMS-4.0,,,80.5,False
BAT-2W-100827,2W_2.1kWh,Cellora,CE-2304,2023-02-16,2023-04-14,2.1,33410,99.4,BMS-4.2,,,79.2,False
BAT-2W-100828,2W_2.1kWh,Kyron,KY-2409,2024-09-25,2024-11-13,2.1,30742,99.4,BMS-4.2,2025-06-15,end_of_life,60.1,False
BAT-2W-100829,2W_2.1kWh,Cellora,CE-2404,2024-03-30,2024-04-14,2.1,31538,99.6,BMS-4.0,,,83.0,False
BAT-2W-100830,2W_2.1kWh,Cellora,CE-2401,2023-12-06,2024-01-17,2.1,32775,99.7,BMS-4.2,,,78.8,False
BAT-2W-100831,2W_2.1kWh,Amptek,AM-2501,2024-12-02,2025-01-19,2.1,33909,99.1,BMS-4.2,,,80.2,False
BAT-2W-100832,2W_2.1kWh,Kyron,KY-2408,2024-10-18,2024-11-09,2.1,29970,98.9,BMS-4.2,2025-06-15,end_of_life,61.3,False
BAT-3W-100833,3W_4.8kWh,Cellora,CE-2503,2025-02-11,2025-03-05,4.8,66957,99.0,BMS-4.2,,,86.5,False
BAT-3W-100834,3W_4.8kWh,Kyron,KY-2411,2024-09-16,2024-11-07,4.8,67850,99.6,BMS-4.2,,,85.6,False
BAT-2W-100835,2W_2.1kWh,Cellora,CE-2412,2024-11-07,2024-12-01,2.1,29558,99.0,BMS-4.2,,,79.8,False
BAT-2W-100836,2W_2.1kWh,Cellora,CE-2406,2024-04-13,2024-06-07,2.1,33189,98.8,BMS-4.1,,,79.5,False
BAT-3W-100837,3W_4.8kWh,Cellora,CE-2402,2024-01-22,2024-02-04,4.8,69274,99.9,BMS-4.2,,,87.9,False
BAT-2W-100838,2W_2.1kWh,Cellora,CE-2303,2023-02-12,2023-03-25,2.1,31997,98.9,BMS-4.0,,,80.1,False
BAT-3W-100839,3W_4.8kWh,Cellora,CE-2303,2023-02-07,2023-03-22,4.8,68850,99.3,BMS-4.2,,,86.6,False
BAT-2W-100840,2W_2.1kWh,Cellora,CE-2308,2023-07-09,2023-08-22,2.1,31271,99.1,BMS-4.2,,,80.7,False
BAT-2W-100841,2W_2.1kWh,Cellora,CE-2303,2023-02-14,2023-03-08,2.1,33218,99.3,BMS-4.0,,,80.1,False
BAT-2W-100842,2W_2.1kWh,Kyron,KY-2409,2024-10-17,2024-11-30,2.1,32465,98.7,BMS-4.2,2025-06-15,end_of_life,62.1,False
BAT-2W-100843,2W_2.1kWh,Amptek,AM-2411,2024-09-11,2024-11-04,2.1,33105,98.9,BMS-4.1,,,78.5,False
BAT-2W-100844,2W_2.1kWh,Cellora,CE-2505,2025-05-08,2025-05-26,2.1,32783,99.3,BMS-4.0,,,80.8,False
BAT-2W-100845,2W_2.1kWh,Kyron,KY-2408,2024-10-25,2024-11-19,2.1,32345,99.5,BMS-4.0,2025-06-15,end_of_life,64.2,False
BAT-2W-100846,2W_2.1kWh,Kyron,KY-2407,2024-11-02,2024-11-30,2.1,32182,99.0,BMS-4.0,2025-06-15,end_of_life,60.9,False
BAT-2W-100847,2W_2.1kWh,Cellora,CE-2503,2025-01-15,2025-03-05,2.1,29989,99.1,BMS-4.0,,,80.8,False
BAT-2W-100848,2W_2.1kWh,Amptek,AM-2404,2024-03-14,2024-04-28,2.1,31630,99.4,BMS-4.0,,,80.3,False
BAT-2W-100849,2W_2.1kWh,Kyron,KY-2408,2024-10-01,2024-11-13,2.1,32566,98.9,BMS-4.1,2025-06-15,end_of_life,61.7,False
BAT-2W-100850,2W_2.1kWh,Cellora,CE-2310,2023-09-17,2023-10-11,2.1,32098,98.6,BMS-4.0,,,77.9,False
BAT-2W-100851,2W_2.1kWh,Cellora,CE-2402,2024-01-15,2024-02-23,2.1,32259,98.2,BMS-4.0,,,77.6,False
BAT-2W-100852,2W_2.1kWh,Cellora,CE-2307,2023-05-19,2023-07-02,2.1,32934,99.3,BMS-4.2,,,79.3,False
BAT-2W-100853,2W_2.1kWh,Kyron,KY-2409,2024-10-05,2024-11-04,2.1,32191,99.7,BMS-4.2,2025-06-15,end_of_life,62.7,False
BAT-2W-100854,2W_2.1kWh,Cellora,CE-2306,2023-04-12,2023-06-09,2.1,34344,99.6,BMS-4.1,,,80.8,False
BAT-2W-100855,2W_2.1kWh,Amptek,AM-2409,2024-09-04,2024-09-26,2.1,33295,99.8,BMS-4.0,,,80.6,False
BAT-2W-100856,2W_2.1kWh,Cellora,CE-2309,2023-08-30,2023-09-17,2.1,32542,99.2,BMS-4.0,,,80.4,False
BAT-2W-100857,2W_2.1kWh,Cellora,CE-2306,2023-04-13,2023-06-06,2.1,29225,99.2,BMS-4.0,,,80.7,False
BAT-2W-100858,2W_2.1kWh,Cellora,CE-2502,2025-01-10,2025-02-17,2.1,31801,98.8,BMS-4.1,,,79.0,False
BAT-2W-100859,2W_2.1kWh,Cellora,CE-2503,2025-01-18,2025-03-17,2.1,31064,98.7,BMS-4.2,,,81.2,False
BAT-2W-100860,2W_2.1kWh,Cellora,CE-2412,2024-11-24,2024-12-20,2.1,31078,99.1,BMS-4.0,,,79.3,False
BAT-2W-100861,2W_2.1kWh,Kyron,KY-2407,2024-08-15,2024-10-01,2.1,31006,99.0,BMS-4.2,2025-06-15,end_of_life,61.1,False
BAT-2W-100862,2W_2.1kWh,Cellora,CE-2403,2024-01-07,2024-03-05,2.1,32761,98.9,BMS-4.1,,,78.6,False
BAT-2W-100863,2W_2.1kWh,Kyron,KY-2408,2024-08-21,2024-09-22,2.1,32019,99.1,BMS-4.0,2025-06-15,end_of_life,59.3,False
BAT-2W-100864,2W_2.1kWh,Kyron,KY-2408,2024-10-12,2024-11-26,2.1,31912,99.5,BMS-4.1,2025-06-15,end_of_life,58.5,False
BAT-3W-100865,3W_4.8kWh,Cellora,CE-2309,2023-07-05,2023-09-01,4.8,66075,99.0,BMS-4.0,,,85.8,False
BAT-2W-100866,2W_2.1kWh,Cellora,CE-2408,2024-08-15,2024-08-27,2.1,32572,99.6,BMS-4.0,,,80.2,False
BAT-2W-100867,2W_2.1kWh,Kyron,KY-2407,2024-10-11,2024-10-21,2.1,31449,98.5,BMS-4.1,2025-06-15,end_of_life,60.6,False
BAT-2W-100868,2W_2.1kWh,Kyron,KY-2408,2024-08-20,2024-10-02,2.1,33269,99.7,BMS-4.0,2025-06-15,end_of_life,60.1,False
BAT-2W-100869,2W_2.1kWh,Kyron,KY-2407,2024-10-08,2024-11-22,2.1,32468,98.9,BMS-4.0,2025-06-15,end_of_life,61.2,False
BAT-2W-100870,2W_2.1kWh,Cellora,CE-2402,2024-01-11,2024-02-05,2.1,31263,99.3,BMS-4.1,,,79.9,False
BAT-2W-100871,2W_2.1kWh,Kyron,KY-2407,2024-09-06,2024-10-11,2.1,31001,98.8,BMS-4.1,2025-06-15,end_of_life,59.5,False
BAT-2W-100872,2W_2.1kWh,Cellora,CE-2303,2023-02-08,2023-03-26,2.1,30647,99.4,BMS-4.1,,,79.5,False
BAT-2W-100873,2W_2.1kWh,Cellora,CE-2502,2024-12-09,2025-02-04,2.1,31626,99.3,BMS-4.1,,,80.0,False
BAT-2W-100874,2W_2.1kWh,Cellora,CE-2307,2023-05-26,2023-07-21,2.1,32702,98.7,BMS-4.1,,,79.3,False
BAT-2W-100875,2W_2.1kWh,Cellora,CE-2503,2025-03-01,2025-03-13,2.1,31533,98.9,BMS-4.0,,,80.2,False
BAT-2W-100876,2W_2.1kWh,Cellora,CE-2308,2023-06-29,2023-08-17,2.1,31908,98.8,BMS-4.0,,,77.5,False
BAT-2W-100877,2W_2.1kWh,Cellora,CE-2401,2023-12-23,2024-01-11,2.1,32193,99.0,BMS-4.1,,,81.8,False
BAT-3W-100878,3W_4.8kWh,Cellora,CE-2401,2024-01-11,2024-01-28,4.8,66370,99.4,BMS-4.1,,,85.9,False
BAT-2W-100879,2W_2.1kWh,Cellora,CE-2303,2023-01-24,2023-03-23,2.1,34160,99.4,BMS-4.1,,,79.5,False
BAT-2W-100880,2W_2.1kWh,Amptek,AM-2411,2024-09-27,2024-11-19,2.1,30459,99.7,BMS-4.0,,,80.6,False
BAT-2W-100881,2W_2.1kWh,Kyron,KY-2408,2024-11-06,2024-11-19,2.1,35224,98.7,BMS-4.2,2025-06-15,end_of_life,62.1,False
BAT-2W-100882,2W_2.1kWh,Cellora,CE-2503,2025-02-14,2025-03-17,2.1,30327,99.1,BMS-4.2,,,81.4,False
BAT-2W-100883,2W_2.1kWh,Cellora,CE-2304,2023-02-19,2023-04-15,2.1,30538,99.1,BMS-4.0,,,81.1,False
BAT-2W-100884,2W_2.1kWh,Amptek,AM-2502,2025-01-10,2025-02-14,2.1,32538,99.0,BMS-4.2,,,79.1,False
BAT-2W-100885,2W_2.1kWh,Cellora,CE-2311,2023-10-29,2023-11-29,2.1,29809,100.0,BMS-4.1,,,81.6,False
BAT-2W-100886,2W_2.1kWh,Cellora,CE-2505,2025-03-09,2025-05-04,2.1,32386,99.2,BMS-4.1,,,78.4,False
BAT-2W-100887,2W_2.1kWh,Cellora,CE-2311,2023-10-27,2023-11-19,2.1,32463,99.0,BMS-4.2,,,79.8,False
BAT-2W-100888,2W_2.1kWh,Cellora,CE-2502,2025-01-24,2025-02-06,2.1,32706,98.5,BMS-4.1,,,79.2,False
BAT-2W-100889,2W_2.1kWh,Cellora,CE-2404,2024-02-24,2024-04-15,2.1,31712,99.1,BMS-4.0,,,80.7,False
BAT-2W-100890,2W_2.1kWh,Cellora,CE-2310,2023-09-01,2023-10-09,2.1,34291,98.7,BMS-4.0,,,79.1,False
BAT-3W-100891,3W_4.8kWh,Cellora,CE-2401,2023-11-30,2024-01-10,4.8,67440,99.3,BMS-4.2,,,87.1,False
BAT-2W-100892,2W_2.1kWh,Cellora,CE-2503,2025-01-16,2025-03-16,2.1,30802,99.2,BMS-4.0,,,79.7,False
BAT-2W-100893,2W_2.1kWh,Amptek,AM-2410,2024-08-04,2024-10-01,2.1,29408,98.7,BMS-4.2,,,79.3,False
BAT-2W-100894,2W_2.1kWh,Cellora,CE-2306,2023-05-14,2023-06-17,2.1,31529,99.1,BMS-4.1,,,79.4,False
BAT-2W-100895,2W_2.1kWh,Cellora,CE-2412,2024-10-27,2024-12-15,2.1,31930,99.9,BMS-4.1,,,82.5,False
BAT-2W-100896,2W_2.1kWh,Kyron,KY-2407,2024-10-25,2024-11-24,2.1,32438,98.9,BMS-4.0,2025-06-15,end_of_life,60.3,False
BAT-3W-100897,3W_4.8kWh,Cellora,CE-2502,2025-01-25,2025-02-14,4.8,70183,99.1,BMS-4.1,,,85.5,False
BAT-2W-100898,2W_2.1kWh,Cellora,CE-2505,2025-03-23,2025-05-16,2.1,33148,98.8,BMS-4.2,,,78.9,False
BAT-2W-100899,2W_2.1kWh,Cellora,CE-2504,2025-03-15,2025-04-17,2.1,30752,98.9,BMS-4.2,,,79.7,False
BAT-2W-100900,2W_2.1kWh,Kyron,KY-2407,2024-11-04,2024-11-26,2.1,32309,98.9,BMS-4.1,2025-06-15,end_of_life,59.9,False
BAT-3W-100901,3W_4.8kWh,Cellora,CE-2408,2024-07-14,2024-08-03,4.8,68523,98.7,BMS-4.1,,,86.6,False
BAT-2W-100902,2W_2.1kWh,Kyron,KY-2409,2024-09-05,2024-09-28,2.1,32389,99.1,BMS-4.2,2025-06-15,end_of_life,60.2,False
BAT-2W-100903,2W_2.1kWh,Kyron,KY-2409,2024-10-23,2024-11-29,2.1,34216,99.6,BMS-4.2,2025-06-15,end_of_life,63.0,False
BAT-2W-100904,2W_2.1kWh,Kyron,KY-2409,2024-08-26,2024-09-17,2.1,32708,98.7,BMS-4.0,2025-06-15,end_of_life,57.6,False
BAT-2W-100905,2W_2.1kWh,Cellora,CE-2402,2023-12-30,2024-02-04,2.1,31147,98.8,BMS-4.0,,,79.0,False
BAT-2W-100906,2W_2.1kWh,Cellora,CE-2311,2023-09-08,2023-11-01,2.1,29506,99.1,BMS-4.2,,,79.5,False
BAT-3W-100907,3W_4.8kWh,Cellora,CE-2306,2023-05-18,2023-06-04,4.8,69729,99.2,BMS-4.2,,,84.9,False
BAT-2W-100908,2W_2.1kWh,Cellora,CE-2411,2024-10-21,2024-11-16,2.1,33144,99.1,BMS-4.2,,,79.9,False
BAT-2W-100909,2W_2.1kWh,Cellora,CE-2310,2023-10-08,2023-10-20,2.1,34873,99.0,BMS-4.1,,,80.3,False
BAT-2W-100910,2W_2.1kWh,Amptek,AM-2407,2024-07-11,2024-07-25,2.1,33915,99.8,BMS-4.1,,,81.0,False
BAT-2W-100911,2W_2.1kWh,Cellora,CE-2408,2024-06-22,2024-08-07,2.1,32029,99.8,BMS-4.2,,,80.2,False
BAT-2W-100912,2W_2.1kWh,Amptek,AM-2407,2024-06-10,2024-07-09,2.1,34207,99.7,BMS-4.0,,,80.1,False
BAT-3W-100913,3W_4.8kWh,Cellora,CE-2407,2024-06-21,2024-07-02,4.8,66793,99.0,BMS-4.2,,,86.7,False
BAT-2W-100914,2W_2.1kWh,Kyron,KY-2409,2024-11-12,2024-11-29,2.1,27473,99.1,BMS-4.2,2025-06-15,end_of_life,63.3,False
BAT-2W-100915,2W_2.1kWh,Amptek,AM-2406,2024-06-01,2024-06-12,2.1,29765,98.8,BMS-4.0,,,79.8,False
BAT-2W-100916,2W_2.1kWh,Kyron,KY-2407,2024-11-06,2024-11-24,2.1,31859,99.4,BMS-4.2,2025-06-15,end_of_life,64.3,False
BAT-2W-100917,2W_2.1kWh,Cellora,CE-2503,2025-02-18,2025-03-17,2.1,31539,98.4,BMS-4.2,,,78.8,False
BAT-2W-100918,2W_2.1kWh,Cellora,CE-2401,2023-12-03,2024-01-12,2.1,29520,99.1,BMS-4.0,,,80.0,False
BAT-2W-100919,2W_2.1kWh,Cellora,CE-2412,2024-12-16,2024-12-29,2.1,31551,98.9,BMS-4.0,,,80.2,False
BAT-2W-100920,2W_2.1kWh,Kyron,KY-2407,2024-09-06,2024-10-24,2.1,33054,98.5,BMS-4.1,2025-06-15,end_of_life,60.7,False
BAT-2W-100921,2W_2.1kWh,Cellora,CE-2407,2024-05-24,2024-07-08,2.1,31914,98.6,BMS-4.2,,,78.6,False
BAT-2W-100922,2W_2.1kWh,Amptek,AM-2505,2025-04-12,2025-05-17,2.1,31529,99.3,BMS-4.0,,,79.9,False
BAT-2W-100923,2W_2.1kWh,Kyron,KY-2409,2024-09-23,2024-11-05,2.1,31574,99.7,BMS-4.1,2025-06-15,end_of_life,58.2,False
BAT-3W-100924,3W_4.8kWh,Cellora,CE-2309,2023-09-04,2023-09-15,4.8,64556,98.7,BMS-4.2,,,87.0,False
BAT-2W-100925,2W_2.1kWh,Cellora,CE-2501,2024-12-13,2025-01-16,2.1,31553,99.6,BMS-4.1,,,81.6,False
BAT-2W-100926,2W_2.1kWh,Cellora,CE-2412,2024-11-14,2024-12-15,2.1,30627,99.4,BMS-4.2,,,81.3,False
BAT-2W-100927,2W_2.1kWh,Cellora,CE-2403,2024-02-10,2024-03-26,2.1,32444,99.4,BMS-4.2,,,80.5,False
BAT-2W-100928,2W_2.1kWh,Cellora,CE-2408,2024-08-16,2024-08-26,2.1,32703,98.2,BMS-4.0,,,78.5,False
BAT-2W-100929,2W_2.1kWh,Amptek,AM-2407,2024-05-25,2024-07-09,2.1,33060,99.7,BMS-4.0,,,81.1,False
BAT-2W-100930,2W_2.1kWh,Cellora,CE-2308,2023-07-20,2023-08-22,2.1,32273,99.9,BMS-4.0,,,81.9,False
BAT-2W-100931,2W_2.1kWh,Cellora,CE-2307,2023-05-26,2023-07-14,2.1,33023,98.7,BMS-4.2,,,79.6,False
BAT-2W-100932,2W_2.1kWh,Cellora,CE-2412,2024-11-29,2024-12-26,2.1,31673,98.9,BMS-4.0,,,80.1,False
BAT-2W-100933,2W_2.1kWh,Cellora,CE-2304,2023-04-12,2023-04-29,2.1,32073,98.8,BMS-4.2,,,78.3,False
BAT-2W-100934,2W_2.1kWh,Kyron,KY-2408,2024-10-12,2024-11-18,2.1,31579,99.3,BMS-4.0,2025-06-15,end_of_life,59.8,False
BAT-2W-100935,2W_2.1kWh,Cellora,CE-2402,2024-01-25,2024-02-12,2.1,30481,99.1,BMS-4.1,,,81.2,False
BAT-2W-100936,2W_2.1kWh,Amptek,AM-2411,2024-09-29,2024-11-22,2.1,31825,99.6,BMS-4.0,,,79.1,False
BAT-2W-100937,2W_2.1kWh,Amptek,AM-2501,2024-11-10,2025-01-02,2.1,30937,99.4,BMS-4.1,,,81.1,False
BAT-3W-100938,3W_4.8kWh,Cellora,CE-2405,2024-05-12,2024-05-24,4.8,68384,99.2,BMS-4.1,,,85.1,False
BAT-2W-100939,2W_2.1kWh,Cellora,CE-2311,2023-11-01,2023-11-20,2.1,32352,99.5,BMS-4.1,,,79.8,False
BAT-2W-100940,2W_2.1kWh,Kyron,KY-2407,2024-08-30,2024-10-10,2.1,31922,99.6,BMS-4.1,2025-06-15,end_of_life,59.8,False
BAT-2W-100941,2W_2.1kWh,Cellora,CE-2306,2023-05-09,2023-06-03,2.1,32992,99.1,BMS-4.1,,,79.6,False
BAT-2W-100942,2W_2.1kWh,Amptek,AM-2403,2024-01-07,2024-03-02,2.1,29940,99.3,BMS-4.2,,,80.9,False
BAT-2W-100943,2W_2.1kWh,Amptek,AM-2506,2025-05-04,2025-06-11,2.1,33259,98.8,BMS-4.2,,,80.8,False
BAT-3W-100944,3W_4.8kWh,Cellora,CE-2406,2024-06-18,2024-06-30,4.8,67665,99.0,BMS-4.2,,,85.7,False
BAT-2W-100945,2W_2.1kWh,Cellora,CE-2412,2024-11-01,2024-12-09,2.1,31945,98.9,BMS-4.2,,,78.9,False
BAT-2W-100946,2W_2.1kWh,Cellora,CE-2305,2023-04-11,2023-05-01,2.1,30681,99.1,BMS-4.2,,,80.2,False
BAT-2W-100947,2W_2.1kWh,Cellora,CE-2304,2023-03-13,2023-04-10,2.1,33366,99.3,BMS-4.0,,,81.7,False
BAT-2W-100948,2W_2.1kWh,Amptek,AM-2411,2024-10-30,2024-11-26,2.1,31697,99.2,BMS-4.1,,,79.5,False
BAT-2W-100949,2W_2.1kWh,Kyron,KY-2408,2024-09-28,2024-10-23,2.1,33189,100.0,BMS-4.2,2025-06-15,end_of_life,62.2,False
BAT-2W-100950,2W_2.1kWh,Amptek,AM-2503,2025-02-21,2025-03-12,2.1,33822,99.4,BMS-4.2,,,81.7,False
BAT-2W-100951,2W_2.1kWh,Kyron,KY-2409,2024-09-23,2024-10-03,2.1,33120,99.5,BMS-4.0,2025-06-15,end_of_life,62.7,False
BAT-2W-100952,2W_2.1kWh,Cellora,CE-2305,2023-04-07,2023-05-30,2.1,30292,99.2,BMS-4.0,,,79.5,False
BAT-3W-100953,3W_4.8kWh,Kyron,KY-2411,2024-10-05,2024-11-15,4.8,67865,99.1,BMS-4.1,,,85.7,False
BAT-2W-100954,2W_2.1kWh,Cellora,CE-2403,2024-03-04,2024-03-31,2.1,33588,99.5,BMS-4.1,,,80.7,False
BAT-3W-100955,3W_4.8kWh,Cellora,CE-2504,2025-02-25,2025-04-16,4.8,66811,98.9,BMS-4.0,,,86.5,False
BAT-2W-100956,2W_2.1kWh,Cellora,CE-2407,2024-05-10,2024-07-01,2.1,33106,99.2,BMS-4.2,,,81.3,False
BAT-3W-100957,3W_4.8kWh,Kyron,KY-2412,2024-11-05,2024-12-10,4.8,71673,98.5,BMS-4.0,,,85.1,False
BAT-3W-100958,3W_4.8kWh,Cellora,CE-2504,2025-03-19,2025-04-19,4.8,69194,98.4,BMS-4.0,,,85.8,False
BAT-2W-100959,2W_2.1kWh,Cellora,CE-2409,2024-08-26,2024-09-11,2.1,31668,99.2,BMS-4.0,,,81.6,False
BAT-2W-100960,2W_2.1kWh,Cellora,CE-2405,2024-04-10,2024-05-28,2.1,32212,98.5,BMS-4.1,,,79.5,False
BAT-2W-100961,2W_2.1kWh,Cellora,CE-2405,2024-03-28,2024-05-04,2.1,35604,99.4,BMS-4.2,,,80.1,False
BAT-2W-100962,2W_2.1kWh,Amptek,AM-2505,2025-05-04,2025-05-27,2.1,30321,99.2,BMS-4.0,,,79.4,False
BAT-2W-100963,2W_2.1kWh,Cellora,CE-2411,2024-11-10,2024-11-23,2.1,30644,99.8,BMS-4.1,,,80.2,False
BAT-2W-100964,2W_2.1kWh,Cellora,CE-2402,2024-01-05,2024-02-12,2.1,32742,99.1,BMS-4.0,,,78.3,False
BAT-2W-100965,2W_2.1kWh,Kyron,KY-2407,2024-09-20,2024-10-13,2.1,31267,99.7,BMS-4.1,2025-06-15,end_of_life,63.5,False
BAT-2W-100966,2W_2.1kWh,Kyron,KY-2409,2024-09-10,2024-09-24,2.1,30986,98.7,BMS-4.1,2025-06-15,end_of_life,63.9,False
BAT-3W-100967,3W_4.8kWh,Cellora,CE-2409,2024-08-16,2024-09-24,4.8,67833,98.8,BMS-4.0,,,85.8,False
BAT-3W-100968,3W_4.8kWh,Cellora,CE-2505,2025-03-25,2025-05-14,4.8,67189,99.0,BMS-4.1,,,85.2,False
BAT-2W-100969,2W_2.1kWh,Cellora,CE-2305,2023-04-14,2023-05-21,2.1,29182,99.8,BMS-4.0,,,79.5,False
BAT-2W-100970,2W_2.1kWh,Kyron,KY-2409,2024-09-17,2024-10-03,2.1,32350,99.0,BMS-4.0,2025-06-15,end_of_life,61.6,False
BAT-2W-100971,2W_2.1kWh,Cellora,CE-2504,2025-02-13,2025-04-10,2.1,34689,99.7,BMS-4.2,,,80.5,False
BAT-2W-100972,2W_2.1kWh,Amptek,AM-2410,2024-09-07,2024-10-16,2.1,31154,98.6,BMS-4.2,,,79.1,False
BAT-2W-100973,2W_2.1kWh,Cellora,CE-2406,2024-05-10,2024-06-23,2.1,33576,99.2,BMS-4.1,,,78.7,False
BAT-2W-100974,2W_2.1kWh,Cellora,CE-2505,2025-04-27,2025-05-08,2.1,32851,99.2,BMS-4.1,,,81.3,False
BAT-2W-100975,2W_2.1kWh,Kyron,KY-2409,2024-10-20,2024-11-02,2.1,34465,98.9,BMS-4.0,2025-06-15,end_of_life,59.4,False
BAT-2W-100976,2W_2.1kWh,Amptek,AM-2403,2024-02-16,2024-03-21,2.1,32835,99.6,BMS-4.0,,,80.9,False
BAT-2W-100977,2W_2.1kWh,Cellora,CE-2403,2024-02-15,2024-03-20,2.1,32267,99.1,BMS-4.0,,,79.5,False
BAT-2W-100978,2W_2.1kWh,Cellora,CE-2407,2024-06-27,2024-07-27,2.1,34281,98.7,BMS-4.0,,,78.8,False
BAT-2W-100979,2W_2.1kWh,Amptek,AM-2504,2025-03-19,2025-04-16,2.1,31443,99.1,BMS-4.0,,,78.3,False
BAT-2W-100980,2W_2.1kWh,Amptek,AM-2504,2025-02-23,2025-04-05,2.1,31030,99.7,BMS-4.1,,,79.1,False
BAT-2W-100981,2W_2.1kWh,Cellora,CE-2312,2023-10-14,2023-12-08,2.1,32158,99.0,BMS-4.1,,,78.5,False
BAT-2W-100982,2W_2.1kWh,Cellora,CE-2401,2023-11-22,2024-01-05,2.1,31529,100.0,BMS-4.2,,,80.8,False
BAT-2W-100983,2W_2.1kWh,Amptek,AM-2405,2024-04-01,2024-05-03,2.1,31454,99.4,BMS-4.2,,,81.7,False
BAT-2W-100984,2W_2.1kWh,Cellora,CE-2409,2024-09-19,2024-09-30,2.1,31960,99.2,BMS-4.0,,,80.7,False
BAT-2W-100985,2W_2.1kWh,Amptek,AM-2409,2024-07-25,2024-09-07,2.1,33183,100.0,BMS-4.1,,,81.6,False
BAT-2W-100986,2W_2.1kWh,Cellora,CE-2411,2024-10-28,2024-11-25,2.1,31595,99.3,BMS-4.2,,,81.1,False
BAT-2W-100987,2W_2.1kWh,Cellora,CE-2305,2023-03-15,2023-05-12,2.1,32014,99.5,BMS-4.2,,,80.6,False
BAT-2W-100988,2W_2.1kWh,Cellora,CE-2410,2024-08-12,2024-10-08,2.1,30253,98.7,BMS-4.1,,,78.8,False
BAT-2W-100989,2W_2.1kWh,Cellora,CE-2401,2023-12-21,2024-01-13,2.1,32385,99.2,BMS-4.0,,,80.7,False
BAT-3W-100990,3W_4.8kWh,Kyron,KY-2418,2025-05-03,2025-06-07,4.8,67061,99.5,BMS-4.1,,,87.3,False
BAT-2W-100991,2W_2.1kWh,Cellora,CE-2404,2024-02-27,2024-04-16,2.1,32278,99.9,BMS-4.1,,,80.9,False
BAT-2W-100992,2W_2.1kWh,Amptek,AM-2403,2024-01-28,2024-03-05,2.1,32088,99.4,BMS-4.2,,,78.8,False
BAT-3W-100993,3W_4.8kWh,Amptek,AM-2505,2025-04-25,2025-05-10,4.8,71331,99.2,BMS-4.0,,,87.2,False
BAT-2W-100994,2W_2.1kWh,Cellora,CE-2305,2023-05-12,2023-05-24,2.1,32142,99.4,BMS-4.2,,,80.9,False
BAT-2W-100995,2W_2.1kWh,Kyron,KY-2407,2024-10-26,2024-11-12,2.1,33259,98.8,BMS-4.2,2025-06-15,end_of_life,59.3,False
BAT-2W-100996,2W_2.1kWh,Cellora,CE-2505,2025-04-03,2025-05-01,2.1,33474,99.1,BMS-4.2,,,79.0,False
BAT-3W-100997,3W_4.8kWh,Cellora,CE-2307,2023-06-30,2023-07-10,4.8,67511,98.9,BMS-4.1,,,85.7,False
BAT-2W-100998,2W_2.1kWh,Cellora,CE-2305,2023-03-28,2023-05-21,2.1,34341,98.6,BMS-4.2,,,79.4,False
BAT-2W-100999,2W_2.1kWh,Cellora,CE-2503,2025-02-18,2025-03-09,2.1,29571,99.3,BMS-4.1,,,80.0,False
BAT-2W-101000,2W_2.1kWh,Cellora,CE-2311,2023-09-25,2023-11-22,2.1,31963,99.2,BMS-4.0,,,80.1,False
BAT-2W-101001,2W_2.1kWh,Cellora,CE-2407,2024-06-28,2024-07-20,2.1,31364,99.1,BMS-4.0,,,80.0,False
BAT-2W-101002,2W_2.1kWh,Cellora,CE-2401,2023-11-24,2024-01-04,2.1,31538,99.2,BMS-4.0,,,81.0,False
BAT-2W-101003,2W_2.1kWh,Cellora,CE-2304,2023-02-26,2023-04-21,2.1,31424,99.4,BMS-4.0,,,80.2,False
BAT-3W-101004,3W_4.8kWh,Cellora,CE-2505,2025-03-23,2025-05-19,4.8,66731,99.3,BMS-4.1,,,85.4,False
BAT-2W-101005,2W_2.1kWh,Amptek,AM-2411,2024-09-28,2024-11-20,2.1,32785,99.4,BMS-4.2,,,80.6,False
BAT-2W-101006,2W_2.1kWh,Kyron,KY-2407,2024-10-11,2024-11-09,2.1,30268,99.6,BMS-4.2,2025-06-15,end_of_life,62.8,False
BAT-2W-101007,2W_2.1kWh,Cellora,CE-2307,2023-05-26,2023-07-04,2.1,30660,99.5,BMS-4.1,,,80.9,False
BAT-2W-101008,2W_2.1kWh,Kyron,KY-2409,2024-10-26,2024-11-08,2.1,30965,99.0,BMS-4.2,2025-06-15,end_of_life,58.4,False
BAT-3W-101009,3W_4.8kWh,Amptek,AM-2501,2024-12-09,2025-01-27,4.8,66643,98.9,BMS-4.0,,,86.8,False
BAT-2W-101010,2W_2.1kWh,Cellora,CE-2309,2023-09-09,2023-09-22,2.1,32468,99.6,BMS-4.0,,,80.1,False
BAT-2W-101011,2W_2.1kWh,Amptek,AM-2405,2024-03-25,2024-05-19,2.1,30625,99.3,BMS-4.0,,,80.7,False
BAT-2W-101012,2W_2.1kWh,Amptek,AM-2407,2024-05-08,2024-07-01,2.1,34032,99.4,BMS-4.1,,,79.8,False
BAT-2W-101013,2W_2.1kWh,Cellora,CE-2310,2023-09-13,2023-10-11,2.1,32812,99.5,BMS-4.0,,,79.8,False
BAT-2W-101014,2W_2.1kWh,Cellora,CE-2501,2024-12-11,2025-01-28,2.1,31863,99.1,BMS-4.0,,,80.9,False
BAT-2W-101015,2W_2.1kWh,Amptek,AM-2506,2025-05-08,2025-06-02,2.1,32004,99.9,BMS-4.1,,,80.7,False
BAT-3W-101016,3W_4.8kWh,Cellora,CE-2401,2023-12-13,2024-01-01,4.8,72111,99.4,BMS-4.2,,,86.2,False
BAT-2W-101017,2W_2.1kWh,Amptek,AM-2403,2024-02-14,2024-03-24,2.1,30335,99.0,BMS-4.2,,,80.1,False
BAT-2W-101018,2W_2.1kWh,Amptek,AM-2412,2024-11-04,2024-12-24,2.1,31797,99.1,BMS-4.1,,,80.2,False
BAT-2W-101019,2W_2.1kWh,Cellora,CE-2409,2024-07-18,2024-09-04,2.1,33234,99.1,BMS-4.0,,,79.3,False
BAT-2W-101020,2W_2.1kWh,Kyron,KY-2409,2024-10-08,2024-10-25,2.1,31986,99.9,BMS-4.1,2025-06-15,end_of_life,60.2,False
BAT-2W-101021,2W_2.1kWh,Kyron,KY-2407,2024-09-15,2024-10-22,2.1,32534,99.4,BMS-4.2,2025-06-15,end_of_life,60.3,False
BAT-2W-101022,2W_2.1kWh,Cellora,CE-2404,2024-02-22,2024-04-08,2.1,31904,98.5,BMS-4.2,,,79.5,False
BAT-2W-101023,2W_2.1kWh,Amptek,AM-2407,2024-07-10,2024-07-22,2.1,33329,99.7,BMS-4.1,,,80.7,False
BAT-2W-101024,2W_2.1kWh,Amptek,AM-2404,2024-03-17,2024-04-14,2.1,32145,99.2,BMS-4.2,,,80.9,False
BAT-2W-101025,2W_2.1kWh,Cellora,CE-2306,2023-05-11,2023-06-22,2.1,31614,99.4,BMS-4.1,,,80.3,False
BAT-2W-101026,2W_2.1kWh,Cellora,CE-2310,2023-09-02,2023-10-05,2.1,31673,99.4,BMS-4.2,,,81.0,False
BAT-3W-101027,3W_4.8kWh,Cellora,CE-2403,2024-01-11,2024-03-05,4.8,67591,98.5,BMS-4.2,,,85.8,False
BAT-2W-101028,2W_2.1kWh,Kyron,KY-2409,2024-08-10,2024-09-22,2.1,32138,100.0,BMS-4.1,2025-06-15,end_of_life,56.4,False
BAT-2W-101029,2W_2.1kWh,Cellora,CE-2402,2024-01-07,2024-02-22,2.1,31704,98.7,BMS-4.2,,,79.8,False
BAT-2W-101030,2W_2.1kWh,Cellora,CE-2409,2024-07-18,2024-09-07,2.1,29189,99.6,BMS-4.1,,,81.2,False
BAT-2W-101031,2W_2.1kWh,Cellora,CE-2412,2024-12-07,2024-12-30,2.1,34304,99.5,BMS-4.1,,,80.7,False
BAT-2W-101032,2W_2.1kWh,Cellora,CE-2406,2024-06-16,2024-06-30,2.1,30880,98.9,BMS-4.1,,,80.7,False
BAT-3W-101033,3W_4.8kWh,Cellora,CE-2304,2023-02-16,2023-04-01,4.8,68764,99.4,BMS-4.0,,,86.1,False
BAT-2W-101034,2W_2.1kWh,Amptek,AM-2502,2024-12-12,2025-02-05,2.1,30055,99.6,BMS-4.2,,,81.3,False
BAT-3W-101035,3W_4.8kWh,Cellora,CE-2410,2024-09-06,2024-10-09,4.8,70461,98.6,BMS-4.1,,,86.2,False
BAT-2W-101036,2W_2.1kWh,Amptek,AM-2405,2024-04-26,2024-05-24,2.1,34571,98.6,BMS-4.2,,,79.8,False
BAT-2W-101037,2W_2.1kWh,Amptek,AM-2502,2025-01-12,2025-02-02,2.1,32285,99.0,BMS-4.0,,,79.3,False
BAT-2W-101038,2W_2.1kWh,Cellora,CE-2308,2023-08-04,2023-08-17,2.1,32425,99.0,BMS-4.0,,,80.5,False
BAT-2W-101039,2W_2.1kWh,Kyron,KY-2409,2024-10-02,2024-10-24,2.1,28794,100.0,BMS-4.2,2025-06-15,end_of_life,58.9,False
BAT-2W-101040,2W_2.1kWh,Cellora,CE-2411,2024-10-06,2024-11-23,2.1,32586,98.9,BMS-4.2,,,78.8,False
BAT-2W-101041,2W_2.1kWh,Cellora,CE-2404,2024-03-28,2024-04-29,2.1,31749,99.5,BMS-4.0,,,80.3,False
BAT-3W-101042,3W_4.8kWh,Kyron,KY-2413,2024-11-21,2025-01-12,4.8,65599,99.0,BMS-4.2,,,85.5,False
BAT-2W-101043,2W_2.1kWh,Amptek,AM-2403,2024-02-19,2024-03-10,2.1,32144,99.5,BMS-4.2,,,79.4,False
BAT-2W-101044,2W_2.1kWh,Amptek,AM-2407,2024-05-25,2024-07-03,2.1,31393,99.4,BMS-4.0,,,80.0,False
BAT-2W-101045,2W_2.1kWh,Cellora,CE-2407,2024-06-21,2024-07-08,2.1,33243,99.0,BMS-4.2,,,79.0,False
BAT-2W-101046,2W_2.1kWh,Amptek,AM-2504,2025-02-26,2025-04-23,2.1,32144,99.7,BMS-4.1,,,81.2,False
BAT-2W-101047,2W_2.1kWh,Amptek,AM-2411,2024-10-20,2024-11-08,2.1,29327,99.1,BMS-4.1,,,80.2,False
BAT-2W-101048,2W_2.1kWh,Cellora,CE-2310,2023-08-07,2023-10-03,2.1,33408,99.0,BMS-4.2,,,80.2,False
BAT-3W-101049,3W_4.8kWh,Kyron,KY-2408,2024-07-07,2024-08-13,4.8,64376,99.6,BMS-4.1,2025-06-15,end_of_life,68.8,False
BAT-2W-101050,2W_2.1kWh,Cellora,CE-2505,2025-04-02,2025-05-26,2.1,31554,99.0,BMS-4.0,,,80.7,False
BAT-2W-101051,2W_2.1kWh,Kyron,KY-2409,2024-09-25,2024-10-24,2.1,33296,100.0,BMS-4.2,2025-06-15,end_of_life,62.2,False
BAT-3W-101052,3W_4.8kWh,Cellora,CE-2404,2024-03-28,2024-04-29,4.8,61988,99.2,BMS-4.1,,,86.1,False
BAT-2W-101053,2W_2.1kWh,Kyron,KY-2408,2024-10-18,2024-11-29,2.1,30440,99.4,BMS-4.2,2025-06-15,end_of_life,61.1,False
BAT-3W-101054,3W_4.8kWh,Cellora,CE-2305,2023-03-27,2023-05-15,4.8,65973,99.6,BMS-4.2,,,87.6,False
BAT-3W-101055,3W_4.8kWh,Cellora,CE-2305,2023-05-05,2023-05-21,4.8,68155,99.2,BMS-4.2,,,86.9,False
BAT-2W-101056,2W_2.1kWh,Cellora,CE-2401,2023-12-14,2024-01-31,2.1,30429,99.0,BMS-4.0,,,80.0,False
BAT-3W-101057,3W_4.8kWh,Kyron,KY-2407,2024-06-07,2024-07-04,4.8,69597,99.1,BMS-4.2,2025-06-15,end_of_life,69.5,False
BAT-3W-101058,3W_4.8kWh,Cellora,CE-2403,2024-02-27,2024-03-24,4.8,69389,99.1,BMS-4.0,,,86.3,False
BAT-2W-101059,2W_2.1kWh,Amptek,AM-2409,2024-08-05,2024-09-14,2.1,32953,99.7,BMS-4.2,,,80.6,False
BAT-2W-101060,2W_2.1kWh,Cellora,CE-2402,2024-01-13,2024-02-13,2.1,31241,99.4,BMS-4.2,,,78.6,False
BAT-2W-101061,2W_2.1kWh,Amptek,AM-2503,2025-02-11,2025-03-12,2.1,30607,99.4,BMS-4.1,,,80.5,False
BAT-2W-101062,2W_2.1kWh,Cellora,CE-2408,2024-06-08,2024-08-04,2.1,31778,98.3,BMS-4.1,,,78.7,False
BAT-3W-101063,3W_4.8kWh,Cellora,CE-2411,2024-10-09,2024-11-02,4.8,64375,99.3,BMS-4.2,,,86.3,False
BAT-2W-101064,2W_2.1kWh,Cellora,CE-2409,2024-07-31,2024-09-12,2.1,32989,99.4,BMS-4.0,,,81.1,False
BAT-3W-101065,3W_4.8kWh,Cellora,CE-2307,2023-06-17,2023-07-23,4.8,72866,99.1,BMS-4.1,,,86.0,False
BAT-2W-101066,2W_2.1kWh,Cellora,CE-2406,2024-06-08,2024-06-25,2.1,30634,99.0,BMS-4.0,,,79.8,False
BAT-2W-101067,2W_2.1kWh,Cellora,CE-2306,2023-04-29,2023-06-08,2.1,30150,99.5,BMS-4.1,,,79.8,False
BAT-3W-101068,3W_4.8kWh,Amptek,AM-2406,2024-06-10,2024-06-28,4.8,66168,99.3,BMS-4.2,,,87.3,False
BAT-2W-101069,2W_2.1kWh,Cellora,CE-2404,2024-03-26,2024-04-23,2.1,30870,99.2,BMS-4.0,,,79.1,False
BAT-3W-101070,3W_4.8kWh,Kyron,KY-2407,2024-06-16,2024-07-26,4.8,70907,99.4,BMS-4.1,2025-06-15,end_of_life,69.0,False
BAT-3W-101071,3W_4.8kWh,Kyron,KY-2415,2025-02-26,2025-03-25,4.8,70601,99.2,BMS-4.1,,,86.2,False
BAT-2W-101072,2W_2.1kWh,Amptek,AM-2412,2024-10-24,2024-12-10,2.1,31084,99.6,BMS-4.2,,,80.1,False
BAT-2W-101073,2W_2.1kWh,Kyron,KY-2407,2024-10-13,2024-11-22,2.1,32119,100.0,BMS-4.1,2025-06-15,end_of_life,60.1,False
BAT-2W-101074,2W_2.1kWh,Kyron,KY-2407,2024-09-22,2024-11-10,2.1,30961,99.9,BMS-4.1,2025-06-15,end_of_life,61.0,False
BAT-2W-101075,2W_2.1kWh,Kyron,KY-2407,2024-08-12,2024-09-18,2.1,33765,99.3,BMS-4.1,2025-06-15,end_of_life,60.1,False
BAT-3W-101076,3W_4.8kWh,Kyron,KY-2410,2024-09-15,2024-10-15,4.8,70467,99.2,BMS-4.1,,,86.2,False
BAT-2W-101077,2W_2.1kWh,Kyron,KY-2409,2024-09-18,2024-10-21,2.1,30595,99.6,BMS-4.1,2025-06-15,end_of_life,63.1,False
BAT-2W-101078,2W_2.1kWh,Cellora,CE-2310,2023-09-28,2023-10-22,2.1,31825,99.1,BMS-4.1,,,78.0,False
BAT-3W-101079,3W_4.8kWh,Amptek,AM-2412,2024-10-24,2024-12-16,4.8,67909,99.4,BMS-4.1,,,87.0,False
BAT-2W-101080,2W_2.1kWh,Kyron,KY-2407,2024-09-19,2024-10-26,2.1,32495,98.7,BMS-4.0,2025-06-15,end_of_life,59.8,False
BAT-2W-101081,2W_2.1kWh,Kyron,KY-2409,2024-09-21,2024-10-10,2.1,34368,98.8,BMS-4.0,2025-06-15,end_of_life,59.8,False
BAT-2W-101082,2W_2.1kWh,Cellora,CE-2501,2024-12-18,2025-01-17,2.1,31910,99.6,BMS-4.0,,,81.1,False
BAT-2W-101083,2W_2.1kWh,Amptek,AM-2408,2024-07-06,2024-08-27,2.1,32846,99.3,BMS-4.2,,,79.4,False
BAT-3W-101084,3W_4.8kWh,Kyron,KY-2410,2024-09-05,2024-10-08,4.8,68623,99.2,BMS-4.0,,,85.8,False
BAT-2W-101085,2W_2.1kWh,Cellora,CE-2410,2024-09-03,2024-10-27,2.1,31607,99.4,BMS-4.0,,,80.2,False
BAT-2W-101086,2W_2.1kWh,Cellora,CE-2304,2023-03-25,2023-04-10,2.1,30957,99.0,BMS-4.2,,,78.6,False
BAT-2W-101087,2W_2.1kWh,Cellora,CE-2307,2023-06-10,2023-07-01,2.1,32204,99.4,BMS-4.0,,,80.3,False
BAT-2W-101088,2W_2.1kWh,Cellora,CE-2303,2023-01-27,2023-03-13,2.1,30985,99.4,BMS-4.0,,,80.5,False
BAT-2W-101089,2W_2.1kWh,Kyron,KY-2407,2024-09-30,2024-11-04,2.1,32172,98.6,BMS-4.2,2025-06-15,end_of_life,60.6,False
BAT-2W-101090,2W_2.1kWh,Cellora,CE-2401,2023-11-15,2024-01-09,2.1,29723,99.6,BMS-4.0,,,81.3,False
BAT-2W-101091,2W_2.1kWh,Amptek,AM-2407,2024-06-29,2024-07-21,2.1,30914,99.4,BMS-4.0,,,80.5,False
BAT-2W-101092,2W_2.1kWh,Cellora,CE-2412,2024-11-05,2024-12-13,2.1,32073,99.5,BMS-4.1,,,78.9,False
BAT-2W-101093,2W_2.1kWh,Cellora,CE-2402,2023-12-10,2024-02-06,2.1,32329,98.9,BMS-4.1,,,81.0,False
BAT-2W-101094,2W_2.1kWh,Amptek,AM-2411,2024-09-13,2024-11-08,2.1,32633,99.5,BMS-4.1,,,81.4,False
BAT-2W-101095,2W_2.1kWh,Cellora,CE-2306,2023-06-07,2023-06-19,2.1,33339,99.3,BMS-4.0,,,80.3,False
BAT-2W-101096,2W_2.1kWh,Kyron,KY-2407,2024-08-28,2024-09-20,2.1,33007,99.3,BMS-4.2,2025-06-15,end_of_life,62.5,False
BAT-2W-101097,2W_2.1kWh,Cellora,CE-2308,2023-06-18,2023-08-11,2.1,31636,99.4,BMS-4.0,,,80.3,False
BAT-2W-101098,2W_2.1kWh,Cellora,CE-2406,2024-05-19,2024-06-02,2.1,32374,99.8,BMS-4.1,,,80.1,False
BAT-2W-101099,2W_2.1kWh,Kyron,KY-2409,2024-10-18,2024-11-03,2.1,29742,99.3,BMS-4.1,2025-06-15,end_of_life,60.9,False
BAT-2W-101100,2W_2.1kWh,Amptek,AM-2409,2024-08-26,2024-09-22,2.1,32998,99.0,BMS-4.1,,,78.0,False
BAT-2W-101101,2W_2.1kWh,Cellora,CE-2504,2025-02-11,2025-04-08,2.1,31266,99.5,BMS-4.0,,,80.4,False
BAT-3W-101102,3W_4.8kWh,Cellora,CE-2311,2023-09-30,2023-11-15,4.8,68569,99.8,BMS-4.0,,,86.7,False
BAT-2W-101103,2W_2.1kWh,Kyron,KY-2407,2024-09-25,2024-10-27,2.1,31938,99.1,BMS-4.0,2025-06-15,end_of_life,61.4,False
BAT-3W-101104,3W_4.8kWh,Cellora,CE-2310,2023-09-06,2023-10-14,4.8,67320,99.3,BMS-4.2,,,85.6,False
BAT-3W-101105,3W_4.8kWh,Cellora,CE-2409,2024-08-13,2024-09-19,4.8,70552,99.4,BMS-4.1,,,86.8,False
BAT-2W-101106,2W_2.1kWh,Cellora,CE-2408,2024-07-05,2024-08-02,2.1,32264,99.8,BMS-4.2,,,80.8,False
BAT-2W-101107,2W_2.1kWh,Cellora,CE-2407,2024-06-16,2024-07-24,2.1,30603,99.4,BMS-4.1,,,80.2,False
BAT-2W-101108,2W_2.1kWh,Cellora,CE-2309,2023-08-25,2023-09-07,2.1,32009,99.4,BMS-4.0,,,79.3,False
BAT-2W-101109,2W_2.1kWh,Kyron,KY-2408,2024-08-31,2024-09-28,2.1,33293,99.5,BMS-4.1,2025-06-15,end_of_life,60.2,False
BAT-2W-101110,2W_2.1kWh,Kyron,KY-2407,2024-11-14,2024-11-24,2.1,32169,98.9,BMS-4.2,2025-06-15,end_of_life,59.8,False
BAT-2W-101111,2W_2.1kWh,Kyron,KY-2409,2024-09-21,2024-11-02,2.1,32006,100.0,BMS-4.2,2025-06-15,end_of_life,60.9,False
BAT-2W-101112,2W_2.1kWh,Cellora,CE-2306,2023-05-03,2023-06-03,2.1,34192,99.4,BMS-4.2,,,78.8,False
BAT-2W-101113,2W_2.1kWh,Cellora,CE-2411,2024-09-20,2024-11-09,2.1,32691,99.0,BMS-4.1,,,80.2,False
BAT-2W-101114,2W_2.1kWh,Kyron,KY-2409,2024-07-31,2024-09-10,2.1,33546,99.9,BMS-4.1,2025-06-15,end_of_life,59.5,False
BAT-2W-101115,2W_2.1kWh,Cellora,CE-2504,2025-03-08,2025-04-22,2.1,30814,98.7,BMS-4.2,,,79.5,False
BAT-3W-101116,3W_4.8kWh,Amptek,AM-2504,2025-03-28,2025-04-26,4.8,68053,98.9,BMS-4.0,,,86.7,False
BAT-2W-101117,2W_2.1kWh,Amptek,AM-2407,2024-05-26,2024-07-13,2.1,33694,99.5,BMS-4.0,,,80.8,False
BAT-2W-101118,2W_2.1kWh,Cellora,CE-2305,2023-04-20,2023-05-27,2.1,32555,99.5,BMS-4.1,,,80.4,False
BAT-2W-101119,2W_2.1kWh,Kyron,KY-2409,2024-11-02,2024-11-26,2.1,33314,98.9,BMS-4.0,2025-06-15,end_of_life,61.5,False
BAT-2W-101120,2W_2.1kWh,Cellora,CE-2404,2024-03-26,2024-04-21,2.1,31394,99.0,BMS-4.2,,,79.8,False
BAT-2W-101121,2W_2.1kWh,Amptek,AM-2409,2024-08-03,2024-09-06,2.1,32306,99.4,BMS-4.0,,,81.4,False
BAT-2W-101122,2W_2.1kWh,Amptek,AM-2502,2025-01-14,2025-02-09,2.1,32800,98.5,BMS-4.2,,,80.5,False
BAT-2W-101123,2W_2.1kWh,Cellora,CE-2310,2023-10-04,2023-10-23,2.1,30031,99.3,BMS-4.0,,,81.6,False
BAT-2W-101124,2W_2.1kWh,Cellora,CE-2504,2025-03-18,2025-04-24,2.1,31971,99.2,BMS-4.1,,,79.8,False
BAT-3W-101125,3W_4.8kWh,Cellora,CE-2308,2023-07-09,2023-08-19,4.8,62641,99.2,BMS-4.1,,,86.4,False
BAT-2W-101126,2W_2.1kWh,Kyron,KY-2409,2024-09-07,2024-09-30,2.1,33365,99.4,BMS-4.2,2025-06-15,end_of_life,61.3,False
BAT-2W-101127,2W_2.1kWh,Cellora,CE-2406,2024-05-20,2024-06-04,2.1,30109,98.9,BMS-4.1,,,80.0,False
BAT-2W-101128,2W_2.1kWh,Kyron,KY-2407,2024-11-07,2024-11-20,2.1,31641,99.2,BMS-4.1,2025-06-15,end_of_life,60.6,False
BAT-2W-101129,2W_2.1kWh,Cellora,CE-2404,2024-04-18,2024-04-28,2.1,34097,98.6,BMS-4.2,,,79.7,False
BAT-2W-101130,2W_2.1kWh,Cellora,CE-2312,2023-11-28,2023-12-28,2.1,30633,99.7,BMS-4.0,,,82.0,False
BAT-2W-101131,2W_2.1kWh,Cellora,CE-2410,2024-08-25,2024-10-20,2.1,30448,99.3,BMS-4.1,,,79.2,False
BAT-2W-101132,2W_2.1kWh,Amptek,AM-2504,2025-04-07,2025-04-30,2.1,32720,99.3,BMS-4.2,,,80.3,False
BAT-2W-101133,2W_2.1kWh,Cellora,CE-2501,2024-12-15,2025-01-10,2.1,31581,99.4,BMS-4.2,,,80.6,False
BAT-3W-101134,3W_4.8kWh,Cellora,CE-2408,2024-07-17,2024-08-27,4.8,67763,98.9,BMS-4.2,,,85.6,False
BAT-2W-101135,2W_2.1kWh,Amptek,AM-2406,2024-04-30,2024-06-22,2.1,31289,100.0,BMS-4.2,,,81.6,False
BAT-2W-101136,2W_2.1kWh,Cellora,CE-2505,2025-04-20,2025-05-01,2.1,28975,98.9,BMS-4.0,,,79.2,False
BAT-3W-101137,3W_4.8kWh,Kyron,KY-2414,2024-12-20,2025-02-06,4.8,71250,99.8,BMS-4.1,,,87.7,False
BAT-2W-101138,2W_2.1kWh,Cellora,CE-2401,2023-12-07,2024-01-04,2.1,32978,99.3,BMS-4.0,,,79.2,False
BAT-2W-101139,2W_2.1kWh,Amptek,AM-2409,2024-08-15,2024-09-23,2.1,31238,99.3,BMS-4.1,,,79.0,False
BAT-2W-101140,2W_2.1kWh,Kyron,KY-2408,2024-10-16,2024-11-13,2.1,31885,99.9,BMS-4.2,2025-06-15,end_of_life,63.9,False
BAT-2W-101141,2W_2.1kWh,Kyron,KY-2409,2024-10-06,2024-10-19,2.1,33090,99.3,BMS-4.0,2025-06-15,end_of_life,63.4,False
BAT-2W-101142,2W_2.1kWh,Cellora,CE-2504,2025-03-20,2025-04-09,2.1,32305,99.1,BMS-4.2,,,79.0,False
BAT-2W-101143,2W_2.1kWh,Cellora,CE-2408,2024-06-15,2024-08-12,2.1,34464,99.2,BMS-4.2,,,80.1,False
BAT-2W-101144,2W_2.1kWh,Cellora,CE-2411,2024-10-10,2024-11-30,2.1,31738,98.8,BMS-4.2,,,80.0,False
BAT-2W-101145,2W_2.1kWh,Cellora,CE-2411,2024-11-11,2024-11-30,2.1,30153,99.1,BMS-4.1,,,80.1,False
BAT-3W-101146,3W_4.8kWh,Cellora,CE-2401,2024-01-01,2024-01-14,4.8,67909,99.2,BMS-4.0,,,86.8,False
BAT-2W-101147,2W_2.1kWh,Cellora,CE-2408,2024-06-29,2024-08-19,2.1,32062,98.5,BMS-4.2,,,79.4,False
BAT-2W-101148,2W_2.1kWh,Cellora,CE-2307,2023-06-20,2023-07-12,2.1,32526,99.8,BMS-4.2,,,80.7,False
BAT-2W-101149,2W_2.1kWh,Amptek,AM-2412,2024-12-02,2024-12-19,2.1,31748,99.1,BMS-4.2,,,78.9,False
BAT-2W-101150,2W_2.1kWh,Amptek,AM-2412,2024-11-19,2024-12-21,2.1,32859,98.7,BMS-4.0,,,78.9,False
BAT-3W-101151,3W_4.8kWh,Kyron,KY-2412,2024-11-19,2024-12-14,4.8,70715,98.6,BMS-4.2,,,86.4,False
BAT-2W-101152,2W_2.1kWh,Cellora,CE-2307,2023-05-13,2023-07-10,2.1,29769,98.6,BMS-4.0,,,78.1,False
BAT-2W-101153,2W_2.1kWh,Cellora,CE-2305,2023-04-19,2023-05-07,2.1,31717,98.3,BMS-4.2,,,78.8,False
BAT-2W-101154,2W_2.1kWh,Amptek,AM-2409,2024-07-21,2024-09-17,2.1,32201,99.9,BMS-4.0,,,80.8,False
BAT-2W-101155,2W_2.1kWh,Cellora,CE-2412,2024-10-21,2024-12-19,2.1,31591,99.0,BMS-4.0,,,79.8,False
BAT-2W-101156,2W_2.1kWh,Cellora,CE-2407,2024-06-17,2024-07-16,2.1,31954,99.1,BMS-4.2,,,79.6,False
BAT-2W-101157,2W_2.1kWh,Cellora,CE-2410,2024-08-15,2024-10-10,2.1,32196,99.5,BMS-4.1,,,79.7,False
BAT-2W-101158,2W_2.1kWh,Kyron,KY-2409,2024-09-29,2024-10-21,2.1,33262,99.0,BMS-4.1,2025-06-15,end_of_life,56.0,False
BAT-2W-101159,2W_2.1kWh,Kyron,KY-2407,2024-08-17,2024-10-03,2.1,31019,98.7,BMS-4.0,2025-06-15,end_of_life,59.9,False
BAT-2W-101160,2W_2.1kWh,Amptek,AM-2504,2025-03-15,2025-04-21,2.1,30437,98.8,BMS-4.1,,,80.7,False
BAT-2W-101161,2W_2.1kWh,Cellora,CE-2311,2023-10-01,2023-11-05,2.1,32054,99.6,BMS-4.0,,,78.5,False
BAT-2W-101162,2W_2.1kWh,Kyron,KY-2409,2024-10-16,2024-11-25,2.1,31126,100.0,BMS-4.2,2025-06-15,end_of_life,59.9,False
BAT-2W-101163,2W_2.1kWh,Cellora,CE-2502,2025-01-16,2025-02-11,2.1,32127,99.2,BMS-4.2,,,79.9,False
BAT-2W-101164,2W_2.1kWh,Cellora,CE-2502,2024-12-13,2025-02-02,2.1,32370,99.3,BMS-4.1,,,79.7,False
BAT-2W-101165,2W_2.1kWh,Cellora,CE-2404,2024-03-19,2024-04-22,2.1,33151,98.8,BMS-4.2,,,78.4,False
BAT-2W-101166,2W_2.1kWh,Kyron,KY-2407,2024-10-31,2024-11-28,2.1,32265,98.7,BMS-4.2,2025-06-15,end_of_life,59.1,False
BAT-3W-101167,3W_4.8kWh,Cellora,CE-2404,2024-04-02,2024-04-27,4.8,67157,98.1,BMS-4.1,,,85.6,False
BAT-2W-101168,2W_2.1kWh,Amptek,AM-2411,2024-10-01,2024-11-29,2.1,33683,99.3,BMS-4.1,,,79.7,False
BAT-2W-101169,2W_2.1kWh,Cellora,CE-2412,2024-10-18,2024-12-16,2.1,33249,99.3,BMS-4.2,,,80.4,False
BAT-2W-101170,2W_2.1kWh,Kyron,KY-2407,2024-10-03,2024-10-18,2.1,31983,98.7,BMS-4.2,2025-06-15,end_of_life,58.6,False
BAT-2W-101171,2W_2.1kWh,Cellora,CE-2405,2024-05-02,2024-05-23,2.1,32844,99.6,BMS-4.0,,,81.1,False
BAT-2W-101172,2W_2.1kWh,Cellora,CE-2403,2024-01-28,2024-03-17,2.1,32626,99.8,BMS-4.0,,,80.1,False
BAT-2W-101173,2W_2.1kWh,Kyron,KY-2409,2024-08-11,2024-09-17,2.1,32740,99.6,BMS-4.2,2025-06-15,end_of_life,60.7,False
BAT-2W-101174,2W_2.1kWh,Cellora,CE-2401,2023-12-18,2024-01-19,2.1,31303,99.1,BMS-4.0,,,80.9,False
BAT-2W-101175,2W_2.1kWh,Amptek,AM-2502,2025-01-27,2025-02-21,2.1,29603,98.8,BMS-4.2,,,78.9,False
BAT-2W-101176,2W_2.1kWh,Cellora,CE-2307,2023-06-02,2023-07-10,2.1,34669,99.0,BMS-4.2,,,80.5,False
BAT-3W-101177,3W_4.8kWh,Cellora,CE-2501,2024-12-28,2025-01-28,4.8,62057,99.5,BMS-4.2,,,86.1,False
BAT-2W-101178,2W_2.1kWh,Kyron,KY-2407,2024-09-18,2024-10-24,2.1,31643,99.5,BMS-4.2,2025-06-15,end_of_life,63.6,False
BAT-2W-101179,2W_2.1kWh,Amptek,AM-2405,2024-04-16,2024-05-06,2.1,32451,99.1,BMS-4.1,,,78.2,False
BAT-2W-101180,2W_2.1kWh,Cellora,CE-2303,2023-03-15,2023-03-31,2.1,29589,98.9,BMS-4.2,,,80.9,False
BAT-3W-101181,3W_4.8kWh,Cellora,CE-2403,2024-02-05,2024-03-14,4.8,71976,99.3,BMS-4.2,,,87.2,False
BAT-2W-101182,2W_2.1kWh,Cellora,CE-2505,2025-04-26,2025-05-24,2.1,30971,99.0,BMS-4.1,,,79.5,False
BAT-2W-101183,2W_2.1kWh,Kyron,KY-2409,2024-08-27,2024-10-07,2.1,34523,98.9,BMS-4.0,2025-06-15,end_of_life,59.5,False
BAT-2W-101184,2W_2.1kWh,Amptek,AM-2409,2024-09-13,2024-09-24,2.1,32452,98.7,BMS-4.2,,,79.3,False
BAT-2W-101185,2W_2.1kWh,Cellora,CE-2311,2023-11-04,2023-11-25,2.1,31327,99.3,BMS-4.2,,,81.4,False
BAT-2W-101186,2W_2.1kWh,Cellora,CE-2309,2023-09-05,2023-09-17,2.1,31070,99.6,BMS-4.1,,,81.2,False
BAT-3W-101187,3W_4.8kWh,Cellora,CE-2407,2024-07-05,2024-07-20,4.8,70973,99.4,BMS-4.1,,,86.8,False
BAT-2W-101188,2W_2.1kWh,Kyron,KY-2408,2024-10-14,2024-11-06,2.1,32093,98.3,BMS-4.2,2025-06-15,end_of_life,59.2,False
BAT-2W-101189,2W_2.1kWh,Cellora,CE-2405,2024-04-24,2024-05-19,2.1,32207,99.7,BMS-4.0,,,79.7,False
BAT-2W-101190,2W_2.1kWh,Kyron,KY-2408,2024-09-03,2024-10-03,2.1,33106,99.7,BMS-4.1,2025-06-15,end_of_life,62.3,False
BAT-2W-101191,2W_2.1kWh,Kyron,KY-2408,2024-09-30,2024-10-14,2.1,32106,98.8,BMS-4.1,2025-06-15,end_of_life,59.3,False
BAT-2W-101192,2W_2.1kWh,Cellora,CE-2403,2024-02-17,2024-03-26,2.1,32701,99.0,BMS-4.2,,,77.5,False
BAT-3W-101193,3W_4.8kWh,Cellora,CE-2403,2024-02-21,2024-03-31,4.8,67873,99.2,BMS-4.0,,,86.2,False
BAT-2W-101194,2W_2.1kWh,Amptek,AM-2505,2025-05-07,2025-05-28,2.1,33443,100.0,BMS-4.0,,,81.4,False
BAT-2W-101195,2W_2.1kWh,Kyron,KY-2409,2024-09-12,2024-10-20,2.1,33500,99.1,BMS-4.0,2025-06-15,end_of_life,57.2,False
BAT-2W-101196,2W_2.1kWh,Cellora,CE-2304,2023-03-26,2023-04-14,2.1,30781,99.5,BMS-4.1,,,80.3,False
BAT-2W-101197,2W_2.1kWh,Kyron,KY-2409,2024-08-18,2024-09-30,2.1,32333,99.3,BMS-4.1,2025-06-15,end_of_life,61.0,False
BAT-2W-101198,2W_2.1kWh,Amptek,AM-2404,2024-02-12,2024-04-04,2.1,29609,99.6,BMS-4.0,,,80.5,False
BAT-3W-101199,3W_4.8kWh,Amptek,AM-2411,2024-09-27,2024-11-06,4.8,66169,98.9,BMS-4.0,,,85.9,False
BAT-3W-101200,3W_4.8kWh,Cellora,CE-2501,2024-11-16,2025-01-06,4.8,65165,98.7,BMS-4.2,,,86.3,False
BAT-2W-101201,2W_2.1kWh,Amptek,AM-2404,2024-04-03,2024-04-14,2.1,34137,98.9,BMS-4.1,,,79.6,False
BAT-3W-101202,3W_4.8kWh,Amptek,AM-2404,2024-03-05,2024-04-08,4.8,68439,99.4,BMS-4.0,,,86.7,False
BAT-2W-101203,2W_2.1kWh,Kyron,KY-2408,2024-10-07,2024-11-05,2.1,31944,99.2,BMS-4.1,2025-06-15,end_of_life,58.0,False
BAT-2W-101204,2W_2.1kWh,Kyron,KY-2408,2024-08-21,2024-09-15,2.1,33453,99.4,BMS-4.2,2025-06-15,end_of_life,59.6,False
BAT-2W-101205,2W_2.1kWh,Cellora,CE-2312,2023-10-19,2023-12-03,2.1,32761,99.6,BMS-4.0,,,81.9,False
BAT-2W-101206,2W_2.1kWh,Kyron,KY-2409,2024-09-11,2024-10-06,2.1,33220,99.1,BMS-4.1,2025-06-15,end_of_life,58.4,False
BAT-2W-101207,2W_2.1kWh,Cellora,CE-2309,2023-08-30,2023-09-14,2.1,32685,99.1,BMS-4.2,,,80.6,False
BAT-3W-101208,3W_4.8kWh,Cellora,CE-2505,2025-04-29,2025-05-17,4.8,70130,99.4,BMS-4.2,,,86.1,False
BAT-3W-101209,3W_4.8kWh,Cellora,CE-2406,2024-06-11,2024-06-23,4.8,64346,99.1,BMS-4.0,,,85.6,False
BAT-3W-101210,3W_4.8kWh,Cellora,CE-2408,2024-07-26,2024-08-09,4.8,65177,98.4,BMS-4.0,,,83.8,False
BAT-2W-101211,2W_2.1kWh,Cellora,CE-2408,2024-07-14,2024-08-07,2.1,32072,99.2,BMS-4.2,,,78.2,False
BAT-2W-101212,2W_2.1kWh,Amptek,AM-2409,2024-09-12,2024-09-23,2.1,32042,99.2,BMS-4.0,,,80.0,False
BAT-2W-101213,2W_2.1kWh,Cellora,CE-2306,2023-05-18,2023-06-23,2.1,30693,98.9,BMS-4.2,,,79.2,False
BAT-3W-101214,3W_4.8kWh,Cellora,CE-2401,2023-12-02,2024-01-12,4.8,65070,98.9,BMS-4.2,,,84.7,False
BAT-2W-101215,2W_2.1kWh,Kyron,KY-2407,2024-09-20,2024-11-07,2.1,32149,99.2,BMS-4.0,2025-06-15,end_of_life,61.0,False
BAT-2W-101216,2W_2.1kWh,Amptek,AM-2505,2025-04-09,2025-05-07,2.1,31428,99.0,BMS-4.2,,,79.7,False
BAT-2W-101217,2W_2.1kWh,Amptek,AM-2408,2024-07-15,2024-08-06,2.1,30610,98.9,BMS-4.1,,,79.1,False
BAT-2W-101218,2W_2.1kWh,Cellora,CE-2308,2023-07-01,2023-08-13,2.1,31699,100.0,BMS-4.1,,,80.9,False
BAT-2W-101219,2W_2.1kWh,Kyron,KY-2408,2024-09-20,2024-11-05,2.1,31968,99.8,BMS-4.1,2025-06-15,end_of_life,61.0,False
BAT-2W-101220,2W_2.1kWh,Cellora,CE-2501,2024-11-16,2025-01-12,2.1,31967,98.9,BMS-4.0,,,79.8,False
BAT-2W-101221,2W_2.1kWh,Cellora,CE-2412,2024-10-05,2024-12-01,2.1,31503,99.6,BMS-4.0,,,80.4,False
BAT-2W-101222,2W_2.1kWh,Cellora,CE-2406,2024-04-24,2024-06-13,2.1,32105,99.5,BMS-4.0,,,80.6,False
BAT-2W-101223,2W_2.1kWh,Amptek,AM-2409,2024-08-18,2024-09-23,2.1,31984,99.2,BMS-4.0,,,79.7,False
BAT-2W-101224,2W_2.1kWh,Cellora,CE-2405,2024-03-31,2024-05-26,2.1,32305,98.8,BMS-4.2,,,79.5,False
BAT-2W-101225,2W_2.1kWh,Cellora,CE-2409,2024-09-02,2024-09-23,2.1,32814,99.4,BMS-4.0,,,79.4,False
BAT-3W-101226,3W_4.8kWh,Cellora,CE-2401,2023-12-08,2024-01-19,4.8,70820,100.0,BMS-4.0,,,88.1,False
BAT-2W-101227,2W_2.1kWh,Kyron,KY-2408,2024-09-24,2024-10-08,2.1,32374,98.9,BMS-4.1,2025-06-15,end_of_life,62.2,False
BAT-2W-101228,2W_2.1kWh,Kyron,KY-2407,2024-10-06,2024-11-04,2.1,31844,99.2,BMS-4.0,2025-06-15,end_of_life,60.4,False
BAT-2W-101229,2W_2.1kWh,Cellora,CE-2412,2024-11-05,2024-12-19,2.1,32113,99.1,BMS-4.1,,,79.6,False
BAT-2W-101230,2W_2.1kWh,Cellora,CE-2304,2023-03-25,2023-04-12,2.1,33680,99.4,BMS-4.1,,,80.7,False
BAT-3W-101231,3W_4.8kWh,Cellora,CE-2404,2024-03-05,2024-04-30,4.8,70024,99.2,BMS-4.0,,,86.7,False
BAT-3W-101232,3W_4.8kWh,Amptek,AM-2502,2024-12-23,2025-02-07,4.8,70203,98.9,BMS-4.1,,,87.0,False
BAT-2W-101233,2W_2.1kWh,Amptek,AM-2506,2025-04-12,2025-06-08,2.1,31707,99.1,BMS-4.0,,,78.7,False
BAT-2W-101234,2W_2.1kWh,Amptek,AM-2411,2024-09-28,2024-11-12,2.1,31558,98.7,BMS-4.1,,,80.2,False
BAT-2W-101235,2W_2.1kWh,Cellora,CE-2503,2025-01-12,2025-03-01,2.1,31839,99.5,BMS-4.2,,,80.9,False
BAT-2W-101236,2W_2.1kWh,Kyron,KY-2408,2024-09-07,2024-10-04,2.1,31356,99.3,BMS-4.2,2025-06-15,end_of_life,60.0,False
BAT-3W-101237,3W_4.8kWh,Kyron,KY-2413,2025-01-07,2025-01-28,4.8,66463,99.0,BMS-4.2,,,86.3,False
BAT-2W-101238,2W_2.1kWh,Amptek,AM-2405,2024-04-14,2024-05-03,2.1,32964,99.0,BMS-4.2,,,79.1,False
BAT-2W-101239,2W_2.1kWh,Amptek,AM-2506,2025-05-04,2025-06-04,2.1,30844,99.4,BMS-4.2,,,81.9,False
BAT-2W-101240,2W_2.1kWh,Kyron,KY-2409,2024-09-12,2024-10-05,2.1,29477,99.0,BMS-4.0,2025-06-15,end_of_life,58.3,False
BAT-3W-101241,3W_4.8kWh,Kyron,KY-2407,2024-05-29,2024-07-01,4.8,68654,98.9,BMS-4.0,2025-06-15,end_of_life,69.0,False
BAT-3W-101242,3W_4.8kWh,Amptek,AM-2407,2024-06-03,2024-07-14,4.8,65276,99.5,BMS-4.2,,,88.1,False
BAT-2W-101243,2W_2.1kWh,Cellora,CE-2502,2025-02-02,2025-02-13,2.1,31072,99.6,BMS-4.1,,,80.0,False
BAT-2W-101244,2W_2.1kWh,Kyron,KY-2408,2024-10-23,2024-11-07,2.1,32281,99.5,BMS-4.0,2025-06-15,end_of_life,60.7,False
BAT-2W-101245,2W_2.1kWh,Cellora,CE-2404,2024-03-23,2024-04-18,2.1,34413,99.4,BMS-4.0,,,80.1,False
BAT-3W-101246,3W_4.8kWh,Kyron,KY-2418,2025-04-27,2025-06-06,4.8,63330,98.7,BMS-4.2,,,86.1,False
BAT-2W-101247,2W_2.1kWh,Amptek,AM-2403,2024-01-20,2024-03-06,2.1,30221,98.6,BMS-4.1,,,79.2,False
BAT-2W-101248,2W_2.1kWh,Amptek,AM-2501,2024-12-20,2025-01-19,2.1,31346,99.6,BMS-4.2,,,79.5,False
BAT-3W-101249,3W_4.8kWh,Cellora,CE-2505,2025-05-03,2025-05-26,4.8,69389,99.7,BMS-4.2,,,86.8,False
BAT-2W-101250,2W_2.1kWh,Kyron,KY-2408,2024-10-25,2024-11-26,2.1,32365,98.8,BMS-4.0,2025-06-15,end_of_life,58.4,False
BAT-2W-101251,2W_2.1kWh,Kyron,KY-2409,2024-10-22,2024-11-19,2.1,32454,99.1,BMS-4.1,2025-06-15,end_of_life,59.0,False
BAT-2W-101252,2W_2.1kWh,Kyron,KY-2409,2024-09-07,2024-10-13,2.1,33880,99.1,BMS-4.1,2025-06-15,end_of_life,62.3,False
BAT-2W-101253,2W_2.1kWh,Cellora,CE-2402,2023-12-20,2024-02-15,2.1,30541,99.3,BMS-4.1,,,79.1,False
BAT-2W-101254,2W_2.1kWh,Kyron,KY-2408,2024-09-13,2024-10-25,2.1,32455,99.6,BMS-4.1,2025-06-15,end_of_life,59.2,False
BAT-2W-101255,2W_2.1kWh,Kyron,KY-2408,2024-10-17,2024-11-04,2.1,31403,99.4,BMS-4.2,2025-06-15,end_of_life,61.2,False
BAT-2W-101256,2W_2.1kWh,Cellora,CE-2401,2024-01-05,2024-01-19,2.1,31343,98.8,BMS-4.2,,,79.8,False
BAT-2W-101257,2W_2.1kWh,Amptek,AM-2409,2024-08-14,2024-09-25,2.1,32174,99.6,BMS-4.1,,,80.3,False
BAT-2W-101258,2W_2.1kWh,Kyron,KY-2407,2024-08-18,2024-09-11,2.1,32834,99.3,BMS-4.0,2025-06-15,end_of_life,58.1,False
BAT-2W-101259,2W_2.1kWh,Kyron,KY-2409,2024-10-02,2024-11-17,2.1,33252,98.3,BMS-4.2,2025-06-15,end_of_life,57.3,False
BAT-2W-101260,2W_2.1kWh,Cellora,CE-2409,2024-08-01,2024-09-17,2.1,32513,99.8,BMS-4.2,,,80.3,False
BAT-3W-101261,3W_4.8kWh,Cellora,CE-2309,2023-07-28,2023-09-07,4.8,63597,99.2,BMS-4.1,,,87.8,False
BAT-2W-101262,2W_2.1kWh,Kyron,KY-2407,2024-10-05,2024-10-19,2.1,33080,99.0,BMS-4.0,2025-06-15,end_of_life,62.6,False
BAT-3W-101263,3W_4.8kWh,Kyron,KY-2411,2024-10-14,2024-11-25,4.8,62685,99.8,BMS-4.1,,,87.1,False
BAT-2W-101264,2W_2.1kWh,Kyron,KY-2408,2024-10-19,2024-11-07,2.1,31635,100.0,BMS-4.1,2025-06-15,end_of_life,61.3,False
BAT-2W-101265,2W_2.1kWh,Kyron,KY-2407,2024-08-05,2024-09-14,2.1,30921,99.9,BMS-4.0,2025-06-15,end_of_life,61.8,False
BAT-2W-101266,2W_2.1kWh,Cellora,CE-2309,2023-08-24,2023-09-26,2.1,34823,99.4,BMS-4.2,,,80.6,False
BAT-2W-101267,2W_2.1kWh,Cellora,CE-2407,2024-06-17,2024-07-22,2.1,32921,99.4,BMS-4.0,,,79.3,False
BAT-2W-101268,2W_2.1kWh,Kyron,KY-2407,2024-11-10,2024-11-29,2.1,32038,98.7,BMS-4.2,2025-06-15,end_of_life,62.6,False
BAT-3W-101269,3W_4.8kWh,Cellora,CE-2305,2023-04-10,2023-05-26,4.8,68646,98.5,BMS-4.2,,,85.2,False
BAT-2W-101270,2W_2.1kWh,Cellora,CE-2404,2024-03-10,2024-04-26,2.1,30553,98.9,BMS-4.1,,,78.4,False
BAT-2W-101271,2W_2.1kWh,Amptek,AM-2410,2024-09-15,2024-10-09,2.1,31351,98.7,BMS-4.0,,,79.9,False
BAT-3W-101272,3W_4.8kWh,Amptek,AM-2407,2024-06-13,2024-07-20,4.8,64551,98.7,BMS-4.2,,,86.8,False
BAT-3W-101273,3W_4.8kWh,Cellora,CE-2307,2023-06-04,2023-07-01,4.8,64947,98.9,BMS-4.1,,,85.6,False
BAT-3W-101274,3W_4.8kWh,Cellora,CE-2503,2025-03-15,2025-03-28,4.8,68889,99.1,BMS-4.0,,,87.0,False
BAT-2W-101275,2W_2.1kWh,Cellora,CE-2504,2025-03-13,2025-04-22,2.1,30039,99.1,BMS-4.2,,,80.7,False
BAT-2W-101276,2W_2.1kWh,Amptek,AM-2404,2024-04-01,2024-04-26,2.1,30152,99.4,BMS-4.0,,,78.5,False
BAT-2W-101277,2W_2.1kWh,Amptek,AM-2407,2024-05-30,2024-07-06,2.1,32510,99.0,BMS-4.2,,,80.1,False
BAT-2W-101278,2W_2.1kWh,Cellora,CE-2403,2024-01-31,2024-03-07,2.1,33329,99.6,BMS-4.1,,,79.8,False
BAT-2W-101279,2W_2.1kWh,Amptek,AM-2504,2025-03-30,2025-04-18,2.1,31927,98.7,BMS-4.1,,,79.8,False
BAT-2W-101280,2W_2.1kWh,Cellora,CE-2406,2024-05-26,2024-06-17,2.1,31639,98.5,BMS-4.1,,,80.1,False
BAT-3W-101281,3W_4.8kWh,Amptek,AM-2505,2025-04-29,2025-05-18,4.8,69687,99.3,BMS-4.2,,,86.6,False
BAT-2W-101282,2W_2.1kWh,Amptek,AM-2407,2024-06-17,2024-07-12,2.1,31909,99.1,BMS-4.1,,,79.9,False
BAT-2W-101283,2W_2.1kWh,Amptek,AM-2501,2024-12-28,2025-01-10,2.1,31131,98.9,BMS-4.0,,,79.9,False
BAT-2W-101284,2W_2.1kWh,Kyron,KY-2408,2024-09-19,2024-10-29,2.1,32725,99.2,BMS-4.2,2025-06-15,end_of_life,59.2,False
BAT-2W-101285,2W_2.1kWh,Cellora,CE-2405,2024-03-08,2024-05-06,2.1,32713,99.0,BMS-4.1,,,80.7,False
BAT-3W-101286,3W_4.8kWh,Cellora,CE-2503,2025-02-21,2025-03-18,4.8,67003,98.8,BMS-4.2,,,85.9,False
BAT-2W-101287,2W_2.1kWh,Kyron,KY-2409,2024-08-24,2024-09-17,2.1,30973,99.2,BMS-4.1,2025-06-15,end_of_life,61.8,False
BAT-2W-101288,2W_2.1kWh,Cellora,CE-2412,2024-10-25,2024-12-20,2.1,31527,99.0,BMS-4.2,,,80.2,False
BAT-2W-101289,2W_2.1kWh,Cellora,CE-2412,2024-10-17,2024-12-11,2.1,30633,98.2,BMS-4.1,,,79.7,False
BAT-2W-101290,2W_2.1kWh,Cellora,CE-2501,2024-12-08,2025-01-22,2.1,31798,98.6,BMS-4.1,,,79.4,False
BAT-2W-101291,2W_2.1kWh,Cellora,CE-2505,2025-03-09,2025-05-04,2.1,34556,99.4,BMS-4.0,,,80.3,False
BAT-3W-101292,3W_4.8kWh,Cellora,CE-2407,2024-05-16,2024-07-07,4.8,65901,99.2,BMS-4.2,,,86.7,False
BAT-2W-101293,2W_2.1kWh,Cellora,CE-2312,2023-11-17,2023-12-03,2.1,31977,98.9,BMS-4.1,,,79.5,False
BAT-2W-101294,2W_2.1kWh,Cellora,CE-2312,2023-11-03,2023-12-29,2.1,33294,99.3,BMS-4.0,,,81.8,False
BAT-2W-101295,2W_2.1kWh,Amptek,AM-2406,2024-05-29,2024-06-10,2.1,32281,99.5,BMS-4.0,,,80.8,False
BAT-3W-101296,3W_4.8kWh,Cellora,CE-2311,2023-09-25,2023-11-20,4.8,62597,99.2,BMS-4.1,,,87.0,False
BAT-2W-101297,2W_2.1kWh,Cellora,CE-2305,2023-04-03,2023-05-08,2.1,33216,99.2,BMS-4.0,,,80.3,False
BAT-2W-101298,2W_2.1kWh,Cellora,CE-2412,2024-11-06,2024-12-31,2.1,30839,98.7,BMS-4.2,,,80.1,False
BAT-2W-101299,2W_2.1kWh,Kyron,KY-2408,2024-08-11,2024-09-10,2.1,29887,99.3,BMS-4.1,2025-06-15,end_of_life,61.4,False
BAT-2W-101300,2W_2.1kWh,Cellora,CE-2402,2024-01-22,2024-02-23,2.1,29633,99.5,BMS-4.0,,,80.0,False
BAT-2W-101301,2W_2.1kWh,Cellora,CE-2306,2023-05-18,2023-06-11,2.1,31923,99.9,BMS-4.2,,,80.2,False
BAT-2W-101302,2W_2.1kWh,Cellora,CE-2309,2023-08-17,2023-09-25,2.1,33511,99.1,BMS-4.1,,,80.7,False
BAT-2W-101303,2W_2.1kWh,Cellora,CE-2312,2023-11-16,2023-12-04,2.1,35151,99.9,BMS-4.0,,,81.9,False
BAT-2W-101304,2W_2.1kWh,Kyron,KY-2407,2024-09-07,2024-09-20,2.1,29817,98.8,BMS-4.1,2025-06-15,end_of_life,60.8,False
BAT-2W-101305,2W_2.1kWh,Kyron,KY-2407,2024-08-26,2024-09-13,2.1,31729,98.9,BMS-4.1,2025-06-15,end_of_life,59.5,False
BAT-2W-101306,2W_2.1kWh,Kyron,KY-2408,2024-09-04,2024-09-29,2.1,31877,99.2,BMS-4.0,2025-06-15,end_of_life,59.1,False
BAT-3W-101307,3W_4.8kWh,Cellora,CE-2308,2023-07-02,2023-08-11,4.8,67540,98.3,BMS-4.1,,,86.3,False
BAT-2W-101308,2W_2.1kWh,Kyron,KY-2407,2024-08-30,2024-09-21,2.1,31438,99.6,BMS-4.1,2025-06-15,end_of_life,62.0,False
BAT-2W-101309,2W_2.1kWh,Kyron,KY-2409,2024-09-14,2024-10-14,2.1,32887,98.4,BMS-4.0,2025-06-15,end_of_life,57.9,False
BAT-2W-101310,2W_2.1kWh,Cellora,CE-2308,2023-07-20,2023-08-21,2.1,30196,98.7,BMS-4.1,,,80.0,False
BAT-2W-101311,2W_2.1kWh,Cellora,CE-2503,2025-01-09,2025-03-02,2.1,31290,99.2,BMS-4.2,,,79.5,False
BAT-2W-101312,2W_2.1kWh,Amptek,AM-2403,2024-03-01,2024-03-24,2.1,31290,98.8,BMS-4.1,,,78.7,False
BAT-2W-101313,2W_2.1kWh,Amptek,AM-2404,2024-02-08,2024-04-04,2.1,33729,99.5,BMS-4.0,,,81.2,False
BAT-2W-101314,2W_2.1kWh,Kyron,KY-2407,2024-09-05,2024-10-10,2.1,31504,99.7,BMS-4.2,2025-06-15,end_of_life,59.2,False
BAT-2W-101315,2W_2.1kWh,Cellora,CE-2304,2023-03-08,2023-04-20,2.1,31070,99.2,BMS-4.1,,,79.2,False
BAT-2W-101316,2W_2.1kWh,Kyron,KY-2409,2024-11-03,2024-11-13,2.1,30351,99.4,BMS-4.2,2025-06-15,end_of_life,61.2,False
BAT-2W-101317,2W_2.1kWh,Cellora,CE-2504,2025-03-19,2025-04-29,2.1,31511,99.3,BMS-4.1,,,80.4,False
BAT-2W-101318,2W_2.1kWh,Kyron,KY-2408,2024-08-22,2024-09-14,2.1,31934,99.3,BMS-4.1,2025-06-15,end_of_life,64.8,False
BAT-2W-101319,2W_2.1kWh,Amptek,AM-2502,2025-02-01,2025-02-11,2.1,32398,98.8,BMS-4.0,,,79.4,False
BAT-2W-101320,2W_2.1kWh,Cellora,CE-2312,2023-11-24,2023-12-30,2.1,31012,98.9,BMS-4.0,,,78.5,False
BAT-3W-101321,3W_4.8kWh,Kyron,KY-2409,2024-09-04,2024-09-29,4.8,64609,99.5,BMS-4.2,,,70.1,False
BAT-3W-101322,3W_4.8kWh,Cellora,CE-2309,2023-08-24,2023-09-08,4.8,64044,99.5,BMS-4.1,,,87.3,False
BAT-2W-101323,2W_2.1kWh,Cellora,CE-2406,2024-06-02,2024-06-25,2.1,31412,99.0,BMS-4.2,,,78.3,False
BAT-2W-101324,2W_2.1kWh,Cellora,CE-2305,2023-04-12,2023-05-31,2.1,32403,99.8,BMS-4.2,,,81.3,False
BAT-2W-101325,2W_2.1kWh,Amptek,AM-2403,2024-01-19,2024-03-11,2.1,31830,99.1,BMS-4.0,,,81.5,False
BAT-2W-101326,2W_2.1kWh,Kyron,KY-2409,2024-08-29,2024-10-03,2.1,32144,98.8,BMS-4.1,2025-06-15,end_of_life,62.8,False
BAT-2W-101327,2W_2.1kWh,Cellora,CE-2403,2024-03-04,2024-03-15,2.1,29646,99.7,BMS-4.1,,,79.4,False
BAT-3W-101328,3W_4.8kWh,Kyron,KY-2411,2024-11-08,2024-11-20,4.8,70529,98.9,BMS-4.2,,,86.8,False
BAT-3W-101329,3W_4.8kWh,Cellora,CE-2403,2024-02-10,2024-03-25,4.8,70762,99.9,BMS-4.0,,,86.7,False
BAT-2W-101330,2W_2.1kWh,Kyron,KY-2408,2024-10-12,2024-11-08,2.1,33540,99.5,BMS-4.1,2025-06-15,end_of_life,59.3,False
BAT-2W-101331,2W_2.1kWh,Cellora,CE-2404,2024-03-03,2024-04-16,2.1,29444,99.6,BMS-4.0,,,80.3,False
BAT-2W-101332,2W_2.1kWh,Cellora,CE-2305,2023-04-27,2023-05-20,2.1,32814,99.0,BMS-4.1,,,80.1,False
BAT-2W-101333,2W_2.1kWh,Cellora,CE-2502,2025-01-01,2025-02-17,2.1,29236,99.0,BMS-4.1,,,80.2,False
BAT-2W-101334,2W_2.1kWh,Kyron,KY-2407,2024-08-16,2024-09-11,2.1,31766,99.6,BMS-4.1,2025-06-15,end_of_life,61.5,False
BAT-2W-101335,2W_2.1kWh,Cellora,CE-2408,2024-07-18,2024-08-03,2.1,31323,98.7,BMS-4.0,,,79.6,False
BAT-2W-101336,2W_2.1kWh,Cellora,CE-2403,2024-02-11,2024-03-16,2.1,31325,99.9,BMS-4.1,,,80.3,False
BAT-2W-101337,2W_2.1kWh,Cellora,CE-2312,2023-10-25,2023-12-10,2.1,34251,98.7,BMS-4.1,,,80.3,False
BAT-3W-101338,3W_4.8kWh,Cellora,CE-2402,2024-01-01,2024-02-13,4.8,69328,99.6,BMS-4.2,,,86.6,False
BAT-2W-101339,2W_2.1kWh,Cellora,CE-2503,2025-02-17,2025-03-10,2.1,31069,99.9,BMS-4.0,,,80.3,False
BAT-2W-101340,2W_2.1kWh,Cellora,CE-2306,2023-05-07,2023-06-17,2.1,31956,98.9,BMS-4.1,,,80.5,False
BAT-3W-101341,3W_4.8kWh,Cellora,CE-2404,2024-04-01,2024-04-11,4.8,71752,99.4,BMS-4.0,,,87.2,False
BAT-2W-101342,2W_2.1kWh,Cellora,CE-2402,2023-12-29,2024-02-03,2.1,33260,99.2,BMS-4.0,,,79.5,False
BAT-3W-101343,3W_4.8kWh,Kyron,KY-2414,2025-01-04,2025-02-01,4.8,68210,99.6,BMS-4.1,,,85.9,False
BAT-3W-101344,3W_4.8kWh,Cellora,CE-2406,2024-05-31,2024-06-21,4.8,68982,99.3,BMS-4.2,,,86.7,False
BAT-2W-101345,2W_2.1kWh,Cellora,CE-2305,2023-03-25,2023-05-23,2.1,33539,99.5,BMS-4.1,,,79.2,False
BAT-2W-101346,2W_2.1kWh,Cellora,CE-2406,2024-05-25,2024-06-05,2.1,31801,98.4,BMS-4.0,,,79.2,False
BAT-2W-101347,2W_2.1kWh,Kyron,KY-2408,2024-08-30,2024-10-06,2.1,30374,99.3,BMS-4.1,2025-06-15,end_of_life,62.2,False
BAT-2W-101348,2W_2.1kWh,Kyron,KY-2409,2024-09-07,2024-10-04,2.1,31190,99.3,BMS-4.0,2025-06-15,end_of_life,62.2,False
BAT-2W-101349,2W_2.1kWh,Kyron,KY-2409,2024-08-18,2024-10-03,2.1,31687,99.8,BMS-4.2,2025-06-15,end_of_life,60.5,False
BAT-2W-101350,2W_2.1kWh,Amptek,AM-2505,2025-05-11,2025-05-26,2.1,32525,98.7,BMS-4.0,,,79.3,False
BAT-2W-101351,2W_2.1kWh,Cellora,CE-2303,2023-02-13,2023-03-17,2.1,33003,98.8,BMS-4.0,,,80.2,False
BAT-2W-101352,2W_2.1kWh,Amptek,AM-2410,2024-09-27,2024-10-13,2.1,30221,99.2,BMS-4.2,,,78.8,False
BAT-2W-101353,2W_2.1kWh,Cellora,CE-2402,2024-01-08,2024-02-03,2.1,33198,99.6,BMS-4.1,,,80.4,False
BAT-2W-101354,2W_2.1kWh,Cellora,CE-2306,2023-05-01,2023-06-27,2.1,34586,98.8,BMS-4.0,,,78.9,False
BAT-3W-101355,3W_4.8kWh,Cellora,CE-2505,2025-05-07,2025-05-25,4.8,66348,99.3,BMS-4.0,,,87.1,False
BAT-2W-101356,2W_2.1kWh,Amptek,AM-2506,2025-04-14,2025-06-11,2.1,30241,99.2,BMS-4.1,,,80.3,False
BAT-2W-101357,2W_2.1kWh,Cellora,CE-2407,2024-06-23,2024-07-25,2.1,32673,99.3,BMS-4.2,,,79.7,False
BAT-2W-101358,2W_2.1kWh,Cellora,CE-2307,2023-06-13,2023-07-28,2.1,31497,99.2,BMS-4.0,,,79.3,False
BAT-3W-101359,3W_4.8kWh,Cellora,CE-2409,2024-08-09,2024-09-23,4.8,67941,99.7,BMS-4.0,,,87.6,False
BAT-2W-101360,2W_2.1kWh,Kyron,KY-2409,2024-11-03,2024-11-22,2.1,31307,99.0,BMS-4.1,2025-06-15,end_of_life,61.8,False
BAT-2W-101361,2W_2.1kWh,Cellora,CE-2407,2024-06-19,2024-07-30,2.1,31462,98.9,BMS-4.0,,,80.0,False
BAT-2W-101362,2W_2.1kWh,Cellora,CE-2409,2024-08-21,2024-09-21,2.1,34311,99.3,BMS-4.2,,,79.1,False
BAT-2W-101363,2W_2.1kWh,Amptek,AM-2406,2024-05-16,2024-06-15,2.1,30208,99.2,BMS-4.2,,,80.1,False
BAT-2W-101364,2W_2.1kWh,Amptek,AM-2404,2024-02-26,2024-04-21,2.1,32261,99.8,BMS-4.1,,,80.1,False
BAT-2W-101365,2W_2.1kWh,Cellora,CE-2305,2023-03-16,2023-05-04,2.1,33137,98.7,BMS-4.0,,,79.7,False
BAT-2W-101366,2W_2.1kWh,Kyron,KY-2408,2024-10-20,2024-11-13,2.1,32495,99.0,BMS-4.0,2025-06-15,end_of_life,59.2,False
BAT-2W-101367,2W_2.1kWh,Kyron,KY-2408,2024-08-27,2024-10-10,2.1,31466,99.0,BMS-4.1,2025-06-15,end_of_life,59.0,False
BAT-2W-101368,2W_2.1kWh,Cellora,CE-2412,2024-11-15,2024-12-21,2.1,32954,99.4,BMS-4.2,,,80.1,False
BAT-3W-101369,3W_4.8kWh,Cellora,CE-2308,2023-07-22,2023-08-15,4.8,65279,99.7,BMS-4.1,,,87.3,False
BAT-3W-101370,3W_4.8kWh,Cellora,CE-2308,2023-08-02,2023-08-13,4.8,67069,99.7,BMS-4.0,,,88.0,False
BAT-2W-101371,2W_2.1kWh,Kyron,KY-2407,2024-10-21,2024-11-09,2.1,31622,99.5,BMS-4.1,2025-06-15,end_of_life,61.7,False
BAT-2W-101372,2W_2.1kWh,Kyron,KY-2409,2024-09-28,2024-11-04,2.1,30887,99.9,BMS-4.0,2025-06-15,end_of_life,63.2,False
BAT-3W-101373,3W_4.8kWh,Cellora,CE-2307,2023-05-09,2023-07-06,4.8,68870,99.3,BMS-4.1,,,86.1,False
BAT-2W-101374,2W_2.1kWh,Cellora,CE-2501,2024-12-11,2025-01-17,2.1,32506,99.0,BMS-4.0,,,80.3,False
BAT-2W-101375,2W_2.1kWh,Cellora,CE-2306,2023-05-30,2023-06-18,2.1,33313,99.4,BMS-4.2,,,80.8,False
BAT-2W-101376,2W_2.1kWh,Cellora,CE-2412,2024-10-09,2024-12-04,2.1,33115,99.3,BMS-4.1,,,79.5,False
BAT-2W-101377,2W_2.1kWh,Amptek,AM-2409,2024-08-22,2024-09-28,2.1,30652,99.5,BMS-4.1,,,80.0,False
BAT-2W-101378,2W_2.1kWh,Cellora,CE-2305,2023-03-27,2023-05-07,2.1,30054,99.9,BMS-4.0,,,81.0,False
BAT-2W-101379,2W_2.1kWh,Cellora,CE-2402,2024-01-11,2024-02-19,2.1,33264,98.8,BMS-4.1,,,79.3,False
BAT-2W-101380,2W_2.1kWh,Cellora,CE-2303,2023-01-17,2023-03-14,2.1,31958,98.9,BMS-4.1,,,81.0,False
BAT-2W-101381,2W_2.1kWh,Kyron,KY-2407,2024-09-02,2024-10-16,2.1,32793,99.7,BMS-4.2,2025-06-15,end_of_life,58.1,False
BAT-3W-101382,3W_4.8kWh,Amptek,AM-2412,2024-11-09,2024-12-18,4.8,66193,98.8,BMS-4.1,,,87.2,False
BAT-2W-101383,2W_2.1kWh,Cellora,CE-2410,2024-10-07,2024-10-26,2.1,32977,98.6,BMS-4.2,,,77.9,False
BAT-2W-101384,2W_2.1kWh,Cellora,CE-2408,2024-06-18,2024-08-07,2.1,33240,99.7,BMS-4.1,,,81.0,False
BAT-2W-101385,2W_2.1kWh,Kyron,KY-2407,2024-09-27,2024-10-07,2.1,33634,99.3,BMS-4.1,2025-06-15,end_of_life,60.6,False
BAT-3W-101386,3W_4.8kWh,Cellora,CE-2502,2025-01-17,2025-02-06,4.8,68084,99.9,BMS-4.1,,,87.2,False
BAT-2W-101387,2W_2.1kWh,Cellora,CE-2304,2023-03-23,2023-04-28,2.1,31596,99.2,BMS-4.0,,,80.1,False
BAT-2W-101388,2W_2.1kWh,Cellora,CE-2409,2024-09-08,2024-09-30,2.1,32307,99.3,BMS-4.0,,,81.2,False
BAT-2W-101389,2W_2.1kWh,Amptek,AM-2505,2025-05-06,2025-05-30,2.1,32369,99.0,BMS-4.0,,,79.8,False
BAT-3W-101390,3W_4.8kWh,Kyron,KY-2410,2024-08-20,2024-10-02,4.8,69872,99.1,BMS-4.1,,,86.1,False
BAT-2W-101391,2W_2.1kWh,Cellora,CE-2501,2024-11-21,2025-01-17,2.1,31704,98.9,BMS-4.0,,,78.7,False
BAT-2W-101392,2W_2.1kWh,Amptek,AM-2505,2025-04-13,2025-05-10,2.1,32094,99.4,BMS-4.0,,,79.9,False
BAT-3W-101393,3W_4.8kWh,Cellora,CE-2405,2024-03-20,2024-05-01,4.8,68028,99.2,BMS-4.2,,,86.1,False
BAT-3W-101394,3W_4.8kWh,Cellora,CE-2303,2023-02-02,2023-03-31,4.8,72810,99.0,BMS-4.0,,,86.3,False
BAT-2W-101395,2W_2.1kWh,Cellora,CE-2412,2024-11-10,2024-12-31,2.1,32222,99.5,BMS-4.2,,,80.2,False
BAT-2W-101396,2W_2.1kWh,Amptek,AM-2504,2025-03-05,2025-04-09,2.1,33256,98.8,BMS-4.2,,,79.3,False
BAT-2W-101397,2W_2.1kWh,Cellora,CE-2412,2024-10-27,2024-12-10,2.1,32732,99.5,BMS-4.1,,,80.1,False
BAT-3W-101398,3W_4.8kWh,Amptek,AM-2404,2024-03-30,2024-04-10,4.8,66743,98.9,BMS-4.1,,,85.4,False
BAT-2W-101399,2W_2.1kWh,Cellora,CE-2407,2024-06-23,2024-07-04,2.1,31880,99.6,BMS-4.2,,,80.4,False
BAT-2W-101400,2W_2.1kWh,Cellora,CE-2505,2025-03-18,2025-05-01,2.1,31930,99.2,BMS-4.1,,,81.0,False
BAT-2W-101401,2W_2.1kWh,Kyron,KY-2409,2024-09-03,2024-10-10,2.1,34922,99.2,BMS-4.1,2025-06-15,end_of_life,59.2,False
BAT-2W-101402,2W_2.1kWh,Cellora,CE-2505,2025-04-21,2025-05-25,2.1,33437,99.8,BMS-4.0,,,81.6,False
BAT-2W-101403,2W_2.1kWh,Amptek,AM-2406,2024-06-06,2024-06-27,2.1,33630,99.0,BMS-4.0,,,78.8,False
BAT-3W-101404,3W_4.8kWh,Amptek,AM-2410,2024-10-18,2024-10-29,4.8,68628,99.3,BMS-4.0,,,86.5,False
BAT-2W-101405,2W_2.1kWh,Cellora,CE-2308,2023-06-27,2023-08-03,2.1,30555,98.7,BMS-4.2,,,79.5,False
BAT-3W-101406,3W_4.8kWh,Cellora,CE-2309,2023-08-09,2023-09-10,4.8,73201,99.6,BMS-4.1,,,86.5,False
BAT-2W-101407,2W_2.1kWh,Cellora,CE-2407,2024-06-25,2024-07-31,2.1,31775,98.9,BMS-4.1,,,81.2,False
BAT-2W-101408,2W_2.1kWh,Kyron,KY-2407,2024-08-11,2024-09-14,2.1,32446,98.8,BMS-4.2,2025-06-15,end_of_life,59.2,False
BAT-2W-101409,2W_2.1kWh,Amptek,AM-2502,2025-01-21,2025-02-16,2.1,29428,99.3,BMS-4.1,,,79.6,False
BAT-3W-101410,3W_4.8kWh,Cellora,CE-2307,2023-06-12,2023-07-07,4.8,71022,98.8,BMS-4.0,,,85.3,False
BAT-2W-101411,2W_2.1kWh,Cellora,CE-2401,2024-01-11,2024-01-31,2.1,33301,98.9,BMS-4.2,,,78.3,False
BAT-2W-101412,2W_2.1kWh,Kyron,KY-2407,2024-10-19,2024-11-21,2.1,31983,98.7,BMS-4.0,2025-06-15,end_of_life,60.0,False
BAT-3W-101413,3W_4.8kWh,Cellora,CE-2408,2024-07-02,2024-08-01,4.8,68703,99.3,BMS-4.2,,,87.1,False
BAT-2W-101414,2W_2.1kWh,Kyron,KY-2409,2024-10-16,2024-11-29,2.1,32488,99.6,BMS-4.2,2025-06-15,end_of_life,62.6,False
BAT-2W-101415,2W_2.1kWh,Cellora,CE-2503,2025-02-01,2025-03-21,2.1,32975,99.6,BMS-4.0,,,80.4,False
BAT-3W-101416,3W_4.8kWh,Amptek,AM-2406,2024-04-20,2024-06-04,4.8,64625,99.6,BMS-4.0,,,85.9,False
BAT-3W-101417,3W_4.8kWh,Kyron,KY-2415,2025-02-05,2025-03-11,4.8,68330,99.1,BMS-4.0,,,86.2,False
BAT-2W-101418,2W_2.1kWh,Cellora,CE-2310,2023-08-29,2023-10-25,2.1,32622,99.4,BMS-4.2,,,79.1,False
BAT-2W-101419,2W_2.1kWh,Kyron,KY-2407,2024-08-23,2024-10-08,2.1,28710,99.3,BMS-4.2,2025-06-15,end_of_life,60.1,False
BAT-2W-101420,2W_2.1kWh,Cellora,CE-2407,2024-06-17,2024-07-23,2.1,30058,99.4,BMS-4.0,,,80.6,False
BAT-3W-101421,3W_4.8kWh,Cellora,CE-2303,2023-02-20,2023-03-20,4.8,73315,99.2,BMS-4.0,,,85.8,False
BAT-2W-101422,2W_2.1kWh,Amptek,AM-2501,2024-11-09,2025-01-04,2.1,30403,99.3,BMS-4.2,,,80.5,False
BAT-2W-101423,2W_2.1kWh,Cellora,CE-2405,2024-04-13,2024-05-01,2.1,31308,99.1,BMS-4.0,,,79.5,False
BAT-2W-101424,2W_2.1kWh,Amptek,AM-2503,2025-01-13,2025-03-02,2.1,30070,99.0,BMS-4.1,,,80.7,False
BAT-2W-101425,2W_2.1kWh,Cellora,CE-2403,2024-01-08,2024-03-07,2.1,31447,99.4,BMS-4.0,,,78.9,False
BAT-3W-101426,3W_4.8kWh,Amptek,AM-2503,2025-01-13,2025-03-10,4.8,66576,98.5,BMS-4.0,,,86.4,False
BAT-2W-101427,2W_2.1kWh,Amptek,AM-2503,2025-02-03,2025-03-28,2.1,30948,99.6,BMS-4.2,,,80.9,False
BAT-2W-101428,2W_2.1kWh,Cellora,CE-2405,2024-05-14,2024-05-31,2.1,32312,99.8,BMS-4.1,,,80.5,False
BAT-2W-101429,2W_2.1kWh,Cellora,CE-2306,2023-04-26,2023-06-05,2.1,33334,99.4,BMS-4.1,,,80.3,False
BAT-2W-101430,2W_2.1kWh,Amptek,AM-2407,2024-05-26,2024-07-06,2.1,31122,99.3,BMS-4.0,,,79.9,False
BAT-2W-101431,2W_2.1kWh,Amptek,AM-2408,2024-07-20,2024-08-15,2.1,31817,98.3,BMS-4.0,,,78.6,False
BAT-2W-101432,2W_2.1kWh,Cellora,CE-2307,2023-06-20,2023-07-17,2.1,32002,98.8,BMS-4.2,,,81.2,False
BAT-2W-101433,2W_2.1kWh,Cellora,CE-2308,2023-08-03,2023-08-15,2.1,32604,99.8,BMS-4.0,,,81.1,False
BAT-2W-101434,2W_2.1kWh,Cellora,CE-2404,2024-02-19,2024-04-13,2.1,33146,99.1,BMS-4.2,,,78.8,False
BAT-2W-101435,2W_2.1kWh,Cellora,CE-2408,2024-08-01,2024-08-21,2.1,32422,98.9,BMS-4.0,,,79.6,False
BAT-2W-101436,2W_2.1kWh,Cellora,CE-2407,2024-06-23,2024-07-18,2.1,30840,100.0,BMS-4.2,,,80.0,False
BAT-2W-101437,2W_2.1kWh,Cellora,CE-2409,2024-08-30,2024-09-16,2.1,30543,99.5,BMS-4.2,,,78.6,False
BAT-2W-101438,2W_2.1kWh,Kyron,KY-2408,2024-09-10,2024-09-24,2.1,34199,99.1,BMS-4.0,2025-06-15,end_of_life,58.2,False
BAT-2W-101439,2W_2.1kWh,Cellora,CE-2403,2024-01-17,2024-03-16,2.1,33974,100.0,BMS-4.1,,,80.4,False
BAT-2W-101440,2W_2.1kWh,Cellora,CE-2411,2024-10-04,2024-11-22,2.1,31797,99.3,BMS-4.2,,,80.3,False
BAT-2W-101441,2W_2.1kWh,Cellora,CE-2304,2023-03-12,2023-04-29,2.1,31084,99.5,BMS-4.1,,,79.8,False
BAT-2W-101442,2W_2.1kWh,Cellora,CE-2402,2024-01-04,2024-02-14,2.1,32830,98.2,BMS-4.1,,,80.1,False
BAT-2W-101443,2W_2.1kWh,Cellora,CE-2408,2024-07-22,2024-08-01,2.1,32998,98.7,BMS-4.2,,,78.6,False
BAT-3W-101444,3W_4.8kWh,Kyron,KY-2408,2024-06-17,2024-08-08,4.8,66766,99.1,BMS-4.1,2025-06-15,end_of_life,68.2,False
BAT-3W-101445,3W_4.8kWh,Kyron,KY-2409,2024-09-11,2024-09-23,4.8,69066,98.4,BMS-4.0,,,72.4,False
BAT-3W-101446,3W_4.8kWh,Cellora,CE-2311,2023-10-22,2023-11-11,4.8,66514,98.6,BMS-4.0,,,86.0,False
BAT-2W-101447,2W_2.1kWh,Amptek,AM-2409,2024-08-24,2024-09-05,2.1,31627,99.5,BMS-4.0,,,79.3,False
BAT-2W-101448,2W_2.1kWh,Cellora,CE-2309,2023-08-19,2023-09-13,2.1,32414,98.2,BMS-4.1,,,77.9,False
BAT-2W-101449,2W_2.1kWh,Kyron,KY-2408,2024-10-08,2024-11-23,2.1,32084,99.3,BMS-4.1,2025-06-15,end_of_life,60.9,False
BAT-2W-101450,2W_2.1kWh,Amptek,AM-2410,2024-09-12,2024-10-26,2.1,32393,99.7,BMS-4.0,,,80.9,False
BAT-2W-101451,2W_2.1kWh,Kyron,KY-2409,2024-07-31,2024-09-12,2.1,32676,99.6,BMS-4.0,2025-06-15,end_of_life,59.2,False
BAT-2W-101452,2W_2.1kWh,Kyron,KY-2408,2024-09-08,2024-09-19,2.1,31653,99.6,BMS-4.2,2025-06-15,end_of_life,61.2,False
BAT-2W-101453,2W_2.1kWh,Amptek,AM-2404,2024-02-29,2024-04-17,2.1,31102,99.7,BMS-4.1,,,80.5,False
BAT-2W-101454,2W_2.1kWh,Amptek,AM-2406,2024-05-19,2024-06-02,2.1,34209,99.5,BMS-4.1,,,81.5,False
BAT-2W-101455,2W_2.1kWh,Amptek,AM-2403,2024-02-29,2024-03-17,2.1,32265,98.9,BMS-4.2,,,80.8,False
BAT-2W-101456,2W_2.1kWh,Cellora,CE-2504,2025-03-03,2025-04-24,2.1,31945,99.1,BMS-4.0,,,80.8,False
BAT-2W-101457,2W_2.1kWh,Cellora,CE-2312,2023-11-06,2023-12-06,2.1,31898,99.2,BMS-4.2,,,78.4,False
BAT-2W-101458,2W_2.1kWh,Cellora,CE-2411,2024-10-23,2024-11-05,2.1,31691,99.1,BMS-4.2,,,79.2,False
BAT-2W-101459,2W_2.1kWh,Amptek,AM-2406,2024-04-20,2024-06-04,2.1,33928,99.9,BMS-4.1,,,80.1,False
BAT-2W-101460,2W_2.1kWh,Amptek,AM-2504,2025-02-24,2025-04-01,2.1,32586,99.2,BMS-4.0,,,79.2,False
BAT-2W-101461,2W_2.1kWh,Cellora,CE-2408,2024-07-19,2024-08-30,2.1,31993,99.3,BMS-4.1,,,82.3,False
BAT-3W-101462,3W_4.8kWh,Cellora,CE-2503,2025-01-15,2025-03-14,4.8,68711,99.7,BMS-4.0,,,85.9,False
BAT-2W-101463,2W_2.1kWh,Cellora,CE-2310,2023-09-16,2023-10-28,2.1,30620,98.7,BMS-4.0,,,78.0,False
BAT-3W-101464,3W_4.8kWh,Cellora,CE-2411,2024-10-01,2024-11-17,4.8,68951,99.7,BMS-4.1,,,86.6,False
BAT-2W-101465,2W_2.1kWh,Cellora,CE-2406,2024-06-06,2024-06-25,2.1,31348,99.3,BMS-4.2,,,80.8,False
BAT-2W-101466,2W_2.1kWh,Cellora,CE-2410,2024-08-13,2024-10-02,2.1,31194,99.3,BMS-4.2,,,80.5,False
BAT-2W-101467,2W_2.1kWh,Amptek,AM-2501,2024-12-17,2025-01-28,2.1,30414,98.8,BMS-4.1,,,78.6,False
BAT-2W-101468,2W_2.1kWh,Cellora,CE-2501,2024-12-28,2025-01-09,2.1,31276,98.8,BMS-4.2,,,79.8,False
BAT-2W-101469,2W_2.1kWh,Amptek,AM-2406,2024-04-27,2024-06-16,2.1,29764,99.8,BMS-4.2,,,81.2,False
BAT-2W-101470,2W_2.1kWh,Amptek,AM-2406,2024-05-01,2024-06-01,2.1,31546,99.1,BMS-4.0,,,80.6,False
BAT-2W-101471,2W_2.1kWh,Kyron,KY-2408,2024-10-08,2024-11-09,2.1,34230,99.5,BMS-4.2,2025-06-15,end_of_life,57.0,False
BAT-2W-101472,2W_2.1kWh,Cellora,CE-2310,2023-09-19,2023-10-20,2.1,32631,99.0,BMS-4.2,,,81.7,False
BAT-2W-101473,2W_2.1kWh,Kyron,KY-2409,2024-10-11,2024-11-09,2.1,32296,99.5,BMS-4.1,2025-06-15,end_of_life,60.7,False
BAT-2W-101474,2W_2.1kWh,Cellora,CE-2412,2024-11-22,2024-12-07,2.1,32827,99.2,BMS-4.0,,,79.4,False
BAT-3W-101475,3W_4.8kWh,Cellora,CE-2406,2024-05-15,2024-06-28,4.8,68846,97.8,BMS-4.0,,,84.5,False
BAT-2W-101476,2W_2.1kWh,Kyron,KY-2407,2024-10-18,2024-10-30,2.1,31623,99.2,BMS-4.0,2025-06-15,end_of_life,60.0,False
BAT-2W-101477,2W_2.1kWh,Kyron,KY-2409,2024-08-18,2024-10-02,2.1,32611,99.9,BMS-4.2,2025-06-15,end_of_life,61.2,False
BAT-3W-101478,3W_4.8kWh,Cellora,CE-2304,2023-03-19,2023-04-29,4.8,67737,98.8,BMS-4.1,,,85.2,False
BAT-2W-101479,2W_2.1kWh,Kyron,KY-2409,2024-10-14,2024-11-10,2.1,33538,99.0,BMS-4.1,2025-06-15,end_of_life,59.0,False
BAT-2W-101480,2W_2.1kWh,Cellora,CE-2408,2024-06-24,2024-08-22,2.1,32379,98.8,BMS-4.0,,,80.3,False
BAT-2W-101481,2W_2.1kWh,Kyron,KY-2409,2024-09-22,2024-10-21,2.1,33233,99.3,BMS-4.1,2025-06-15,end_of_life,60.7,False
BAT-2W-101482,2W_2.1kWh,Cellora,CE-2312,2023-12-17,2023-12-29,2.1,30542,98.8,BMS-4.2,,,79.3,False
BAT-2W-101483,2W_2.1kWh,Amptek,AM-2411,2024-10-07,2024-11-19,2.1,31665,99.0,BMS-4.2,,,79.2,False
BAT-2W-101484,2W_2.1kWh,Cellora,CE-2308,2023-06-26,2023-08-19,2.1,31620,98.5,BMS-4.1,,,80.1,False
BAT-2W-101485,2W_2.1kWh,Cellora,CE-2304,2023-02-19,2023-04-06,2.1,30799,98.8,BMS-4.2,,,79.2,False
BAT-2W-101486,2W_2.1kWh,Kyron,KY-2407,2024-11-07,2024-11-17,2.1,32214,99.8,BMS-4.1,2025-06-15,end_of_life,61.1,False
BAT-2W-101487,2W_2.1kWh,Kyron,KY-2409,2024-08-19,2024-09-13,2.1,30397,99.1,BMS-4.0,2025-06-15,end_of_life,61.5,False
BAT-2W-101488,2W_2.1kWh,Kyron,KY-2408,2024-10-08,2024-11-06,2.1,31894,99.1,BMS-4.0,2025-06-15,end_of_life,58.6,False
BAT-2W-101489,2W_2.1kWh,Cellora,CE-2402,2024-01-29,2024-02-13,2.1,32750,99.5,BMS-4.1,,,80.2,False
BAT-2W-101490,2W_2.1kWh,Cellora,CE-2308,2023-07-13,2023-08-05,2.1,33676,99.1,BMS-4.2,,,79.1,False
BAT-2W-101491,2W_2.1kWh,Amptek,AM-2405,2024-04-30,2024-05-24,2.1,31300,98.4,BMS-4.2,,,78.9,False
BAT-3W-101492,3W_4.8kWh,Amptek,AM-2408,2024-06-09,2024-08-06,4.8,66756,99.9,BMS-4.0,,,87.0,False
BAT-2W-101493,2W_2.1kWh,Cellora,CE-2402,2024-01-03,2024-02-17,2.1,31358,99.1,BMS-4.0,,,80.0,False
BAT-2W-101494,2W_2.1kWh,Cellora,CE-2408,2024-08-19,2024-08-31,2.1,30800,99.3,BMS-4.0,,,81.3,False
BAT-2W-101495,2W_2.1kWh,Cellora,CE-2311,2023-11-01,2023-11-25,2.1,31897,100.0,BMS-4.1,,,81.0,False
BAT-2W-101496,2W_2.1kWh,Amptek,AM-2506,2025-04-15,2025-06-10,2.1,32681,98.5,BMS-4.0,,,79.3,False
BAT-2W-101497,2W_2.1kWh,Kyron,KY-2408,2024-11-19,2024-11-30,2.1,34187,99.5,BMS-4.0,2025-06-15,end_of_life,61.1,False
BAT-2W-101498,2W_2.1kWh,Cellora,CE-2310,2023-08-29,2023-10-03,2.1,32751,100.0,BMS-4.0,,,81.3,False
BAT-2W-101499,2W_2.1kWh,Cellora,CE-2404,2024-03-02,2024-04-10,2.1,32753,99.5,BMS-4.2,,,80.1,False
BAT-2W-101500,2W_2.1kWh,Cellora,CE-2310,2023-09-28,2023-10-24,2.1,32431,99.0,BMS-4.0,,,80.0,False
BAT-3W-101501,3W_4.8kWh,Amptek,AM-2501,2024-11-21,2025-01-03,4.8,70704,98.9,BMS-4.2,,,87.3,False
BAT-2W-101502,2W_2.1kWh,Cellora,CE-2310,2023-10-11,2023-10-24,2.1,32517,99.8,BMS-4.1,,,80.8,False
BAT-2W-101503,2W_2.1kWh,Cellora,CE-2303,2023-01-14,2023-03-05,2.1,31897,98.9,BMS-4.0,,,79.5,False
BAT-3W-101504,3W_4.8kWh,Cellora,CE-2305,2023-03-28,2023-05-22,4.8,69219,98.9,BMS-4.2,,,87.7,False
BAT-2W-101505,2W_2.1kWh,Amptek,AM-2404,2024-03-22,2024-04-11,2.1,30798,98.7,BMS-4.1,,,77.6,False
BAT-3W-101506,3W_4.8kWh,Cellora,CE-2505,2025-04-05,2025-05-12,4.8,67475,99.6,BMS-4.1,,,86.9,False
BAT-2W-101507,2W_2.1kWh,Kyron,KY-2409,2024-10-19,2024-11-16,2.1,31822,98.9,BMS-4.2,2025-06-15,end_of_life,58.9,False
BAT-2W-101508,2W_2.1kWh,Cellora,CE-2402,2023-12-13,2024-02-02,2.1,32156,98.9,BMS-4.2,,,79.5,False
BAT-2W-101509,2W_2.1kWh,Cellora,CE-2403,2024-02-26,2024-03-18,2.1,30224,99.5,BMS-4.1,,,79.9,False
BAT-2W-101510,2W_2.1kWh,Amptek,AM-2405,2024-04-30,2024-05-13,2.1,31853,99.7,BMS-4.1,,,81.1,False
BAT-2W-101511,2W_2.1kWh,Amptek,AM-2506,2025-04-30,2025-06-14,2.1,30105,99.2,BMS-4.1,,,78.6,False
BAT-2W-101512,2W_2.1kWh,Amptek,AM-2408,2024-07-17,2024-08-25,2.1,31272,99.0,BMS-4.0,,,79.3,False
BAT-2W-101513,2W_2.1kWh,Cellora,CE-2410,2024-09-22,2024-10-22,2.1,32161,99.2,BMS-4.2,,,80.3,False
BAT-2W-101514,2W_2.1kWh,Cellora,CE-2504,2025-02-26,2025-04-05,2.1,32118,98.7,BMS-4.2,,,79.1,False
BAT-2W-101515,2W_2.1kWh,Cellora,CE-2307,2023-06-30,2023-07-20,2.1,30686,99.3,BMS-4.2,,,80.6,False
BAT-2W-101516,2W_2.1kWh,Kyron,KY-2409,2024-08-31,2024-09-27,2.1,32711,99.6,BMS-4.0,2025-06-15,end_of_life,60.7,False
BAT-3W-101517,3W_4.8kWh,Amptek,AM-2408,2024-07-09,2024-08-21,4.8,69411,99.8,BMS-4.1,,,87.2,False
BAT-2W-101518,2W_2.1kWh,Kyron,KY-2407,2024-09-09,2024-10-23,2.1,30811,99.7,BMS-4.2,2025-06-15,end_of_life,60.5,False
BAT-3W-101519,3W_4.8kWh,Amptek,AM-2504,2025-03-04,2025-04-10,4.8,70916,99.7,BMS-4.1,,,87.1,False
BAT-2W-101520,2W_2.1kWh,Cellora,CE-2310,2023-09-12,2023-10-30,2.1,32025,98.6,BMS-4.0,,,79.7,False
BAT-2W-101521,2W_2.1kWh,Cellora,CE-2401,2024-01-10,2024-01-27,2.1,31029,100.0,BMS-4.1,,,79.6,False
BAT-3W-101522,3W_4.8kWh,Cellora,CE-2305,2023-03-26,2023-05-08,4.8,66213,99.7,BMS-4.0,,,86.7,False
BAT-3W-101523,3W_4.8kWh,Cellora,CE-2311,2023-10-27,2023-11-13,4.8,69961,99.5,BMS-4.2,,,87.2,False
BAT-2W-101524,2W_2.1kWh,Cellora,CE-2304,2023-02-23,2023-04-14,2.1,31676,99.1,BMS-4.2,,,79.2,False
BAT-2W-101525,2W_2.1kWh,Kyron,KY-2409,2024-10-07,2024-11-07,2.1,31615,98.9,BMS-4.1,2025-06-15,end_of_life,57.4,False
BAT-2W-101526,2W_2.1kWh,Cellora,CE-2311,2023-09-18,2023-11-16,2.1,32418,99.3,BMS-4.0,,,81.7,False
BAT-2W-101527,2W_2.1kWh,Cellora,CE-2303,2023-02-04,2023-03-19,2.1,34514,98.9,BMS-4.2,,,80.1,False
BAT-2W-101528,2W_2.1kWh,Kyron,KY-2407,2024-08-13,2024-09-15,2.1,32429,99.1,BMS-4.1,2025-06-15,end_of_life,60.7,False
BAT-2W-101529,2W_2.1kWh,Cellora,CE-2503,2025-02-01,2025-03-08,2.1,33367,99.3,BMS-4.1,,,79.8,False
BAT-2W-101530,2W_2.1kWh,Cellora,CE-2312,2023-11-22,2023-12-13,2.1,32544,99.3,BMS-4.1,,,79.8,False
BAT-2W-101531,2W_2.1kWh,Kyron,KY-2409,2024-09-28,2024-11-03,2.1,31249,98.9,BMS-4.2,2025-06-15,end_of_life,60.4,False
BAT-2W-101532,2W_2.1kWh,Cellora,CE-2406,2024-04-26,2024-06-21,2.1,32788,98.5,BMS-4.0,,,79.1,False
BAT-3W-101533,3W_4.8kWh,Amptek,AM-2407,2024-06-08,2024-07-09,4.8,75037,99.4,BMS-4.1,,,87.3,False
BAT-2W-101534,2W_2.1kWh,Cellora,CE-2306,2023-05-08,2023-06-29,2.1,30204,100.0,BMS-4.1,,,81.2,False
BAT-2W-101535,2W_2.1kWh,Kyron,KY-2408,2024-09-01,2024-09-20,2.1,31837,99.1,BMS-4.0,2025-06-15,end_of_life,60.5,False
BAT-2W-101536,2W_2.1kWh,Kyron,KY-2408,2024-08-07,2024-09-14,2.1,32205,99.3,BMS-4.1,2025-06-15,end_of_life,60.9,False
BAT-3W-101537,3W_4.8kWh,Cellora,CE-2409,2024-08-09,2024-09-09,4.8,71690,99.8,BMS-4.0,,,87.8,False
BAT-2W-101538,2W_2.1kWh,Cellora,CE-2309,2023-08-08,2023-09-22,2.1,32596,99.4,BMS-4.0,,,79.2,False
BAT-2W-101539,2W_2.1kWh,Kyron,KY-2408,2024-08-24,2024-09-30,2.1,31384,99.5,BMS-4.2,2025-06-15,end_of_life,61.6,False
BAT-2W-101540,2W_2.1kWh,Cellora,CE-2308,2023-07-06,2023-08-13,2.1,32140,99.7,BMS-4.1,,,80.7,False
BAT-2W-101541,2W_2.1kWh,Kyron,KY-2408,2024-08-22,2024-09-30,2.1,31610,99.3,BMS-4.1,2025-06-15,end_of_life,61.0,False
BAT-2W-101542,2W_2.1kWh,Amptek,AM-2503,2025-02-20,2025-03-31,2.1,31912,99.6,BMS-4.1,,,80.6,False
BAT-2W-101543,2W_2.1kWh,Kyron,KY-2408,2024-09-10,2024-10-28,2.1,31715,98.8,BMS-4.0,2025-06-15,end_of_life,59.1,False
BAT-2W-101544,2W_2.1kWh,Kyron,KY-2409,2024-09-15,2024-10-10,2.1,32369,98.6,BMS-4.2,2025-06-15,end_of_life,60.4,False
BAT-2W-101545,2W_2.1kWh,Cellora,CE-2401,2023-12-18,2024-01-10,2.1,31690,98.3,BMS-4.0,,,79.7,False
BAT-2W-101546,2W_2.1kWh,Kyron,KY-2409,2024-10-05,2024-11-21,2.1,33513,99.2,BMS-4.2,2025-06-15,end_of_life,58.8,False
BAT-2W-101547,2W_2.1kWh,Amptek,AM-2404,2024-02-11,2024-04-01,2.1,29897,99.5,BMS-4.1,,,80.3,False
BAT-2W-101548,2W_2.1kWh,Kyron,KY-2409,2024-09-20,2024-10-19,2.1,31740,98.9,BMS-4.0,2025-06-15,end_of_life,58.6,False
BAT-3W-101549,3W_4.8kWh,Amptek,AM-2405,2024-04-12,2024-05-18,4.8,64693,100.0,BMS-4.1,,,85.5,False
BAT-2W-101550,2W_2.1kWh,Cellora,CE-2310,2023-09-20,2023-10-27,2.1,31559,98.8,BMS-4.0,,,79.2,False
BAT-2W-101551,2W_2.1kWh,Amptek,AM-2410,2024-09-08,2024-10-16,2.1,30739,99.1,BMS-4.0,,,80.3,False
BAT-2W-101552,2W_2.1kWh,Cellora,CE-2505,2025-04-28,2025-05-28,2.1,32335,99.4,BMS-4.2,,,80.8,False
BAT-3W-101553,3W_4.8kWh,Kyron,KY-2411,2024-09-24,2024-11-08,4.8,62715,98.7,BMS-4.2,,,86.3,False
BAT-2W-101554,2W_2.1kWh,Cellora,CE-2504,2025-03-04,2025-04-26,2.1,31628,99.8,BMS-4.2,,,80.4,False
BAT-2W-101555,2W_2.1kWh,Cellora,CE-2411,2024-10-02,2024-11-07,2.1,31772,99.2,BMS-4.0,,,79.7,False
BAT-2W-101556,2W_2.1kWh,Amptek,AM-2410,2024-09-05,2024-10-20,2.1,31957,98.8,BMS-4.2,,,79.1,False
BAT-2W-101557,2W_2.1kWh,Amptek,AM-2408,2024-07-11,2024-08-13,2.1,31858,99.2,BMS-4.1,,,81.3,False
BAT-2W-101558,2W_2.1kWh,Amptek,AM-2410,2024-10-04,2024-10-31,2.1,29632,99.8,BMS-4.2,,,80.2,False
BAT-3W-101559,3W_4.8kWh,Kyron,KY-2416,2025-03-25,2025-04-10,4.8,69963,99.3,BMS-4.1,,,86.5,False
BAT-2W-101560,2W_2.1kWh,Kyron,KY-2407,2024-10-04,2024-10-16,2.1,32462,98.6,BMS-4.1,2025-06-15,end_of_life,60.1,False
BAT-2W-101561,2W_2.1kWh,Kyron,KY-2409,2024-10-21,2024-11-11,2.1,33102,99.7,BMS-4.1,2025-06-15,end_of_life,59.9,False
BAT-2W-101562,2W_2.1kWh,Cellora,CE-2312,2023-11-15,2023-12-27,2.1,30176,100.0,BMS-4.2,,,80.7,False
BAT-2W-101563,2W_2.1kWh,Cellora,CE-2502,2025-01-18,2025-02-10,2.1,31484,98.3,BMS-4.2,,,78.1,False
BAT-2W-101564,2W_2.1kWh,Kyron,KY-2409,2024-09-01,2024-10-06,2.1,33195,99.3,BMS-4.1,2025-06-15,end_of_life,58.5,False
BAT-2W-101565,2W_2.1kWh,Cellora,CE-2406,2024-05-01,2024-06-15,2.1,30981,98.9,BMS-4.0,,,80.8,False
BAT-2W-101566,2W_2.1kWh,Cellora,CE-2404,2024-03-25,2024-04-07,2.1,31749,99.6,BMS-4.0,,,79.5,False
BAT-3W-101567,3W_4.8kWh,Kyron,KY-2409,2024-07-30,2024-09-13,4.8,63559,99.5,BMS-4.2,,,70.6,False
BAT-2W-101568,2W_2.1kWh,Kyron,KY-2409,2024-10-14,2024-11-25,2.1,32556,99.2,BMS-4.1,2025-06-15,end_of_life,63.4,False
BAT-3W-101569,3W_4.8kWh,Cellora,CE-2408,2024-07-26,2024-08-10,4.8,73321,99.1,BMS-4.1,,,87.0,False
BAT-2W-101570,2W_2.1kWh,Cellora,CE-2503,2025-02-02,2025-03-08,2.1,31424,98.6,BMS-4.0,,,79.0,False
BAT-2W-101571,2W_2.1kWh,Cellora,CE-2409,2024-08-09,2024-09-12,2.1,31622,99.2,BMS-4.2,,,79.5,False
BAT-2W-101572,2W_2.1kWh,Cellora,CE-2304,2023-02-21,2023-04-08,2.1,33928,99.4,BMS-4.0,,,80.7,False
BAT-2W-101573,2W_2.1kWh,Cellora,CE-2409,2024-09-01,2024-09-25,2.1,31876,99.2,BMS-4.2,,,81.4,False
BAT-2W-101574,2W_2.1kWh,Kyron,KY-2408,2024-10-20,2024-11-23,2.1,32598,98.8,BMS-4.0,2025-06-15,end_of_life,59.8,False
BAT-2W-101575,2W_2.1kWh,Cellora,CE-2405,2024-04-26,2024-05-22,2.1,32122,99.5,BMS-4.0,,,79.0,False
BAT-2W-101576,2W_2.1kWh,Kyron,KY-2408,2024-10-19,2024-11-03,2.1,31285,99.0,BMS-4.0,2025-06-15,end_of_life,59.4,False
BAT-2W-101577,2W_2.1kWh,Cellora,CE-2304,2023-02-19,2023-04-14,2.1,30273,99.3,BMS-4.0,,,78.6,False
BAT-2W-101578,2W_2.1kWh,Cellora,CE-2309,2023-09-15,2023-09-26,2.1,31103,99.8,BMS-4.2,,,80.6,False
BAT-2W-101579,2W_2.1kWh,Cellora,CE-2412,2024-11-05,2024-12-08,2.1,32642,99.8,BMS-4.1,,,80.5,False
BAT-2W-101580,2W_2.1kWh,Cellora,CE-2312,2023-11-23,2023-12-10,2.1,33006,99.5,BMS-4.2,,,81.0,False
BAT-2W-101581,2W_2.1kWh,Cellora,CE-2503,2025-02-07,2025-03-21,2.1,31593,99.4,BMS-4.2,,,81.9,False
BAT-2W-101582,2W_2.1kWh,Kyron,KY-2408,2024-08-16,2024-09-11,2.1,31091,99.4,BMS-4.2,2025-06-15,end_of_life,61.4,False
BAT-2W-101583,2W_2.1kWh,Cellora,CE-2401,2023-12-11,2024-01-08,2.1,32065,98.5,BMS-4.1,,,79.3,False
BAT-2W-101584,2W_2.1kWh,Cellora,CE-2310,2023-08-28,2023-10-01,2.1,31607,99.4,BMS-4.1,,,80.5,False
BAT-2W-101585,2W_2.1kWh,Kyron,KY-2409,2024-08-01,2024-09-17,2.1,31630,98.3,BMS-4.2,2025-06-15,end_of_life,62.0,False
BAT-2W-101586,2W_2.1kWh,Kyron,KY-2407,2024-09-19,2024-10-11,2.1,30484,99.5,BMS-4.2,2025-06-15,end_of_life,59.4,False
BAT-2W-101587,2W_2.1kWh,Kyron,KY-2407,2024-08-30,2024-10-01,2.1,32694,100.0,BMS-4.2,2025-06-15,end_of_life,62.7,False
BAT-3W-101588,3W_4.8kWh,Cellora,CE-2504,2025-02-22,2025-04-03,4.8,69165,99.9,BMS-4.0,,,87.6,False
BAT-3W-101589,3W_4.8kWh,Kyron,KY-2408,2024-07-15,2024-08-29,4.8,72809,99.1,BMS-4.1,,,72.3,False
BAT-2W-101590,2W_2.1kWh,Cellora,CE-2505,2025-04-24,2025-05-26,2.1,31580,99.5,BMS-4.2,,,80.5,False
BAT-3W-101591,3W_4.8kWh,Amptek,AM-2404,2024-03-08,2024-04-30,4.8,64116,98.8,BMS-4.2,,,85.9,False
BAT-2W-101592,2W_2.1kWh,Cellora,CE-2312,2023-11-10,2023-12-22,2.1,32088,98.9,BMS-4.0,,,79.5,False
BAT-2W-101593,2W_2.1kWh,Cellora,CE-2311,2023-09-25,2023-11-20,2.1,31177,98.8,BMS-4.2,,,79.6,False
BAT-2W-101594,2W_2.1kWh,Cellora,CE-2408,2024-07-15,2024-08-19,2.1,30098,99.1,BMS-4.1,,,79.9,False
BAT-2W-101595,2W_2.1kWh,Cellora,CE-2411,2024-10-24,2024-11-23,2.1,31310,99.4,BMS-4.1,,,81.5,False
BAT-2W-101596,2W_2.1kWh,Cellora,CE-2504,2025-04-16,2025-04-26,2.1,31019,99.5,BMS-4.0,,,80.0,False
BAT-2W-101597,2W_2.1kWh,Kyron,KY-2408,2024-08-28,2024-10-05,2.1,31034,99.1,BMS-4.0,2025-06-15,end_of_life,62.7,False
BAT-2W-101598,2W_2.1kWh,Amptek,AM-2501,2024-12-12,2025-01-26,2.1,32903,99.6,BMS-4.2,,,79.9,False
BAT-2W-101599,2W_2.1kWh,Cellora,CE-2312,2023-12-09,2023-12-26,2.1,29996,99.2,BMS-4.0,,,79.5,False
BAT-2W-101600,2W_2.1kWh,Amptek,AM-2410,2024-10-08,2024-10-19,2.1,32674,98.4,BMS-4.2,,,80.4,False
BAT-2W-101601,2W_2.1kWh,Cellora,CE-2312,2023-11-12,2023-12-26,2.1,29054,99.4,BMS-4.1,,,79.9,False
BAT-3W-101602,3W_4.8kWh,Kyron,KY-2417,2025-03-05,2025-05-01,4.8,65561,99.5,BMS-4.0,,,86.5,False
BAT-2W-101603,2W_2.1kWh,Amptek,AM-2504,2025-02-20,2025-04-01,2.1,31840,99.0,BMS-4.2,,,79.4,False
BAT-2W-101604,2W_2.1kWh,Cellora,CE-2412,2024-10-26,2024-12-13,2.1,31902,99.6,BMS-4.0,,,80.8,False
BAT-2W-101605,2W_2.1kWh,Kyron,KY-2408,2024-09-10,2024-10-15,2.1,32321,99.5,BMS-4.2,2025-06-15,end_of_life,60.1,False
BAT-2W-101606,2W_2.1kWh,Amptek,AM-2407,2024-07-12,2024-07-25,2.1,31833,99.6,BMS-4.0,,,80.8,False
BAT-2W-101607,2W_2.1kWh,Cellora,CE-2304,2023-03-26,2023-04-12,2.1,33259,99.6,BMS-4.1,,,80.0,False
BAT-2W-101608,2W_2.1kWh,Kyron,KY-2408,2024-08-29,2024-10-04,2.1,31599,100.0,BMS-4.1,2025-06-15,end_of_life,61.3,False
BAT-2W-101609,2W_2.1kWh,Kyron,KY-2407,2024-09-19,2024-10-17,2.1,31887,99.3,BMS-4.1,2025-06-15,end_of_life,59.7,False
BAT-2W-101610,2W_2.1kWh,Amptek,AM-2504,2025-02-28,2025-04-17,2.1,31731,99.4,BMS-4.0,,,79.9,False
BAT-3W-101611,3W_4.8kWh,Cellora,CE-2404,2024-03-04,2024-04-20,4.8,65960,99.7,BMS-4.1,,,86.6,False
BAT-3W-101612,3W_4.8kWh,Cellora,CE-2502,2025-01-13,2025-02-15,4.8,64391,99.2,BMS-4.1,,,86.1,False
BAT-2W-101613,2W_2.1kWh,Cellora,CE-2404,2024-03-22,2024-04-10,2.1,33796,99.4,BMS-4.1,,,79.4,False
BAT-2W-101614,2W_2.1kWh,Amptek,AM-2408,2024-07-22,2024-08-28,2.1,31467,99.1,BMS-4.0,,,79.2,False
BAT-2W-101615,2W_2.1kWh,Cellora,CE-2410,2024-08-27,2024-10-25,2.1,32489,98.6,BMS-4.0,,,80.8,False
BAT-2W-101616,2W_2.1kWh,Kyron,KY-2408,2024-09-20,2024-11-06,2.1,30275,98.7,BMS-4.0,2025-06-15,end_of_life,60.0,False
BAT-3W-101617,3W_4.8kWh,Cellora,CE-2411,2024-10-08,2024-11-19,4.8,61977,98.9,BMS-4.1,,,86.9,False
BAT-2W-101618,2W_2.1kWh,Cellora,CE-2305,2023-03-26,2023-05-19,2.1,31634,99.4,BMS-4.1,,,80.4,False
BAT-2W-101619,2W_2.1kWh,Cellora,CE-2505,2025-05-08,2025-05-25,2.1,32089,99.1,BMS-4.1,,,79.4,False
BAT-2W-101620,2W_2.1kWh,Kyron,KY-2407,2024-10-10,2024-11-01,2.1,32761,99.2,BMS-4.2,2025-06-15,end_of_life,60.8,False
BAT-2W-101621,2W_2.1kWh,Kyron,KY-2408,2024-09-20,2024-10-18,2.1,31610,99.2,BMS-4.0,2025-06-15,end_of_life,57.4,False
BAT-3W-101622,3W_4.8kWh,Cellora,CE-2412,2024-11-29,2024-12-25,4.8,62178,98.4,BMS-4.0,,,86.0,False
BAT-2W-101623,2W_2.1kWh,Cellora,CE-2405,2024-05-16,2024-05-30,2.1,30707,99.1,BMS-4.1,,,80.0,False
BAT-2W-101624,2W_2.1kWh,Cellora,CE-2309,2023-07-29,2023-09-02,2.1,33659,99.5,BMS-4.0,,,80.7,False
BAT-2W-101625,2W_2.1kWh,Amptek,AM-2403,2024-02-01,2024-03-08,2.1,31650,98.8,BMS-4.2,,,79.5,False
BAT-2W-101626,2W_2.1kWh,Kyron,KY-2407,2024-10-08,2024-11-07,2.1,31156,99.7,BMS-4.0,2025-06-15,end_of_life,61.6,False
BAT-2W-101627,2W_2.1kWh,Cellora,CE-2404,2024-02-04,2024-04-02,2.1,32227,98.4,BMS-4.0,,,78.7,False
BAT-2W-101628,2W_2.1kWh,Cellora,CE-2308,2023-08-06,2023-08-16,2.1,30339,99.4,BMS-4.0,,,79.7,False
BAT-2W-101629,2W_2.1kWh,Kyron,KY-2409,2024-08-08,2024-09-20,2.1,32407,99.5,BMS-4.1,2025-06-15,end_of_life,61.1,False
BAT-2W-101630,2W_2.1kWh,Cellora,CE-2306,2023-05-18,2023-06-05,2.1,30261,98.8,BMS-4.1,,,79.6,False
BAT-2W-101631,2W_2.1kWh,Cellora,CE-2405,2024-03-07,2024-05-01,2.1,30936,98.8,BMS-4.1,,,79.8,False
BAT-3W-101632,3W_4.8kWh,Cellora,CE-2303,2023-03-02,2023-03-22,4.8,64992,98.6,BMS-4.1,,,86.0,False
BAT-2W-101633,2W_2.1kWh,Amptek,AM-2407,2024-07-06,2024-07-30,2.1,32194,99.4,BMS-4.1,,,80.8,False
BAT-2W-101634,2W_2.1kWh,Kyron,KY-2409,2024-09-26,2024-10-13,2.1,31214,98.8,BMS-4.2,2025-06-15,end_of_life,59.5,False
BAT-2W-101635,2W_2.1kWh,Cellora,CE-2503,2025-03-03,2025-03-14,2.1,32491,98.8,BMS-4.2,,,80.5,False
BAT-2W-101636,2W_2.1kWh,Cellora,CE-2504,2025-03-07,2025-04-12,2.1,32173,99.3,BMS-4.2,,,78.5,False
BAT-3W-101637,3W_4.8kWh,Kyron,KY-2409,2024-08-09,2024-09-08,4.8,73172,100.0,BMS-4.0,2025-06-15,end_of_life,69.5,False
BAT-2W-101638,2W_2.1kWh,Kyron,KY-2409,2024-10-19,2024-11-27,2.1,32791,99.1,BMS-4.1,2025-06-15,end_of_life,60.1,False
BAT-2W-101639,2W_2.1kWh,Cellora,CE-2403,2024-01-20,2024-03-12,2.1,32154,99.1,BMS-4.1,,,78.4,False
BAT-2W-101640,2W_2.1kWh,Cellora,CE-2406,2024-06-03,2024-06-18,2.1,32798,99.4,BMS-4.2,,,79.7,False
BAT-2W-101641,2W_2.1kWh,Cellora,CE-2403,2024-02-16,2024-03-21,2.1,32694,99.4,BMS-4.0,,,79.9,False
BAT-2W-101642,2W_2.1kWh,Cellora,CE-2308,2023-08-12,2023-08-23,2.1,32833,98.6,BMS-4.2,,,78.6,False
BAT-2W-101643,2W_2.1kWh,Kyron,KY-2407,2024-09-20,2024-10-26,2.1,32308,98.4,BMS-4.1,2025-06-15,end_of_life,58.0,False
BAT-2W-101644,2W_2.1kWh,Cellora,CE-2401,2023-12-24,2024-01-29,2.1,32316,99.3,BMS-4.2,,,79.9,False
BAT-2W-101645,2W_2.1kWh,Cellora,CE-2307,2023-05-12,2023-07-09,2.1,30741,100.0,BMS-4.2,,,80.0,False
BAT-2W-101646,2W_2.1kWh,Amptek,AM-2410,2024-09-19,2024-10-08,2.1,31706,100.0,BMS-4.0,,,80.9,False
BAT-2W-101647,2W_2.1kWh,Amptek,AM-2503,2025-02-26,2025-03-09,2.1,33672,98.8,BMS-4.1,,,80.7,False
BAT-2W-101648,2W_2.1kWh,Cellora,CE-2404,2024-02-20,2024-04-18,2.1,33397,99.4,BMS-4.0,,,80.0,False
BAT-2W-101649,2W_2.1kWh,Cellora,CE-2407,2024-06-14,2024-07-24,2.1,30983,99.5,BMS-4.2,,,80.5,False
BAT-2W-101650,2W_2.1kWh,Amptek,AM-2501,2024-12-04,2025-01-16,2.1,32816,99.2,BMS-4.1,,,80.6,False
BAT-2W-101651,2W_2.1kWh,Cellora,CE-2408,2024-07-07,2024-08-27,2.1,31815,99.4,BMS-4.2,,,79.9,False
BAT-3W-101652,3W_4.8kWh,Cellora,CE-2303,2023-03-07,2023-03-20,4.8,69703,99.2,BMS-4.1,,,85.3,False
BAT-2W-101653,2W_2.1kWh,Kyron,KY-2409,2024-09-06,2024-09-27,2.1,32687,98.7,BMS-4.2,2025-06-15,end_of_life,61.0,False
BAT-2W-101654,2W_2.1kWh,Kyron,KY-2408,2024-10-06,2024-10-24,2.1,33327,99.9,BMS-4.0,2025-06-15,end_of_life,63.2,False
BAT-2W-101655,2W_2.1kWh,Cellora,CE-2502,2024-12-12,2025-02-01,2.1,29845,99.0,BMS-4.1,,,79.1,False
BAT-2W-101656,2W_2.1kWh,Cellora,CE-2409,2024-08-02,2024-09-30,2.1,32837,98.6,BMS-4.1,,,80.0,False
BAT-2W-101657,2W_2.1kWh,Kyron,KY-2409,2024-09-28,2024-10-24,2.1,31234,99.3,BMS-4.0,2025-06-15,end_of_life,58.0,False
BAT-3W-101658,3W_4.8kWh,Cellora,CE-2407,2024-05-21,2024-07-04,4.8,70253,99.1,BMS-4.2,,,86.4,False
BAT-2W-101659,2W_2.1kWh,Cellora,CE-2303,2023-02-09,2023-03-07,2.1,31541,100.0,BMS-4.0,,,80.2,False
BAT-3W-101660,3W_4.8kWh,Kyron,KY-2412,2024-11-12,2024-12-21,4.8,68539,98.6,BMS-4.0,,,86.4,False
BAT-2W-101661,2W_2.1kWh,Kyron,KY-2409,2024-10-25,2024-11-30,2.1,31486,99.4,BMS-4.0,2025-06-15,end_of_life,59.0,False
BAT-2W-101662,2W_2.1kWh,Cellora,CE-2501,2024-12-14,2025-01-06,2.1,32245,98.5,BMS-4.2,,,79.6,False
BAT-2W-101663,2W_2.1kWh,Cellora,CE-2403,2024-01-12,2024-03-11,2.1,32204,99.2,BMS-4.2,,,80.4,False
BAT-2W-101664,2W_2.1kWh,Kyron,KY-2407,2024-09-05,2024-10-03,2.1,32093,99.3,BMS-4.2,2025-06-15,end_of_life,61.8,False
BAT-3W-101665,3W_4.8kWh,Kyron,KY-2415,2025-01-31,2025-03-29,4.8,71461,98.4,BMS-4.0,,,85.9,False
BAT-2W-101666,2W_2.1kWh,Cellora,CE-2410,2024-08-31,2024-10-15,2.1,32675,99.3,BMS-4.2,,,80.9,False
BAT-3W-101667,3W_4.8kWh,Cellora,CE-2502,2024-12-31,2025-02-23,4.8,69147,99.6,BMS-4.1,,,86.5,False
BAT-2W-101668,2W_2.1kWh,Amptek,AM-2405,2024-04-12,2024-05-13,2.1,30475,99.1,BMS-4.0,,,79.3,False
BAT-2W-101669,2W_2.1kWh,Cellora,CE-2405,2024-04-17,2024-05-29,2.1,33364,99.4,BMS-4.2,,,79.9,False
BAT-2W-101670,2W_2.1kWh,Cellora,CE-2405,2024-04-26,2024-05-08,2.1,32527,99.7,BMS-4.0,,,81.5,False
BAT-2W-101671,2W_2.1kWh,Cellora,CE-2304,2023-02-20,2023-04-15,2.1,30768,98.0,BMS-4.0,,,78.4,False
BAT-2W-101672,2W_2.1kWh,Cellora,CE-2501,2024-12-19,2025-01-07,2.1,31839,99.5,BMS-4.1,,,81.1,False
BAT-2W-101673,2W_2.1kWh,Cellora,CE-2308,2023-06-30,2023-08-13,2.1,32185,99.5,BMS-4.1,,,81.7,False
BAT-2W-101674,2W_2.1kWh,Cellora,CE-2408,2024-07-18,2024-08-01,2.1,30591,99.6,BMS-4.0,,,81.3,False
BAT-2W-101675,2W_2.1kWh,Kyron,KY-2408,2024-09-25,2024-10-08,2.1,31043,99.0,BMS-4.1,2025-06-15,end_of_life,63.4,False
BAT-3W-101676,3W_4.8kWh,Kyron,KY-2409,2024-07-31,2024-09-26,4.8,68309,99.5,BMS-4.0,,,70.8,False
BAT-2W-101677,2W_2.1kWh,Amptek,AM-2405,2024-04-02,2024-05-20,2.1,32539,98.8,BMS-4.1,,,79.4,False
BAT-2W-101678,2W_2.1kWh,Cellora,CE-2305,2023-03-15,2023-05-05,2.1,31515,99.2,BMS-4.1,,,80.1,False
BAT-2W-101679,2W_2.1kWh,Cellora,CE-2503,2025-01-10,2025-03-02,2.1,30055,98.8,BMS-4.1,,,80.5,False
BAT-2W-101680,2W_2.1kWh,Kyron,KY-2407,2024-09-25,2024-11-05,2.1,32681,99.1,BMS-4.0,2025-06-15,end_of_life,60.1,False
BAT-2W-101681,2W_2.1kWh,Cellora,CE-2309,2023-09-12,2023-09-27,2.1,32440,98.1,BMS-4.0,,,77.2,False
BAT-2W-101682,2W_2.1kWh,Kyron,KY-2407,2024-10-27,2024-11-23,2.1,31207,98.9,BMS-4.0,2025-06-15,end_of_life,61.3,False
BAT-2W-101683,2W_2.1kWh,Cellora,CE-2312,2023-11-19,2023-12-26,2.1,32089,98.7,BMS-4.1,,,78.8,False
BAT-2W-101684,2W_2.1kWh,Kyron,KY-2409,2024-08-22,2024-09-19,2.1,29634,99.1,BMS-4.0,2025-06-15,end_of_life,64.4,False
BAT-2W-101685,2W_2.1kWh,Kyron,KY-2408,2024-09-18,2024-09-29,2.1,31826,100.0,BMS-4.1,2025-06-15,end_of_life,61.6,False
BAT-2W-101686,2W_2.1kWh,Cellora,CE-2503,2025-02-21,2025-03-17,2.1,33661,99.6,BMS-4.2,,,80.1,False
BAT-2W-101687,2W_2.1kWh,Kyron,KY-2409,2024-08-12,2024-09-20,2.1,32339,99.3,BMS-4.0,2025-06-15,end_of_life,61.0,False
BAT-2W-101688,2W_2.1kWh,Kyron,KY-2407,2024-09-16,2024-09-29,2.1,32158,98.7,BMS-4.2,2025-06-15,end_of_life,60.1,False
BAT-2W-101689,2W_2.1kWh,Kyron,KY-2409,2024-08-10,2024-09-10,2.1,33278,99.2,BMS-4.0,2025-06-15,end_of_life,57.8,False
BAT-2W-101690,2W_2.1kWh,Cellora,CE-2303,2023-02-25,2023-03-11,2.1,31632,98.7,BMS-4.1,,,79.5,False
BAT-2W-101691,2W_2.1kWh,Cellora,CE-2411,2024-09-30,2024-11-01,2.1,31455,99.2,BMS-4.0,,,79.3,False
BAT-2W-101692,2W_2.1kWh,Cellora,CE-2303,2023-02-25,2023-03-12,2.1,31389,99.4,BMS-4.1,,,80.4,False
BAT-2W-101693,2W_2.1kWh,Cellora,CE-2502,2024-12-25,2025-02-05,2.1,31907,99.8,BMS-4.2,,,81.1,False
BAT-2W-101694,2W_2.1kWh,Cellora,CE-2310,2023-10-01,2023-10-13,2.1,31666,98.2,BMS-4.0,,,79.2,False
BAT-2W-101695,2W_2.1kWh,Cellora,CE-2309,2023-08-18,2023-09-22,2.1,29302,99.8,BMS-4.2,,,81.1,False
BAT-2W-101696,2W_2.1kWh,Kyron,KY-2408,2024-10-16,2024-11-27,2.1,32007,99.2,BMS-4.2,2025-06-15,end_of_life,58.2,False
BAT-2W-101697,2W_2.1kWh,Cellora,CE-2505,2025-05-06,2025-05-21,2.1,32716,98.8,BMS-4.2,,,80.8,False
BAT-2W-101698,2W_2.1kWh,Amptek,AM-2406,2024-04-08,2024-06-04,2.1,33247,99.2,BMS-4.0,,,80.3,False
BAT-2W-101699,2W_2.1kWh,Kyron,KY-2407,2024-10-08,2024-11-08,2.1,31697,98.6,BMS-4.1,2025-06-15,end_of_life,59.4,False
BAT-3W-101700,3W_4.8kWh,Cellora,CE-2504,2025-03-20,2025-04-25,4.8,73307,98.9,BMS-4.1,,,86.4,False
BAT-2W-101701,2W_2.1kWh,Cellora,CE-2306,2023-05-01,2023-06-10,2.1,31944,98.2,BMS-4.1,,,79.3,False
BAT-2W-101702,2W_2.1kWh,Kyron,KY-2407,2024-09-22,2024-10-05,2.1,31881,99.2,BMS-4.1,2025-06-15,end_of_life,56.5,False
BAT-2W-101703,2W_2.1kWh,Kyron,KY-2409,2024-10-09,2024-10-23,2.1,32068,99.3,BMS-4.2,2025-06-15,end_of_life,60.9,False
BAT-2W-101704,2W_2.1kWh,Cellora,CE-2504,2025-04-12,2025-04-25,2.1,30901,99.0,BMS-4.0,,,78.3,False
BAT-3W-101705,3W_4.8kWh,Kyron,KY-2417,2025-04-21,2025-05-16,4.8,71873,99.8,BMS-4.1,,,87.4,False
BAT-2W-101706,2W_2.1kWh,Amptek,AM-2502,2025-01-23,2025-02-06,2.1,33692,98.9,BMS-4.2,,,79.2,False
BAT-3W-101707,3W_4.8kWh,Kyron,KY-2415,2025-02-18,2025-03-14,4.8,66590,99.3,BMS-4.0,,,86.2,False
BAT-2W-101708,2W_2.1kWh,Kyron,KY-2407,2024-09-23,2024-10-09,2.1,30779,99.0,BMS-4.0,2025-06-15,end_of_life,59.3,False
BAT-2W-101709,2W_2.1kWh,Kyron,KY-2408,2024-09-20,2024-10-19,2.1,31005,99.0,BMS-4.1,2025-06-15,end_of_life,61.3,False
BAT-2W-101710,2W_2.1kWh,Kyron,KY-2409,2024-10-03,2024-11-08,2.1,30839,99.4,BMS-4.1,2025-06-15,end_of_life,59.6,False
BAT-3W-101711,3W_4.8kWh,Cellora,CE-2403,2024-01-28,2024-03-19,4.8,66398,99.2,BMS-4.1,,,87.3,False
BAT-2W-101712,2W_2.1kWh,Cellora,CE-2309,2023-08-24,2023-09-30,2.1,32548,99.3,BMS-4.0,,,80.8,False
BAT-2W-101713,2W_2.1kWh,Kyron,KY-2407,2024-07-31,2024-09-12,2.1,32254,99.7,BMS-4.0,2025-06-15,end_of_life,58.7,False
BAT-2W-101714,2W_2.1kWh,Cellora,CE-2401,2023-12-27,2024-01-14,2.1,31125,99.4,BMS-4.0,,,80.1,False
BAT-2W-101715,2W_2.1kWh,Cellora,CE-2501,2024-12-02,2025-01-18,2.1,30910,100.0,BMS-4.2,,,80.7,False
BAT-2W-101716,2W_2.1kWh,Kyron,KY-2408,2024-08-17,2024-09-20,2.1,33573,99.8,BMS-4.1,2025-06-15,end_of_life,62.3,False
BAT-2W-101717,2W_2.1kWh,Cellora,CE-2308,2023-07-03,2023-08-03,2.1,32208,99.8,BMS-4.2,,,81.0,False
BAT-2W-101718,2W_2.1kWh,Kyron,KY-2408,2024-11-01,2024-11-23,2.1,31956,99.1,BMS-4.1,2025-06-15,end_of_life,60.9,False
BAT-2W-101719,2W_2.1kWh,Kyron,KY-2407,2024-10-26,2024-11-26,2.1,32378,99.0,BMS-4.2,2025-06-15,end_of_life,60.5,False
BAT-2W-101720,2W_2.1kWh,Amptek,AM-2412,2024-10-10,2024-12-04,2.1,32863,99.1,BMS-4.1,,,79.9,False
BAT-3W-101721,3W_4.8kWh,Cellora,CE-2312,2023-10-26,2023-12-18,4.8,68148,99.5,BMS-4.2,,,87.6,False
BAT-2W-101722,2W_2.1kWh,Amptek,AM-2405,2024-03-27,2024-05-18,2.1,33022,99.4,BMS-4.0,,,79.4,False
BAT-2W-101723,2W_2.1kWh,Kyron,KY-2408,2024-09-18,2024-11-05,2.1,33040,99.7,BMS-4.0,2025-06-15,end_of_life,60.2,False
BAT-3W-101724,3W_4.8kWh,Cellora,CE-2308,2023-08-01,2023-08-13,4.8,67759,99.6,BMS-4.2,,,87.2,False
BAT-2W-101725,2W_2.1kWh,Cellora,CE-2410,2024-09-19,2024-10-09,2.1,31824,98.9,BMS-4.1,,,79.3,False
BAT-2W-101726,2W_2.1kWh,Kyron,KY-2409,2024-08-12,2024-09-13,2.1,32591,98.2,BMS-4.1,2025-06-15,end_of_life,59.1,False
BAT-3W-101727,3W_4.8kWh,Cellora,CE-2408,2024-07-08,2024-08-09,4.8,66606,99.4,BMS-4.2,,,86.8,False
BAT-2W-101728,2W_2.1kWh,Kyron,KY-2407,2024-08-11,2024-09-21,2.1,31285,99.1,BMS-4.0,2025-06-15,end_of_life,60.9,False
BAT-2W-101729,2W_2.1kWh,Cellora,CE-2306,2023-05-15,2023-06-04,2.1,29578,99.1,BMS-4.1,,,81.2,False
BAT-2W-101730,2W_2.1kWh,Amptek,AM-2412,2024-11-02,2024-12-27,2.1,32746,99.5,BMS-4.0,,,79.2,False
BAT-2W-101731,2W_2.1kWh,Cellora,CE-2412,2024-10-24,2024-12-02,2.1,33731,99.1,BMS-4.2,,,80.2,False
BAT-2W-101732,2W_2.1kWh,Cellora,CE-2407,2024-06-17,2024-07-30,2.1,30928,99.3,BMS-4.1,,,79.1,False
BAT-3W-101733,3W_4.8kWh,Cellora,CE-2407,2024-06-16,2024-07-01,4.8,68677,99.6,BMS-4.0,,,86.0,False
BAT-2W-101734,2W_2.1kWh,Cellora,CE-2411,2024-09-22,2024-11-16,2.1,31088,99.6,BMS-4.2,,,80.1,False
BAT-2W-101735,2W_2.1kWh,Amptek,AM-2503,2025-01-27,2025-03-01,2.1,31437,99.4,BMS-4.0,,,81.0,False
BAT-2W-101736,2W_2.1kWh,Cellora,CE-2410,2024-10-19,2024-10-30,2.1,31870,99.1,BMS-4.0,,,81.0,False
BAT-2W-101737,2W_2.1kWh,Amptek,AM-2412,2024-11-02,2024-12-31,2.1,32919,98.9,BMS-4.0,,,78.3,False
BAT-2W-101738,2W_2.1kWh,Cellora,CE-2504,2025-02-10,2025-04-01,2.1,31336,99.3,BMS-4.0,,,80.0,False
BAT-2W-101739,2W_2.1kWh,Kyron,KY-2408,2024-08-28,2024-09-29,2.1,31923,99.6,BMS-4.1,2025-06-15,end_of_life,61.4,False
BAT-2W-101740,2W_2.1kWh,Cellora,CE-2412,2024-11-19,2024-12-03,2.1,32373,98.7,BMS-4.1,,,80.1,False
BAT-2W-101741,2W_2.1kWh,Amptek,AM-2406,2024-06-02,2024-06-16,2.1,31968,98.8,BMS-4.2,,,78.6,False
BAT-2W-101742,2W_2.1kWh,Amptek,AM-2407,2024-07-04,2024-07-15,2.1,30601,99.1,BMS-4.2,,,79.3,False
BAT-2W-101743,2W_2.1kWh,Kyron,KY-2409,2024-10-11,2024-10-31,2.1,32785,99.1,BMS-4.2,2025-06-15,end_of_life,60.9,False
BAT-2W-101744,2W_2.1kWh,Kyron,KY-2407,2024-09-07,2024-09-21,2.1,31958,99.4,BMS-4.0,2025-06-15,end_of_life,61.7,False
BAT-3W-101745,3W_4.8kWh,Cellora,CE-2403,2024-03-02,2024-03-29,4.8,66232,99.1,BMS-4.1,,,87.5,False
BAT-3W-101746,3W_4.8kWh,Cellora,CE-2404,2024-02-23,2024-04-06,4.8,66702,99.0,BMS-4.2,,,86.7,False
BAT-2W-101747,2W_2.1kWh,Cellora,CE-2309,2023-07-18,2023-09-03,2.1,32046,98.9,BMS-4.1,,,80.0,False
BAT-2W-101748,2W_2.1kWh,Cellora,CE-2405,2024-04-25,2024-05-11,2.1,33016,98.9,BMS-4.1,,,81.1,False
BAT-2W-101749,2W_2.1kWh,Kyron,KY-2408,2024-08-27,2024-10-13,2.1,31618,99.1,BMS-4.1,2025-06-15,end_of_life,61.9,False
BAT-2W-101750,2W_2.1kWh,Amptek,AM-2503,2025-02-22,2025-03-14,2.1,33098,99.0,BMS-4.1,,,79.7,False
BAT-2W-101751,2W_2.1kWh,Cellora,CE-2304,2023-03-01,2023-04-23,2.1,32122,99.5,BMS-4.0,,,79.0,False
BAT-3W-101752,3W_4.8kWh,Cellora,CE-2402,2024-02-11,2024-02-21,4.8,68960,99.2,BMS-4.1,,,86.2,False
BAT-2W-101753,2W_2.1kWh,Kyron,KY-2409,2024-09-19,2024-10-10,2.1,34792,99.8,BMS-4.0,2025-06-15,end_of_life,62.3,False
BAT-2W-101754,2W_2.1kWh,Amptek,AM-2412,2024-12-18,2024-12-28,2.1,31588,99.9,BMS-4.0,,,80.6,False
BAT-2W-101755,2W_2.1kWh,Cellora,CE-2411,2024-09-25,2024-11-16,2.1,32120,99.1,BMS-4.1,,,80.4,False
BAT-2W-101756,2W_2.1kWh,Cellora,CE-2310,2023-09-29,2023-10-11,2.1,31848,98.7,BMS-4.1,,,81.4,False
BAT-2W-101757,2W_2.1kWh,Cellora,CE-2501,2024-12-30,2025-01-20,2.1,32376,99.1,BMS-4.2,,,78.5,False
BAT-2W-101758,2W_2.1kWh,Amptek,AM-2404,2024-02-18,2024-04-17,2.1,30572,99.7,BMS-4.1,,,79.1,False
BAT-3W-101759,3W_4.8kWh,Amptek,AM-2406,2024-05-06,2024-06-04,4.8,72477,99.0,BMS-4.1,,,85.4,False
BAT-2W-101760,2W_2.1kWh,Amptek,AM-2405,2024-03-08,2024-05-03,2.1,32296,99.1,BMS-4.2,,,79.3,False
BAT-2W-101761,2W_2.1kWh,Cellora,CE-2505,2025-04-28,2025-05-30,2.1,33248,99.6,BMS-4.1,,,79.4,False
BAT-2W-101762,2W_2.1kWh,Kyron,KY-2407,2024-09-21,2024-11-04,2.1,32047,99.4,BMS-4.2,2025-06-15,end_of_life,60.5,False
BAT-2W-101763,2W_2.1kWh,Kyron,KY-2408,2024-08-05,2024-09-20,2.1,32612,99.2,BMS-4.0,2025-06-15,end_of_life,58.1,False
BAT-2W-101764,2W_2.1kWh,Cellora,CE-2504,2025-02-11,2025-04-08,2.1,31195,99.5,BMS-4.1,,,80.2,False
BAT-2W-101765,2W_2.1kWh,Cellora,CE-2409,2024-08-14,2024-09-01,2.1,33364,99.3,BMS-4.2,,,79.5,False
BAT-3W-101766,3W_4.8kWh,Amptek,AM-2505,2025-04-07,2025-05-22,4.8,67885,99.1,BMS-4.0,,,85.3,False
BAT-2W-101767,2W_2.1kWh,Kyron,KY-2408,2024-10-06,2024-11-01,2.1,33234,99.3,BMS-4.1,2025-06-15,end_of_life,63.2,False
BAT-2W-101768,2W_2.1kWh,Amptek,AM-2503,2025-01-24,2025-03-20,2.1,32160,97.8,BMS-4.1,,,77.3,False
BAT-3W-101769,3W_4.8kWh,Cellora,CE-2307,2023-06-09,2023-07-31,4.8,67927,99.3,BMS-4.2,,,86.3,False
BAT-2W-101770,2W_2.1kWh,Kyron,KY-2407,2024-10-12,2024-11-17,2.1,34210,98.4,BMS-4.0,2025-06-15,end_of_life,56.5,False
BAT-2W-101771,2W_2.1kWh,Kyron,KY-2408,2024-10-06,2024-10-29,2.1,32346,99.1,BMS-4.0,2025-06-15,end_of_life,58.8,False
BAT-2W-101772,2W_2.1kWh,Cellora,CE-2407,2024-06-16,2024-07-21,2.1,31421,99.5,BMS-4.0,,,80.6,False
BAT-3W-101773,3W_4.8kWh,Cellora,CE-2312,2023-11-01,2023-12-02,4.8,68587,99.8,BMS-4.0,,,86.2,False
BAT-2W-101774,2W_2.1kWh,Kyron,KY-2408,2024-11-10,2024-11-22,2.1,30786,100.0,BMS-4.0,2025-06-15,end_of_life,62.7,False
BAT-2W-101775,2W_2.1kWh,Cellora,CE-2410,2024-08-19,2024-10-17,2.1,33461,98.5,BMS-4.1,,,79.8,False
BAT-2W-101776,2W_2.1kWh,Amptek,AM-2406,2024-05-10,2024-06-17,2.1,31859,99.3,BMS-4.2,,,79.1,False
BAT-2W-101777,2W_2.1kWh,Kyron,KY-2409,2024-10-12,2024-11-11,2.1,30750,99.6,BMS-4.2,2025-06-15,end_of_life,63.4,False
BAT-2W-101778,2W_2.1kWh,Kyron,KY-2407,2024-10-07,2024-10-26,2.1,29571,98.8,BMS-4.1,2025-06-15,end_of_life,61.1,False
BAT-2W-101779,2W_2.1kWh,Amptek,AM-2405,2024-04-14,2024-05-12,2.1,33034,98.7,BMS-4.1,,,79.2,False
BAT-3W-101780,3W_4.8kWh,Cellora,CE-2503,2025-01-23,2025-03-12,4.8,66570,99.0,BMS-4.1,,,86.7,False
BAT-2W-101781,2W_2.1kWh,Cellora,CE-2409,2024-08-15,2024-09-10,2.1,32804,99.4,BMS-4.0,,,79.5,False
BAT-3W-101782,3W_4.8kWh,Cellora,CE-2501,2024-12-13,2025-01-16,4.8,67288,99.3,BMS-4.1,,,85.6,False
BAT-2W-101783,2W_2.1kWh,Cellora,CE-2409,2024-09-06,2024-09-19,2.1,30965,99.8,BMS-4.0,,,80.0,False
BAT-3W-101784,3W_4.8kWh,Kyron,KY-2418,2025-06-02,2025-06-12,4.8,67198,98.7,BMS-4.1,,,85.7,False
BAT-3W-101785,3W_4.8kWh,Amptek,AM-2409,2024-09-03,2024-09-17,4.8,67169,98.4,BMS-4.1,,,85.7,False
BAT-2W-101786,2W_2.1kWh,Cellora,CE-2309,2023-09-08,2023-09-20,2.1,31355,99.8,BMS-4.1,,,82.1,False
BAT-2W-101787,2W_2.1kWh,Cellora,CE-2312,2023-11-09,2023-12-04,2.1,31188,99.9,BMS-4.2,,,81.8,False
BAT-2W-101788,2W_2.1kWh,Cellora,CE-2409,2024-09-06,2024-09-16,2.1,30996,98.5,BMS-4.1,,,80.0,False
BAT-2W-101789,2W_2.1kWh,Amptek,AM-2407,2024-06-22,2024-07-22,2.1,29800,99.4,BMS-4.0,,,81.0,False
BAT-2W-101790,2W_2.1kWh,Cellora,CE-2308,2023-07-18,2023-08-28,2.1,32545,99.3,BMS-4.2,,,79.6,False
BAT-2W-101791,2W_2.1kWh,Cellora,CE-2403,2024-02-18,2024-03-29,2.1,30139,98.5,BMS-4.0,,,78.7,False
BAT-2W-101792,2W_2.1kWh,Cellora,CE-2303,2023-02-10,2023-03-23,2.1,31544,100.0,BMS-4.0,,,81.1,False
BAT-2W-101793,2W_2.1kWh,Cellora,CE-2505,2025-04-06,2025-05-25,2.1,30033,99.6,BMS-4.2,,,81.7,False
BAT-2W-101794,2W_2.1kWh,Amptek,AM-2410,2024-09-14,2024-10-31,2.1,34012,98.5,BMS-4.0,,,80.1,False
BAT-2W-101795,2W_2.1kWh,Cellora,CE-2503,2025-01-10,2025-03-10,2.1,32260,99.6,BMS-4.2,,,79.9,False
BAT-3W-101796,3W_4.8kWh,Kyron,KY-2407,2024-06-26,2024-07-24,4.8,66783,98.8,BMS-4.1,2025-06-15,end_of_life,68.2,False
BAT-3W-101797,3W_4.8kWh,Cellora,CE-2304,2023-02-28,2023-04-27,4.8,68000,99.5,BMS-4.1,,,86.5,False
BAT-2W-101798,2W_2.1kWh,Kyron,KY-2408,2024-09-13,2024-10-22,2.1,33074,99.0,BMS-4.0,2025-06-15,end_of_life,60.5,False
BAT-2W-101799,2W_2.1kWh,Cellora,CE-2411,2024-11-18,2024-11-29,2.1,32648,98.9,BMS-4.2,,,79.7,False
BAT-2W-101800,2W_2.1kWh,Cellora,CE-2311,2023-09-21,2023-11-09,2.1,32245,99.1,BMS-4.2,,,79.5,False
BAT-2W-101801,2W_2.1kWh,Cellora,CE-2408,2024-07-11,2024-08-06,2.1,32756,99.5,BMS-4.2,,,80.4,False
BAT-2W-101802,2W_2.1kWh,Cellora,CE-2310,2023-10-02,2023-10-29,2.1,32199,99.3,BMS-4.0,,,79.8,False
BAT-2W-101803,2W_2.1kWh,Cellora,CE-2404,2024-02-19,2024-04-05,2.1,32896,98.6,BMS-4.0,,,78.9,False
BAT-2W-101804,2W_2.1kWh,Cellora,CE-2409,2024-08-03,2024-09-08,2.1,32370,99.0,BMS-4.0,,,80.7,False
BAT-2W-101805,2W_2.1kWh,Cellora,CE-2410,2024-09-19,2024-10-04,2.1,33163,99.3,BMS-4.1,,,81.2,False
BAT-2W-101806,2W_2.1kWh,Amptek,AM-2407,2024-06-27,2024-07-31,2.1,32789,99.8,BMS-4.2,,,80.3,False
BAT-2W-101807,2W_2.1kWh,Cellora,CE-2411,2024-10-03,2024-11-05,2.1,33961,98.6,BMS-4.1,,,80.0,False
BAT-2W-101808,2W_2.1kWh,Cellora,CE-2402,2024-01-09,2024-02-12,2.1,30715,99.1,BMS-4.2,,,80.4,False
BAT-2W-101809,2W_2.1kWh,Kyron,KY-2408,2024-11-02,2024-11-21,2.1,31344,98.9,BMS-4.1,2025-06-15,end_of_life,59.4,False
BAT-2W-101810,2W_2.1kWh,Cellora,CE-2307,2023-06-12,2023-07-07,2.1,30478,98.8,BMS-4.2,,,80.1,False
BAT-2W-101811,2W_2.1kWh,Kyron,KY-2407,2024-10-15,2024-11-20,2.1,30424,99.3,BMS-4.0,2025-06-15,end_of_life,59.6,False
BAT-2W-101812,2W_2.1kWh,Cellora,CE-2409,2024-07-20,2024-09-09,2.1,32049,99.3,BMS-4.0,,,80.5,False
BAT-2W-101813,2W_2.1kWh,Kyron,KY-2408,2024-10-15,2024-11-22,2.1,33592,98.8,BMS-4.2,2025-06-15,end_of_life,59.4,False
BAT-2W-101814,2W_2.1kWh,Cellora,CE-2411,2024-10-05,2024-11-27,2.1,32061,99.6,BMS-4.2,,,80.5,False
BAT-2W-101815,2W_2.1kWh,Kyron,KY-2409,2024-09-07,2024-10-15,2.1,31067,98.7,BMS-4.2,2025-06-15,end_of_life,57.3,False
BAT-2W-101816,2W_2.1kWh,Cellora,CE-2403,2024-03-15,2024-03-29,2.1,31192,99.0,BMS-4.2,,,80.0,False
BAT-2W-101817,2W_2.1kWh,Cellora,CE-2411,2024-10-24,2024-11-13,2.1,31992,99.0,BMS-4.2,,,78.9,False
BAT-3W-101818,3W_4.8kWh,Kyron,KY-2415,2025-02-17,2025-03-18,4.8,68036,99.8,BMS-4.1,,,86.6,False
BAT-2W-101819,2W_2.1kWh,Cellora,CE-2312,2023-12-08,2023-12-22,2.1,34420,99.8,BMS-4.2,,,80.1,False
BAT-3W-101820,3W_4.8kWh,Cellora,CE-2504,2025-03-04,2025-04-04,4.8,67610,99.4,BMS-4.1,,,87.2,False
BAT-2W-101821,2W_2.1kWh,Amptek,AM-2409,2024-07-31,2024-09-06,2.1,33176,99.3,BMS-4.0,,,80.1,False
BAT-2W-101822,2W_2.1kWh,Cellora,CE-2311,2023-10-17,2023-11-19,2.1,29868,99.1,BMS-4.2,,,78.6,False
BAT-2W-101823,2W_2.1kWh,Kyron,KY-2409,2024-09-20,2024-10-26,2.1,32331,99.2,BMS-4.0,2025-06-15,end_of_life,61.6,False
BAT-2W-101824,2W_2.1kWh,Amptek,AM-2407,2024-05-28,2024-07-14,2.1,35096,100.0,BMS-4.0,,,80.7,False
BAT-2W-101825,2W_2.1kWh,Cellora,CE-2408,2024-07-09,2024-08-02,2.1,30490,99.4,BMS-4.2,,,79.5,False
BAT-2W-101826,2W_2.1kWh,Kyron,KY-2409,2024-09-28,2024-10-25,2.1,31898,99.1,BMS-4.0,2025-06-15,end_of_life,59.9,False
BAT-2W-101827,2W_2.1kWh,Cellora,CE-2402,2023-12-20,2024-02-15,2.1,32777,99.4,BMS-4.1,,,79.2,False
BAT-2W-101828,2W_2.1kWh,Cellora,CE-2305,2023-05-09,2023-05-19,2.1,31453,99.3,BMS-4.0,,,81.2,False
BAT-2W-101829,2W_2.1kWh,Cellora,CE-2309,2023-09-08,2023-09-24,2.1,33336,99.2,BMS-4.1,,,79.9,False
BAT-3W-101830,3W_4.8kWh,Kyron,KY-2417,2025-04-29,2025-05-13,4.8,67668,99.2,BMS-4.0,,,86.8,False
BAT-2W-101831,2W_2.1kWh,Amptek,AM-2501,2024-12-24,2025-01-10,2.1,32766,99.0,BMS-4.1,,,78.7,False
BAT-2W-101832,2W_2.1kWh,Cellora,CE-2309,2023-08-08,2023-09-28,2.1,31971,99.1,BMS-4.2,,,79.9,False
BAT-3W-101833,3W_4.8kWh,Cellora,CE-2402,2024-01-16,2024-02-14,4.8,66504,98.9,BMS-4.1,,,85.5,False
BAT-2W-101834,2W_2.1kWh,Amptek,AM-2407,2024-06-24,2024-07-31,2.1,30958,99.5,BMS-4.2,,,80.6,False
BAT-2W-101835,2W_2.1kWh,Cellora,CE-2407,2024-05-28,2024-07-25,2.1,32438,99.5,BMS-4.0,,,80.8,False
BAT-2W-101836,2W_2.1kWh,Kyron,KY-2408,2024-08-25,2024-09-30,2.1,32351,99.3,BMS-4.0,2025-06-15,end_of_life,60.2,False
BAT-2W-101837,2W_2.1kWh,Kyron,KY-2407,2024-10-05,2024-11-05,2.1,33903,99.2,BMS-4.0,2025-06-15,end_of_life,59.8,False
BAT-2W-101838,2W_2.1kWh,Cellora,CE-2303,2023-02-24,2023-03-11,2.1,33523,99.4,BMS-4.0,,,80.4,False
BAT-2W-101839,2W_2.1kWh,Kyron,KY-2409,2024-09-17,2024-10-13,2.1,33759,99.4,BMS-4.1,2025-06-15,end_of_life,58.3,False
BAT-2W-101840,2W_2.1kWh,Cellora,CE-2407,2024-06-12,2024-07-10,2.1,31959,99.4,BMS-4.2,,,80.1,False
BAT-2W-101841,2W_2.1kWh,Cellora,CE-2504,2025-03-01,2025-04-27,2.1,32791,99.4,BMS-4.2,,,78.9,False
BAT-2W-101842,2W_2.1kWh,Kyron,KY-2408,2024-09-04,2024-09-26,2.1,32125,99.2,BMS-4.2,2025-06-15,end_of_life,58.5,False
BAT-2W-101843,2W_2.1kWh,Kyron,KY-2409,2024-10-10,2024-11-27,2.1,33008,99.0,BMS-4.2,2025-06-15,end_of_life,60.5,False
BAT-2W-101844,2W_2.1kWh,Amptek,AM-2410,2024-08-28,2024-10-26,2.1,31206,99.0,BMS-4.2,,,80.2,False
BAT-2W-101845,2W_2.1kWh,Amptek,AM-2409,2024-08-09,2024-09-03,2.1,32539,98.9,BMS-4.1,,,79.4,False
BAT-2W-101846,2W_2.1kWh,Cellora,CE-2409,2024-09-07,2024-09-30,2.1,31055,98.7,BMS-4.0,,,79.4,False
BAT-2W-101847,2W_2.1kWh,Kyron,KY-2407,2024-09-18,2024-10-23,2.1,32934,99.2,BMS-4.0,2025-06-15,end_of_life,60.6,False
BAT-2W-101848,2W_2.1kWh,Cellora,CE-2303,2023-01-19,2023-03-02,2.1,33403,99.4,BMS-4.1,,,79.8,False
BAT-2W-101849,2W_2.1kWh,Kyron,KY-2407,2024-09-10,2024-10-19,2.1,32521,99.5,BMS-4.1,2025-06-15,end_of_life,55.4,False
BAT-2W-101850,2W_2.1kWh,Cellora,CE-2411,2024-10-10,2024-11-19,2.1,30836,99.6,BMS-4.1,,,80.3,False
BAT-3W-101851,3W_4.8kWh,Amptek,AM-2407,2024-07-03,2024-07-28,4.8,70930,98.9,BMS-4.1,,,85.9,False
BAT-2W-101852,2W_2.1kWh,Cellora,CE-2310,2023-09-20,2023-10-24,2.1,29816,99.4,BMS-4.2,,,79.8,False
BAT-3W-101853,3W_4.8kWh,Kyron,KY-2407,2024-06-19,2024-07-02,4.8,68588,99.4,BMS-4.0,2025-06-15,end_of_life,69.2,False
BAT-2W-101854,2W_2.1kWh,Kyron,KY-2408,2024-08-20,2024-09-20,2.1,32704,99.2,BMS-4.1,2025-06-15,end_of_life,60.7,False
BAT-2W-101855,2W_2.1kWh,Kyron,KY-2407,2024-08-14,2024-09-17,2.1,31516,99.0,BMS-4.1,2025-06-15,end_of_life,60.0,False
BAT-2W-101856,2W_2.1kWh,Kyron,KY-2409,2024-09-03,2024-10-15,2.1,31017,99.4,BMS-4.2,2025-06-15,end_of_life,59.2,False
BAT-2W-101857,2W_2.1kWh,Amptek,AM-2408,2024-07-25,2024-08-14,2.1,32740,99.3,BMS-4.2,,,80.0,False
BAT-2W-101858,2W_2.1kWh,Cellora,CE-2404,2024-03-13,2024-04-28,2.1,33390,99.5,BMS-4.0,,,80.4,False
BAT-2W-101859,2W_2.1kWh,Cellora,CE-2304,2023-02-12,2023-04-02,2.1,32399,98.8,BMS-4.1,,,80.4,False
BAT-2W-101860,2W_2.1kWh,Amptek,AM-2502,2025-01-24,2025-02-08,2.1,31176,99.2,BMS-4.2,,,81.2,False
BAT-2W-101861,2W_2.1kWh,Amptek,AM-2502,2024-12-14,2025-02-04,2.1,29711,98.8,BMS-4.0,,,79.1,False
BAT-2W-101862,2W_2.1kWh,Cellora,CE-2308,2023-07-05,2023-08-20,2.1,34219,98.5,BMS-4.0,,,77.8,False
BAT-2W-101863,2W_2.1kWh,Cellora,CE-2308,2023-07-12,2023-08-22,2.1,30326,99.4,BMS-4.1,,,82.5,False
BAT-2W-101864,2W_2.1kWh,Cellora,CE-2305,2023-04-14,2023-05-24,2.1,31938,98.8,BMS-4.1,,,79.0,False
BAT-2W-101865,2W_2.1kWh,Amptek,AM-2409,2024-08-30,2024-09-27,2.1,31498,99.1,BMS-4.2,,,80.6,False
BAT-2W-101866,2W_2.1kWh,Cellora,CE-2307,2023-06-20,2023-07-10,2.1,32184,98.6,BMS-4.1,,,78.5,False
BAT-2W-101867,2W_2.1kWh,Cellora,CE-2311,2023-09-21,2023-11-13,2.1,32702,98.5,BMS-4.1,,,79.2,False
BAT-2W-101868,2W_2.1kWh,Amptek,AM-2408,2024-07-01,2024-08-17,2.1,33510,99.6,BMS-4.0,,,80.3,False
BAT-2W-101869,2W_2.1kWh,Cellora,CE-2307,2023-05-12,2023-07-09,2.1,33146,99.2,BMS-4.1,,,79.8,False
BAT-3W-101870,3W_4.8kWh,Cellora,CE-2303,2023-01-20,2023-03-15,4.8,63964,99.4,BMS-4.2,,,87.1,False
BAT-2W-101871,2W_2.1kWh,Amptek,AM-2411,2024-10-20,2024-11-25,2.1,31667,99.6,BMS-4.2,,,81.8,False
BAT-2W-101872,2W_2.1kWh,Kyron,KY-2409,2024-09-04,2024-10-10,2.1,32465,99.2,BMS-4.1,2025-06-15,end_of_life,64.1,False
BAT-2W-101873,2W_2.1kWh,Cellora,CE-2404,2024-04-05,2024-04-24,2.1,30349,98.8,BMS-4.1,,,79.0,False
BAT-2W-101874,2W_2.1kWh,Cellora,CE-2303,2023-01-20,2023-03-11,2.1,31732,99.1,BMS-4.2,,,79.9,False
BAT-2W-101875,2W_2.1kWh,Kyron,KY-2408,2024-09-22,2024-10-24,2.1,30608,99.9,BMS-4.1,2025-06-15,end_of_life,61.3,False
BAT-2W-101876,2W_2.1kWh,Kyron,KY-2408,2024-09-01,2024-09-20,2.1,32105,99.2,BMS-4.2,2025-06-15,end_of_life,61.4,False
BAT-3W-101877,3W_4.8kWh,Kyron,KY-2408,2024-07-01,2024-08-12,4.8,69479,98.5,BMS-4.1,2025-06-15,end_of_life,67.1,False
BAT-2W-101878,2W_2.1kWh,Kyron,KY-2408,2024-09-29,2024-10-28,2.1,31669,99.8,BMS-4.2,2025-06-15,end_of_life,62.1,False
BAT-2W-101879,2W_2.1kWh,Cellora,CE-2303,2023-02-20,2023-03-09,2.1,31644,99.1,BMS-4.0,,,79.0,False
BAT-2W-101880,2W_2.1kWh,Amptek,AM-2406,2024-05-18,2024-06-27,2.1,30336,98.4,BMS-4.0,,,80.0,False
BAT-2W-101881,2W_2.1kWh,Cellora,CE-2304,2023-03-01,2023-04-18,2.1,32246,99.5,BMS-4.1,,,80.1,False
BAT-2W-101882,2W_2.1kWh,Cellora,CE-2311,2023-10-20,2023-11-25,2.1,30629,98.9,BMS-4.0,,,78.9,False
BAT-2W-101883,2W_2.1kWh,Cellora,CE-2503,2025-02-19,2025-03-10,2.1,31715,98.4,BMS-4.0,,,78.6,False
BAT-2W-101884,2W_2.1kWh,Kyron,KY-2409,2024-10-16,2024-11-20,2.1,32979,98.7,BMS-4.1,2025-06-15,end_of_life,59.0,False
BAT-3W-101885,3W_4.8kWh,Cellora,CE-2304,2023-02-05,2023-04-02,4.8,71242,99.7,BMS-4.2,,,88.2,False
BAT-2W-101886,2W_2.1kWh,Cellora,CE-2505,2025-04-21,2025-05-07,2.1,31555,99.2,BMS-4.1,,,80.7,False
BAT-3W-101887,3W_4.8kWh,Kyron,KY-2416,2025-02-24,2025-04-10,4.8,64841,99.3,BMS-4.0,,,86.3,False
BAT-3W-101888,3W_4.8kWh,Cellora,CE-2312,2023-11-19,2023-12-26,4.8,65436,99.5,BMS-4.1,,,88.0,False
BAT-2W-101889,2W_2.1kWh,Cellora,CE-2403,2024-02-24,2024-03-16,2.1,31711,99.6,BMS-4.0,,,81.7,False
BAT-2W-101890,2W_2.1kWh,Cellora,CE-2411,2024-10-05,2024-11-24,2.1,33374,99.8,BMS-4.2,,,81.2,False
BAT-2W-101891,2W_2.1kWh,Kyron,KY-2407,2024-08-16,2024-09-27,2.1,32199,99.4,BMS-4.0,2025-06-15,end_of_life,60.5,False
BAT-2W-101892,2W_2.1kWh,Kyron,KY-2409,2024-09-18,2024-10-17,2.1,30403,98.7,BMS-4.2,2025-06-15,end_of_life,64.0,False
BAT-2W-101893,2W_2.1kWh,Cellora,CE-2502,2024-12-30,2025-02-01,2.1,32582,99.3,BMS-4.0,,,80.5,False
BAT-2W-101894,2W_2.1kWh,Cellora,CE-2504,2025-02-23,2025-04-01,2.1,32241,99.3,BMS-4.1,,,79.0,False
BAT-3W-101895,3W_4.8kWh,Kyron,KY-2418,2025-04-30,2025-06-10,4.8,68529,99.0,BMS-4.2,,,86.1,False
BAT-2W-101896,2W_2.1kWh,Amptek,AM-2404,2024-04-09,2024-04-27,2.1,32440,98.9,BMS-4.0,,,80.0,False
BAT-2W-101897,2W_2.1kWh,Kyron,KY-2409,2024-09-30,2024-11-14,2.1,30899,99.5,BMS-4.0,2025-06-15,end_of_life,62.1,False
BAT-2W-101898,2W_2.1kWh,Kyron,KY-2409,2024-08-18,2024-09-13,2.1,31000,99.0,BMS-4.0,2025-06-15,end_of_life,59.2,False
BAT-2W-101899,2W_2.1kWh,Cellora,CE-2404,2024-03-20,2024-04-16,2.1,31035,98.8,BMS-4.0,,,81.0,False
BAT-2W-101900,2W_2.1kWh,Cellora,CE-2311,2023-10-04,2023-11-15,2.1,33680,99.4,BMS-4.0,,,81.3,False
BAT-2W-101901,2W_2.1kWh,Cellora,CE-2306,2023-05-19,2023-06-08,2.1,33475,99.2,BMS-4.2,,,79.9,False
BAT-2W-101902,2W_2.1kWh,Cellora,CE-2312,2023-10-17,2023-12-04,2.1,32673,99.6,BMS-4.2,,,79.9,False
BAT-2W-101903,2W_2.1kWh,Cellora,CE-2307,2023-07-16,2023-07-26,2.1,32535,99.0,BMS-4.0,,,79.4,False
BAT-3W-101904,3W_4.8kWh,Kyron,KY-2417,2025-03-10,2025-05-05,4.8,68812,99.0,BMS-4.2,,,86.8,False
BAT-2W-101905,2W_2.1kWh,Amptek,AM-2503,2025-03-03,2025-03-26,2.1,33939,99.6,BMS-4.1,,,79.5,False
BAT-3W-101906,3W_4.8kWh,Kyron,KY-2407,2024-07-03,2024-07-22,4.8,65559,99.0,BMS-4.1,2025-06-15,end_of_life,69.0,False
BAT-2W-101907,2W_2.1kWh,Cellora,CE-2502,2025-02-05,2025-02-23,2.1,32701,99.6,BMS-4.1,,,81.2,False
BAT-2W-101908,2W_2.1kWh,Kyron,KY-2407,2024-10-17,2024-11-22,2.1,29497,99.2,BMS-4.2,2025-06-15,end_of_life,61.5,False
BAT-3W-101909,3W_4.8kWh,Cellora,CE-2310,2023-08-17,2023-10-13,4.8,66425,98.9,BMS-4.2,,,85.3,False
BAT-2W-101910,2W_2.1kWh,Kyron,KY-2408,2024-09-03,2024-09-13,2.1,30227,99.5,BMS-4.0,2025-06-15,end_of_life,58.9,False
BAT-3W-101911,3W_4.8kWh,Cellora,CE-2306,2023-04-19,2023-06-06,4.8,73104,99.9,BMS-4.2,,,86.6,False
BAT-2W-101912,2W_2.1kWh,Cellora,CE-2310,2023-09-22,2023-10-26,2.1,30476,98.8,BMS-4.1,,,80.3,False
BAT-2W-101913,2W_2.1kWh,Cellora,CE-2505,2025-04-01,2025-05-13,2.1,31282,99.4,BMS-4.0,,,80.5,False
BAT-2W-101914,2W_2.1kWh,Cellora,CE-2307,2023-06-26,2023-07-10,2.1,31117,99.1,BMS-4.1,,,80.2,False
BAT-2W-101915,2W_2.1kWh,Amptek,AM-2406,2024-05-27,2024-06-20,2.1,34301,99.4,BMS-4.2,,,80.3,False
BAT-3W-101916,3W_4.8kWh,Kyron,KY-2413,2024-12-20,2025-01-19,4.8,64397,100.0,BMS-4.0,,,86.9,False
BAT-3W-101917,3W_4.8kWh,Amptek,AM-2407,2024-07-01,2024-07-23,4.8,69151,99.1,BMS-4.0,,,85.3,False
BAT-2W-101918,2W_2.1kWh,Amptek,AM-2404,2024-03-01,2024-04-25,2.1,31712,99.2,BMS-4.1,,,81.7,False
BAT-2W-101919,2W_2.1kWh,Cellora,CE-2308,2023-07-03,2023-08-14,2.1,31108,99.4,BMS-4.1,,,79.3,False
BAT-2W-101920,2W_2.1kWh,Kyron,KY-2407,2024-10-22,2024-11-13,2.1,31352,99.5,BMS-4.1,2025-06-15,end_of_life,57.8,False
BAT-2W-101921,2W_2.1kWh,Cellora,CE-2406,2024-04-30,2024-06-05,2.1,32515,99.1,BMS-4.2,,,80.5,False
BAT-2W-101922,2W_2.1kWh,Cellora,CE-2405,2024-04-06,2024-05-13,2.1,30542,98.8,BMS-4.0,,,80.4,False
BAT-2W-101923,2W_2.1kWh,Cellora,CE-2403,2024-02-06,2024-03-10,2.1,30359,99.2,BMS-4.2,,,81.5,False
BAT-2W-101924,2W_2.1kWh,Cellora,CE-2308,2023-07-16,2023-08-20,2.1,32427,99.2,BMS-4.0,,,78.8,False
BAT-2W-101925,2W_2.1kWh,Cellora,CE-2503,2025-01-12,2025-03-05,2.1,32887,98.8,BMS-4.2,,,78.6,False
BAT-2W-101926,2W_2.1kWh,Cellora,CE-2409,2024-07-29,2024-09-23,2.1,33533,99.0,BMS-4.2,,,78.7,False
BAT-2W-101927,2W_2.1kWh,Cellora,CE-2402,2024-01-29,2024-02-08,2.1,33176,97.9,BMS-4.0,,,78.6,False
BAT-2W-101928,2W_2.1kWh,Kyron,KY-2408,2024-09-15,2024-10-31,2.1,33184,99.3,BMS-4.0,2025-06-15,end_of_life,58.1,False
BAT-2W-101929,2W_2.1kWh,Kyron,KY-2407,2024-08-14,2024-09-25,2.1,32390,98.9,BMS-4.0,2025-06-15,end_of_life,62.0,False
BAT-2W-101930,2W_2.1kWh,Cellora,CE-2305,2023-03-24,2023-05-09,2.1,30834,98.3,BMS-4.0,,,79.1,False
BAT-2W-101931,2W_2.1kWh,Kyron,KY-2407,2024-10-31,2024-11-27,2.1,32539,98.4,BMS-4.2,2025-06-15,end_of_life,57.8,False
BAT-2W-101932,2W_2.1kWh,Cellora,CE-2406,2024-04-30,2024-06-03,2.1,32306,99.2,BMS-4.1,,,79.1,False
BAT-2W-101933,2W_2.1kWh,Kyron,KY-2409,2024-08-01,2024-09-12,2.1,30683,99.3,BMS-4.2,2025-06-15,end_of_life,60.2,False
BAT-2W-101934,2W_2.1kWh,Amptek,AM-2502,2025-01-02,2025-02-25,2.1,33524,98.6,BMS-4.0,,,79.6,False
BAT-2W-101935,2W_2.1kWh,Cellora,CE-2310,2023-08-27,2023-10-01,2.1,32713,99.3,BMS-4.0,,,78.3,False
BAT-2W-101936,2W_2.1kWh,Cellora,CE-2409,2024-08-10,2024-09-29,2.1,29194,99.3,BMS-4.2,,,80.0,False
BAT-2W-101937,2W_2.1kWh,Cellora,CE-2307,2023-06-17,2023-07-02,2.1,32441,99.9,BMS-4.1,,,80.5,False
BAT-2W-101938,2W_2.1kWh,Cellora,CE-2310,2023-09-27,2023-10-09,2.1,33222,98.5,BMS-4.1,,,79.6,False
BAT-2W-101939,2W_2.1kWh,Cellora,CE-2309,2023-08-26,2023-09-11,2.1,29498,98.9,BMS-4.2,,,79.5,False
BAT-2W-101940,2W_2.1kWh,Kyron,KY-2408,2024-09-09,2024-10-27,2.1,32332,98.6,BMS-4.1,2025-06-15,end_of_life,56.2,False
BAT-2W-101941,2W_2.1kWh,Cellora,CE-2410,2024-10-05,2024-10-17,2.1,32166,99.6,BMS-4.0,,,80.3,False
BAT-2W-101942,2W_2.1kWh,Kyron,KY-2408,2024-08-30,2024-09-20,2.1,32076,98.8,BMS-4.2,2025-06-15,end_of_life,60.4,False
BAT-2W-101943,2W_2.1kWh,Cellora,CE-2401,2023-11-30,2024-01-06,2.1,30365,98.8,BMS-4.2,,,79.3,False
BAT-2W-101944,2W_2.1kWh,Kyron,KY-2409,2024-09-10,2024-10-02,2.1,33059,99.4,BMS-4.1,2025-06-15,end_of_life,62.7,False
BAT-2W-101945,2W_2.1kWh,Cellora,CE-2401,2023-12-10,2024-01-06,2.1,32258,98.5,BMS-4.1,,,78.8,False
BAT-2W-101946,2W_2.1kWh,Cellora,CE-2401,2023-11-30,2024-01-14,2.1,32503,98.6,BMS-4.1,,,81.7,False
BAT-2W-101947,2W_2.1kWh,Cellora,CE-2406,2024-06-06,2024-06-23,2.1,32412,99.4,BMS-4.0,,,81.9,False
BAT-2W-101948,2W_2.1kWh,Kyron,KY-2407,2024-09-15,2024-10-04,2.1,30539,99.3,BMS-4.1,2025-06-15,end_of_life,60.7,False
BAT-2W-101949,2W_2.1kWh,Cellora,CE-2504,2025-04-02,2025-04-14,2.1,31758,98.8,BMS-4.0,,,78.8,False
BAT-2W-101950,2W_2.1kWh,Amptek,AM-2505,2025-04-22,2025-05-15,2.1,33367,98.9,BMS-4.1,,,78.7,False
BAT-2W-101951,2W_2.1kWh,Kyron,KY-2408,2024-10-12,2024-11-28,2.1,33011,98.6,BMS-4.0,2025-06-15,end_of_life,61.1,False
BAT-2W-101952,2W_2.1kWh,Cellora,CE-2307,2023-06-03,2023-07-02,2.1,30855,99.7,BMS-4.1,,,80.2,False
BAT-2W-101953,2W_2.1kWh,Cellora,CE-2405,2024-04-25,2024-05-07,2.1,31902,99.6,BMS-4.2,,,79.9,False
BAT-3W-101954,3W_4.8kWh,Kyron,KY-2417,2025-04-06,2025-05-07,4.8,66542,98.7,BMS-4.1,,,86.7,False
BAT-2W-101955,2W_2.1kWh,Cellora,CE-2402,2023-12-28,2024-02-06,2.1,31566,99.0,BMS-4.0,,,79.8,False
BAT-3W-101956,3W_4.8kWh,Amptek,AM-2502,2024-12-23,2025-02-15,4.8,69808,99.7,BMS-4.1,,,87.1,False
BAT-2W-101957,2W_2.1kWh,Cellora,CE-2306,2023-05-18,2023-06-10,2.1,29618,98.7,BMS-4.2,,,78.6,False
BAT-2W-101958,2W_2.1kWh,Kyron,KY-2409,2024-10-24,2024-11-29,2.1,31686,99.2,BMS-4.0,2025-06-15,end_of_life,58.8,False
BAT-2W-101959,2W_2.1kWh,Cellora,CE-2407,2024-05-28,2024-07-19,2.1,31799,99.3,BMS-4.2,,,81.1,False
BAT-2W-101960,2W_2.1kWh,Amptek,AM-2409,2024-07-30,2024-09-23,2.1,33904,98.9,BMS-4.1,,,80.1,False
BAT-2W-101961,2W_2.1kWh,Cellora,CE-2309,2023-08-07,2023-09-15,2.1,32171,99.2,BMS-4.2,,,79.4,False
BAT-2W-101962,2W_2.1kWh,Kyron,KY-2407,2024-09-01,2024-09-16,2.1,30941,98.4,BMS-4.2,2025-06-15,end_of_life,59.7,False
BAT-2W-101963,2W_2.1kWh,Cellora,CE-2410,2024-09-25,2024-10-20,2.1,32656,99.3,BMS-4.2,,,80.3,False
BAT-2W-101964,2W_2.1kWh,Cellora,CE-2303,2023-01-22,2023-03-12,2.1,34495,99.7,BMS-4.2,,,79.9,False
BAT-2W-101965,2W_2.1kWh,Amptek,AM-2503,2025-02-22,2025-03-17,2.1,31692,99.1,BMS-4.1,,,80.6,False
BAT-2W-101966,2W_2.1kWh,Kyron,KY-2409,2024-10-07,2024-10-25,2.1,29814,99.1,BMS-4.0,2025-06-15,end_of_life,60.7,False
BAT-2W-101967,2W_2.1kWh,Cellora,CE-2412,2024-11-27,2024-12-19,2.1,34667,99.1,BMS-4.1,,,80.8,False
BAT-2W-101968,2W_2.1kWh,Kyron,KY-2407,2024-09-29,2024-10-16,2.1,34443,99.7,BMS-4.2,2025-06-15,end_of_life,63.5,False
BAT-2W-101969,2W_2.1kWh,Amptek,AM-2410,2024-09-09,2024-10-21,2.1,32751,98.7,BMS-4.0,,,80.7,False
BAT-2W-101970,2W_2.1kWh,Cellora,CE-2405,2024-04-26,2024-05-07,2.1,31253,99.1,BMS-4.2,,,81.6,False
BAT-2W-101971,2W_2.1kWh,Amptek,AM-2504,2025-02-22,2025-04-15,2.1,31837,99.1,BMS-4.1,,,80.2,False
BAT-2W-101972,2W_2.1kWh,Cellora,CE-2401,2023-11-24,2024-01-17,2.1,33893,99.7,BMS-4.0,,,81.3,False
BAT-2W-101973,2W_2.1kWh,Amptek,AM-2405,2024-04-08,2024-05-25,2.1,32712,99.0,BMS-4.1,,,79.0,False
BAT-2W-101974,2W_2.1kWh,Cellora,CE-2502,2025-01-11,2025-02-24,2.1,32515,99.0,BMS-4.2,,,79.6,False
BAT-2W-101975,2W_2.1kWh,Kyron,KY-2408,2024-08-28,2024-10-12,2.1,32085,99.3,BMS-4.1,2025-06-15,end_of_life,61.3,False
BAT-2W-101976,2W_2.1kWh,Cellora,CE-2406,2024-06-06,2024-06-25,2.1,34196,99.7,BMS-4.0,,,80.0,False
BAT-3W-101977,3W_4.8kWh,Amptek,AM-2403,2024-01-13,2024-03-06,4.8,67844,99.2,BMS-4.1,,,87.4,False
BAT-2W-101978,2W_2.1kWh,Cellora,CE-2304,2023-03-24,2023-04-21,2.1,35598,99.5,BMS-4.1,,,79.9,False
BAT-2W-101979,2W_2.1kWh,Cellora,CE-2410,2024-09-25,2024-10-09,2.1,31767,99.1,BMS-4.1,,,79.5,False
BAT-2W-101980,2W_2.1kWh,Kyron,KY-2409,2024-10-17,2024-11-05,2.1,30493,98.7,BMS-4.0,2025-06-15,end_of_life,64.0,False
BAT-2W-101981,2W_2.1kWh,Cellora,CE-2502,2024-12-30,2025-02-11,2.1,32842,99.5,BMS-4.0,,,79.2,False
BAT-2W-101982,2W_2.1kWh,Cellora,CE-2406,2024-05-21,2024-06-19,2.1,31723,99.0,BMS-4.2,,,77.3,False
BAT-2W-101983,2W_2.1kWh,Amptek,AM-2410,2024-08-20,2024-10-06,2.1,30858,99.2,BMS-4.1,,,80.7,False
BAT-2W-101984,2W_2.1kWh,Cellora,CE-2401,2024-01-12,2024-01-30,2.1,32166,99.4,BMS-4.0,,,80.7,False
BAT-2W-101985,2W_2.1kWh,Cellora,CE-2405,2024-05-12,2024-05-23,2.1,32700,99.0,BMS-4.2,,,79.7,False
BAT-2W-101986,2W_2.1kWh,Kyron,KY-2408,2024-09-13,2024-09-24,2.1,31665,98.7,BMS-4.2,2025-06-15,end_of_life,63.1,False
BAT-2W-101987,2W_2.1kWh,Kyron,KY-2407,2024-08-30,2024-10-18,2.1,32402,99.0,BMS-4.2,2025-06-15,end_of_life,59.7,False
BAT-2W-101988,2W_2.1kWh,Kyron,KY-2407,2024-07-26,2024-09-11,2.1,31980,99.4,BMS-4.1,2025-06-15,end_of_life,59.7,False
BAT-2W-101989,2W_2.1kWh,Kyron,KY-2407,2024-09-28,2024-11-16,2.1,35124,99.7,BMS-4.1,2025-06-15,end_of_life,61.8,False
BAT-2W-101990,2W_2.1kWh,Amptek,AM-2406,2024-05-12,2024-06-28,2.1,32113,99.1,BMS-4.0,,,78.6,False
BAT-2W-101991,2W_2.1kWh,Cellora,CE-2401,2024-01-12,2024-01-25,2.1,31857,99.6,BMS-4.2,,,81.4,False
BAT-2W-101992,2W_2.1kWh,Kyron,KY-2408,2024-10-14,2024-11-04,2.1,32838,99.3,BMS-4.2,2025-06-15,end_of_life,59.0,False
BAT-3W-101993,3W_4.8kWh,Kyron,KY-2412,2024-10-28,2024-12-25,4.8,66981,99.9,BMS-4.1,,,87.1,False
BAT-2W-101994,2W_2.1kWh,Cellora,CE-2309,2023-09-12,2023-09-25,2.1,32544,99.3,BMS-4.1,,,79.4,False
BAT-2W-101995,2W_2.1kWh,Amptek,AM-2403,2024-02-26,2024-03-08,2.1,31549,99.0,BMS-4.0,,,78.8,False
BAT-2W-101996,2W_2.1kWh,Amptek,AM-2407,2024-06-09,2024-07-16,2.1,32414,98.7,BMS-4.0,,,78.8,False
BAT-2W-101997,2W_2.1kWh,Kyron,KY-2408,2024-10-20,2024-11-23,2.1,34104,98.4,BMS-4.2,2025-06-15,end_of_life,59.5,False
BAT-2W-101998,2W_2.1kWh,Cellora,CE-2403,2024-02-29,2024-03-12,2.1,32230,99.7,BMS-4.1,,,81.0,False
BAT-3W-101999,3W_4.8kWh,Amptek,AM-2506,2025-04-22,2025-06-12,4.8,65153,98.9,BMS-4.0,,,86.5,False
BAT-2W-102000,2W_2.1kWh,Kyron,KY-2409,2024-10-28,2024-11-11,2.1,30151,99.4,BMS-4.1,2025-06-15,end_of_life,63.7,False
BAT-2W-102001,2W_2.1kWh,Kyron,KY-2408,2024-10-23,2024-11-26,2.1,34085,98.8,BMS-4.1,2025-06-15,end_of_life,60.9,False
BAT-2W-102002,2W_2.1kWh,Cellora,CE-2412,2024-10-16,2024-12-02,2.1,33137,99.0,BMS-4.0,,,78.4,False
BAT-2W-102003,2W_2.1kWh,Cellora,CE-2308,2023-07-09,2023-08-02,2.1,31416,99.4,BMS-4.1,,,79.1,False
BAT-2W-102004,2W_2.1kWh,Cellora,CE-2310,2023-08-14,2023-10-02,2.1,31697,100.0,BMS-4.2,,,80.7,False
BAT-2W-102005,2W_2.1kWh,Kyron,KY-2407,2024-10-23,2024-11-06,2.1,31076,98.9,BMS-4.0,2025-06-15,end_of_life,57.0,False
BAT-2W-102006,2W_2.1kWh,Cellora,CE-2304,2023-04-09,2023-04-23,2.1,31689,98.7,BMS-4.0,,,79.4,False
BAT-2W-102007,2W_2.1kWh,Cellora,CE-2307,2023-06-05,2023-07-03,2.1,33066,99.2,BMS-4.0,,,80.3,False
BAT-2W-102008,2W_2.1kWh,Cellora,CE-2504,2025-03-25,2025-04-14,2.1,30138,98.7,BMS-4.1,,,79.7,False
BAT-2W-102009,2W_2.1kWh,Cellora,CE-2305,2023-04-26,2023-05-17,2.1,34183,98.8,BMS-4.2,,,79.0,False
BAT-3W-102010,3W_4.8kWh,Kyron,KY-2415,2025-02-08,2025-03-14,4.8,68575,99.6,BMS-4.2,,,87.5,False
BAT-2W-102011,2W_2.1kWh,Amptek,AM-2410,2024-10-06,2024-10-30,2.1,30780,99.4,BMS-4.0,,,80.7,False
BAT-2W-102012,2W_2.1kWh,Kyron,KY-2407,2024-10-08,2024-11-12,2.1,32443,98.5,BMS-4.0,2025-06-15,end_of_life,60.6,False
BAT-2W-102013,2W_2.1kWh,Amptek,AM-2410,2024-09-26,2024-10-23,2.1,31394,99.3,BMS-4.0,,,80.5,False
BAT-2W-102014,2W_2.1kWh,Cellora,CE-2309,2023-09-04,2023-09-26,2.1,32159,99.9,BMS-4.0,,,80.6,False
BAT-2W-102015,2W_2.1kWh,Kyron,KY-2408,2024-10-02,2024-11-02,2.1,31483,99.1,BMS-4.1,2025-06-15,end_of_life,57.1,False
BAT-2W-102016,2W_2.1kWh,Kyron,KY-2408,2024-09-29,2024-10-13,2.1,31344,99.2,BMS-4.0,2025-06-15,end_of_life,61.9,False
BAT-2W-102017,2W_2.1kWh,Cellora,CE-2412,2024-11-13,2024-12-07,2.1,33382,99.0,BMS-4.0,,,79.8,False
BAT-2W-102018,2W_2.1kWh,Cellora,CE-2405,2024-05-06,2024-05-22,2.1,31834,98.9,BMS-4.2,,,80.5,False
BAT-2W-102019,2W_2.1kWh,Amptek,AM-2411,2024-10-29,2024-11-25,2.1,30552,98.3,BMS-4.2,,,79.0,False
BAT-2W-102020,2W_2.1kWh,Cellora,CE-2407,2024-06-10,2024-07-18,2.1,31743,99.4,BMS-4.0,,,80.9,False
BAT-2W-102021,2W_2.1kWh,Cellora,CE-2307,2023-06-08,2023-07-11,2.1,31836,99.1,BMS-4.2,,,79.4,False
BAT-2W-102022,2W_2.1kWh,Amptek,AM-2407,2024-05-26,2024-07-07,2.1,34364,99.4,BMS-4.0,,,80.7,False
BAT-2W-102023,2W_2.1kWh,Cellora,CE-2409,2024-08-25,2024-09-17,2.1,30110,99.0,BMS-4.2,,,78.8,False
BAT-2W-102024,2W_2.1kWh,Cellora,CE-2404,2024-02-29,2024-04-23,2.1,32861,99.4,BMS-4.0,,,81.0,False
BAT-2W-102025,2W_2.1kWh,Cellora,CE-2308,2023-06-21,2023-08-10,2.1,30625,99.3,BMS-4.2,,,79.5,False
BAT-2W-102026,2W_2.1kWh,Cellora,CE-2501,2025-01-12,2025-01-24,2.1,32920,98.6,BMS-4.0,,,78.4,False
BAT-2W-102027,2W_2.1kWh,Cellora,CE-2304,2023-03-02,2023-04-15,2.1,31749,98.7,BMS-4.2,,,80.4,False
BAT-2W-102028,2W_2.1kWh,Cellora,CE-2504,2025-03-30,2025-04-21,2.1,32745,99.1,BMS-4.0,,,80.1,False
BAT-2W-102029,2W_2.1kWh,Cellora,CE-2311,2023-10-24,2023-11-23,2.1,33650,99.6,BMS-4.0,,,80.9,False
BAT-3W-102030,3W_4.8kWh,Kyron,KY-2408,2024-06-27,2024-08-12,4.8,72600,98.7,BMS-4.2,,,71.1,False
BAT-2W-102031,2W_2.1kWh,Amptek,AM-2405,2024-04-04,2024-05-04,2.1,31311,100.0,BMS-4.1,,,80.9,False
BAT-2W-102032,2W_2.1kWh,Amptek,AM-2411,2024-10-06,2024-11-03,2.1,33457,99.1,BMS-4.0,,,80.3,False
BAT-2W-102033,2W_2.1kWh,Kyron,KY-2408,2024-09-04,2024-10-09,2.1,31777,99.3,BMS-4.0,2025-06-15,end_of_life,62.8,False
BAT-2W-102034,2W_2.1kWh,Cellora,CE-2408,2024-07-10,2024-08-01,2.1,32439,98.8,BMS-4.0,,,79.8,False
BAT-2W-102035,2W_2.1kWh,Kyron,KY-2408,2024-08-21,2024-09-14,2.1,31370,99.2,BMS-4.1,2025-06-15,end_of_life,60.5,False
BAT-2W-102036,2W_2.1kWh,Kyron,KY-2409,2024-10-04,2024-11-12,2.1,32860,99.3,BMS-4.2,2025-06-15,end_of_life,62.5,False
BAT-2W-102037,2W_2.1kWh,Amptek,AM-2503,2025-02-16,2025-03-01,2.1,31634,99.2,BMS-4.0,,,78.2,False
BAT-3W-102038,3W_4.8kWh,Amptek,AM-2408,2024-07-17,2024-08-06,4.8,68668,99.3,BMS-4.0,,,86.0,False
BAT-2W-102039,2W_2.1kWh,Cellora,CE-2501,2024-12-05,2025-01-27,2.1,31988,99.2,BMS-4.1,,,79.8,False
BAT-2W-102040,2W_2.1kWh,Cellora,CE-2407,2024-07-05,2024-07-18,2.1,30853,99.4,BMS-4.1,,,79.7,False
BAT-3W-102041,3W_4.8kWh,Cellora,CE-2504,2025-02-22,2025-04-20,4.8,65922,99.8,BMS-4.2,,,85.8,False
BAT-2W-102042,2W_2.1kWh,Amptek,AM-2406,2024-05-09,2024-06-22,2.1,31078,98.7,BMS-4.0,,,80.4,False
BAT-2W-102043,2W_2.1kWh,Amptek,AM-2409,2024-07-31,2024-09-14,2.1,31899,99.1,BMS-4.2,,,80.1,False
BAT-2W-102044,2W_2.1kWh,Cellora,CE-2403,2024-01-15,2024-03-02,2.1,31532,98.6,BMS-4.1,,,78.7,False
BAT-3W-102045,3W_4.8kWh,Amptek,AM-2408,2024-07-01,2024-08-12,4.8,63760,99.3,BMS-4.1,,,84.4,False
BAT-3W-102046,3W_4.8kWh,Kyron,KY-2409,2024-07-21,2024-09-12,4.8,65637,99.2,BMS-4.2,2025-06-15,end_of_life,67.7,False
BAT-3W-102047,3W_4.8kWh,Kyron,KY-2408,2024-06-26,2024-08-01,4.8,65390,99.1,BMS-4.1,2025-06-15,end_of_life,69.9,False
BAT-2W-102048,2W_2.1kWh,Amptek,AM-2408,2024-08-04,2024-08-30,2.1,31785,98.9,BMS-4.1,,,79.8,False
BAT-2W-102049,2W_2.1kWh,Kyron,KY-2407,2024-10-07,2024-11-08,2.1,32034,99.8,BMS-4.0,2025-06-15,end_of_life,63.3,False
BAT-2W-102050,2W_2.1kWh,Cellora,CE-2405,2024-05-02,2024-05-22,2.1,30158,98.9,BMS-4.1,,,79.3,False
BAT-2W-102051,2W_2.1kWh,Amptek,AM-2403,2024-01-28,2024-03-12,2.1,30734,99.0,BMS-4.0,,,79.4,False
BAT-2W-102052,2W_2.1kWh,Amptek,AM-2403,2024-01-17,2024-03-13,2.1,29834,99.2,BMS-4.2,,,81.0,False
BAT-2W-102053,2W_2.1kWh,Amptek,AM-2405,2024-04-15,2024-05-04,2.1,31132,99.4,BMS-4.2,,,79.8,False
BAT-2W-102054,2W_2.1kWh,Cellora,CE-2307,2023-07-05,2023-07-26,2.1,30658,99.5,BMS-4.0,,,79.4,False
BAT-2W-102055,2W_2.1kWh,Cellora,CE-2406,2024-05-19,2024-06-07,2.1,30136,98.8,BMS-4.1,,,79.2,False
BAT-2W-102056,2W_2.1kWh,Cellora,CE-2504,2025-04-13,2025-04-24,2.1,32334,99.8,BMS-4.1,,,78.7,False
BAT-2W-102057,2W_2.1kWh,Kyron,KY-2409,2024-10-14,2024-11-04,2.1,29423,99.8,BMS-4.2,2025-06-15,end_of_life,63.0,False
BAT-2W-102058,2W_2.1kWh,Amptek,AM-2406,2024-06-03,2024-06-27,2.1,32065,99.7,BMS-4.2,,,80.9,False
BAT-2W-102059,2W_2.1kWh,Amptek,AM-2403,2024-01-06,2024-03-01,2.1,31685,99.2,BMS-4.2,,,81.9,False
BAT-2W-102060,2W_2.1kWh,Amptek,AM-2501,2024-12-25,2025-01-14,2.1,32273,99.4,BMS-4.0,,,79.4,False
BAT-2W-102061,2W_2.1kWh,Cellora,CE-2411,2024-10-02,2024-11-12,2.1,29786,98.9,BMS-4.1,,,79.7,False
BAT-2W-102062,2W_2.1kWh,Cellora,CE-2504,2025-03-23,2025-04-05,2.1,31481,99.3,BMS-4.2,,,80.7,False
BAT-2W-102063,2W_2.1kWh,Cellora,CE-2304,2023-03-15,2023-04-17,2.1,30022,98.9,BMS-4.1,,,79.9,False
BAT-3W-102064,3W_4.8kWh,Cellora,CE-2309,2023-07-23,2023-09-20,4.8,69872,100.0,BMS-4.2,,,87.4,False
BAT-2W-102065,2W_2.1kWh,Cellora,CE-2412,2024-10-09,2024-12-01,2.1,30614,98.9,BMS-4.2,,,78.7,False
BAT-2W-102066,2W_2.1kWh,Cellora,CE-2505,2025-03-09,2025-05-07,2.1,31032,98.7,BMS-4.0,,,80.1,False
BAT-2W-102067,2W_2.1kWh,Cellora,CE-2505,2025-04-05,2025-05-31,2.1,31297,99.1,BMS-4.0,,,80.2,False
BAT-2W-102068,2W_2.1kWh,Cellora,CE-2401,2024-01-16,2024-01-28,2.1,31873,99.1,BMS-4.1,,,79.5,False
BAT-2W-102069,2W_2.1kWh,Cellora,CE-2411,2024-10-23,2024-11-29,2.1,31860,99.5,BMS-4.1,,,82.0,False
BAT-2W-102070,2W_2.1kWh,Cellora,CE-2311,2023-10-05,2023-11-28,2.1,31933,99.4,BMS-4.0,,,78.9,False
BAT-2W-102071,2W_2.1kWh,Cellora,CE-2503,2025-02-25,2025-03-12,2.1,30829,98.8,BMS-4.1,,,80.1,False
BAT-3W-102072,3W_4.8kWh,Cellora,CE-2408,2024-08-06,2024-08-20,4.8,71210,98.9,BMS-4.0,,,86.0,False
BAT-2W-102073,2W_2.1kWh,Kyron,KY-2409,2024-09-19,2024-10-23,2.1,32921,99.5,BMS-4.1,2025-06-15,end_of_life,61.3,False
BAT-2W-102074,2W_2.1kWh,Cellora,CE-2412,2024-11-07,2024-12-25,2.1,32960,98.8,BMS-4.0,,,78.5,False
BAT-2W-102075,2W_2.1kWh,Cellora,CE-2403,2024-02-15,2024-03-22,2.1,31436,99.3,BMS-4.2,,,78.8,False
BAT-3W-102076,3W_4.8kWh,Cellora,CE-2310,2023-09-18,2023-10-31,4.8,65235,98.8,BMS-4.0,,,85.7,False
BAT-2W-102077,2W_2.1kWh,Cellora,CE-2502,2024-12-12,2025-02-06,2.1,31718,99.4,BMS-4.0,,,79.8,False
BAT-2W-102078,2W_2.1kWh,Cellora,CE-2406,2024-05-14,2024-06-14,2.1,31759,99.6,BMS-4.0,,,79.4,False
BAT-2W-102079,2W_2.1kWh,Cellora,CE-2504,2025-02-04,2025-04-01,2.1,32065,100.0,BMS-4.0,,,81.5,False
BAT-2W-102080,2W_2.1kWh,Kyron,KY-2407,2024-08-30,2024-09-13,2.1,32570,99.4,BMS-4.0,2025-06-15,end_of_life,61.8,False
BAT-3W-102081,3W_4.8kWh,Cellora,CE-2502,2025-02-10,2025-02-26,4.8,67995,98.6,BMS-4.1,,,85.7,False
BAT-2W-102082,2W_2.1kWh,Amptek,AM-2408,2024-07-19,2024-08-31,2.1,29971,98.8,BMS-4.1,,,79.2,False
BAT-2W-102083,2W_2.1kWh,Cellora,CE-2504,2025-03-03,2025-04-30,2.1,33151,98.9,BMS-4.0,,,78.6,False
BAT-2W-102084,2W_2.1kWh,Cellora,CE-2311,2023-10-19,2023-11-28,2.1,30829,99.0,BMS-4.0,,,81.5,False
BAT-2W-102085,2W_2.1kWh,Cellora,CE-2403,2024-01-25,2024-03-24,2.1,31274,99.5,BMS-4.2,,,79.9,False
BAT-2W-102086,2W_2.1kWh,Amptek,AM-2403,2024-02-22,2024-03-22,2.1,30903,98.7,BMS-4.0,,,79.8,False
BAT-2W-102087,2W_2.1kWh,Cellora,CE-2304,2023-03-17,2023-04-19,2.1,33381,99.3,BMS-4.2,,,78.3,False
BAT-2W-102088,2W_2.1kWh,Cellora,CE-2406,2024-05-22,2024-06-29,2.1,33580,99.4,BMS-4.2,,,82.3,False
BAT-3W-102089,3W_4.8kWh,Cellora,CE-2505,2025-05-10,2025-05-21,4.8,63139,99.1,BMS-4.2,,,86.4,False
BAT-2W-102090,2W_2.1kWh,Cellora,CE-2408,2024-07-13,2024-08-19,2.1,33050,98.4,BMS-4.1,,,78.0,False
BAT-2W-102091,2W_2.1kWh,Cellora,CE-2307,2023-06-01,2023-07-08,2.1,33372,99.4,BMS-4.0,,,80.5,False
BAT-2W-102092,2W_2.1kWh,Amptek,AM-2502,2025-01-02,2025-02-02,2.1,29679,99.6,BMS-4.1,,,77.6,False
BAT-2W-102093,2W_2.1kWh,Amptek,AM-2409,2024-08-13,2024-09-30,2.1,33563,99.2,BMS-4.1,,,79.4,False
BAT-2W-102094,2W_2.1kWh,Kyron,KY-2408,2024-10-18,2024-11-22,2.1,33210,99.1,BMS-4.1,2025-06-15,end_of_life,60.6,False
BAT-3W-102095,3W_4.8kWh,Cellora,CE-2402,2023-12-21,2024-02-05,4.8,67288,99.1,BMS-4.0,,,86.6,False
BAT-2W-102096,2W_2.1kWh,Cellora,CE-2407,2024-07-06,2024-07-29,2.1,32541,99.2,BMS-4.1,,,80.1,False
BAT-2W-102097,2W_2.1kWh,Cellora,CE-2304,2023-02-27,2023-04-06,2.1,31672,98.9,BMS-4.0,,,79.4,False
BAT-2W-102098,2W_2.1kWh,Kyron,KY-2407,2024-10-07,2024-11-16,2.1,34486,99.4,BMS-4.2,2025-06-15,end_of_life,61.6,False
BAT-3W-102099,3W_4.8kWh,Amptek,AM-2501,2024-12-12,2025-01-15,4.8,66635,99.2,BMS-4.1,,,87.6,False
BAT-2W-102100,2W_2.1kWh,Kyron,KY-2409,2024-08-22,2024-09-20,2.1,33481,99.0,BMS-4.2,2025-06-15,end_of_life,59.8,False
BAT-2W-102101,2W_2.1kWh,Cellora,CE-2303,2023-02-03,2023-03-04,2.1,31327,99.4,BMS-4.1,,,80.3,False
BAT-2W-102102,2W_2.1kWh,Cellora,CE-2306,2023-06-02,2023-06-21,2.1,31233,99.1,BMS-4.1,,,79.5,False
BAT-2W-102103,2W_2.1kWh,Kyron,KY-2409,2024-09-07,2024-09-24,2.1,32528,99.8,BMS-4.0,2025-06-15,end_of_life,59.3,False
BAT-2W-102104,2W_2.1kWh,Cellora,CE-2409,2024-07-23,2024-09-13,2.1,31626,99.4,BMS-4.1,,,79.3,False
BAT-2W-102105,2W_2.1kWh,Kyron,KY-2408,2024-09-02,2024-09-16,2.1,33139,98.3,BMS-4.2,2025-06-15,end_of_life,58.2,False
BAT-2W-102106,2W_2.1kWh,Cellora,CE-2412,2024-12-05,2024-12-26,2.1,30948,98.8,BMS-4.1,,,80.4,False
BAT-2W-102107,2W_2.1kWh,Kyron,KY-2407,2024-10-11,2024-10-30,2.1,32466,100.0,BMS-4.1,2025-06-15,end_of_life,62.8,False
BAT-2W-102108,2W_2.1kWh,Cellora,CE-2410,2024-09-05,2024-10-04,2.1,32254,99.2,BMS-4.0,,,80.1,False
BAT-2W-102109,2W_2.1kWh,Cellora,CE-2307,2023-05-17,2023-07-03,2.1,33785,99.1,BMS-4.1,,,79.5,False
BAT-2W-102110,2W_2.1kWh,Cellora,CE-2408,2024-07-16,2024-08-15,2.1,32187,99.4,BMS-4.1,,,81.4,False
BAT-2W-102111,2W_2.1kWh,Cellora,CE-2305,2023-04-26,2023-05-08,2.1,34179,99.5,BMS-4.2,,,80.3,False
BAT-2W-102112,2W_2.1kWh,Cellora,CE-2309,2023-08-29,2023-09-22,2.1,33068,98.9,BMS-4.1,,,80.0,False
BAT-3W-102113,3W_4.8kWh,Kyron,KY-2408,2024-08-09,2024-08-30,4.8,67373,100.0,BMS-4.1,2025-06-15,end_of_life,68.5,False
BAT-3W-102114,3W_4.8kWh,Amptek,AM-2409,2024-08-07,2024-09-29,4.8,69602,99.3,BMS-4.1,,,87.1,False
BAT-3W-102115,3W_4.8kWh,Kyron,KY-2413,2024-12-23,2025-01-10,4.8,70005,99.3,BMS-4.1,,,87.2,False
BAT-2W-102116,2W_2.1kWh,Cellora,CE-2308,2023-07-25,2023-08-07,2.1,32069,99.5,BMS-4.1,,,79.8,False
BAT-2W-102117,2W_2.1kWh,Kyron,KY-2409,2024-09-10,2024-09-24,2.1,32077,99.1,BMS-4.0,2025-06-15,end_of_life,57.6,False
BAT-2W-102118,2W_2.1kWh,Cellora,CE-2406,2024-05-29,2024-06-13,2.1,33160,99.7,BMS-4.0,,,80.1,False
BAT-2W-102119,2W_2.1kWh,Amptek,AM-2407,2024-07-06,2024-07-28,2.1,32280,99.8,BMS-4.0,,,80.8,False
BAT-2W-102120,2W_2.1kWh,Kyron,KY-2408,2024-10-15,2024-11-14,2.1,29811,99.0,BMS-4.0,2025-06-15,end_of_life,60.2,False
BAT-2W-102121,2W_2.1kWh,Kyron,KY-2407,2024-10-08,2024-11-22,2.1,34093,99.2,BMS-4.1,2025-06-15,end_of_life,58.9,False
BAT-2W-102122,2W_2.1kWh,Cellora,CE-2304,2023-03-03,2023-04-18,2.1,33900,99.3,BMS-4.1,,,79.2,False
BAT-2W-102123,2W_2.1kWh,Cellora,CE-2308,2023-08-11,2023-08-30,2.1,32505,99.3,BMS-4.0,,,79.5,False
BAT-2W-102124,2W_2.1kWh,Kyron,KY-2409,2024-10-02,2024-10-26,2.1,31016,99.7,BMS-4.0,2025-06-15,end_of_life,61.6,False
BAT-2W-102125,2W_2.1kWh,Cellora,CE-2503,2025-01-19,2025-03-06,2.1,31197,99.3,BMS-4.1,,,79.3,False
BAT-3W-102126,3W_4.8kWh,Amptek,AM-2412,2024-11-08,2024-12-19,4.8,66709,99.1,BMS-4.1,,,87.1,False
BAT-3W-102127,3W_4.8kWh,Kyron,KY-2412,2024-12-02,2024-12-29,4.8,69161,99.8,BMS-4.1,,,87.0,False
BAT-2W-102128,2W_2.1kWh,Amptek,AM-2406,2024-05-02,2024-06-20,2.1,30544,99.9,BMS-4.0,,,81.1,False
BAT-2W-102129,2W_2.1kWh,Cellora,CE-2309,2023-08-13,2023-09-01,2.1,29847,99.1,BMS-4.2,,,79.7,False
BAT-2W-102130,2W_2.1kWh,Cellora,CE-2410,2024-10-11,2024-10-30,2.1,32270,99.6,BMS-4.1,,,81.2,False
BAT-2W-102131,2W_2.1kWh,Amptek,AM-2408,2024-07-28,2024-08-09,2.1,31883,99.3,BMS-4.0,,,80.4,False
BAT-3W-102132,3W_4.8kWh,Kyron,KY-2407,2024-06-29,2024-07-22,4.8,70768,98.5,BMS-4.2,2025-06-15,end_of_life,67.0,False
BAT-2W-102133,2W_2.1kWh,Cellora,CE-2309,2023-08-08,2023-09-15,2.1,29987,98.8,BMS-4.0,,,78.8,False
BAT-2W-102134,2W_2.1kWh,Amptek,AM-2406,2024-04-25,2024-06-20,2.1,33627,99.6,BMS-4.0,,,80.6,False
BAT-3W-102135,3W_4.8kWh,Cellora,CE-2505,2025-04-29,2025-05-30,4.8,72919,99.9,BMS-4.0,,,87.4,False
BAT-2W-102136,2W_2.1kWh,Kyron,KY-2408,2024-09-21,2024-10-17,2.1,31016,99.1,BMS-4.1,2025-06-15,end_of_life,59.3,False
BAT-2W-102137,2W_2.1kWh,Kyron,KY-2409,2024-08-06,2024-09-23,2.1,33368,98.6,BMS-4.0,2025-06-15,end_of_life,60.5,False
BAT-2W-102138,2W_2.1kWh,Cellora,CE-2307,2023-06-19,2023-07-03,2.1,30189,99.1,BMS-4.1,,,79.9,False
BAT-2W-102139,2W_2.1kWh,Kyron,KY-2408,2024-08-25,2024-09-13,2.1,30343,98.8,BMS-4.1,2025-06-15,end_of_life,59.2,False
BAT-2W-102140,2W_2.1kWh,Amptek,AM-2406,2024-05-04,2024-06-27,2.1,32308,99.5,BMS-4.1,,,80.6,False
BAT-2W-102141,2W_2.1kWh,Cellora,CE-2312,2023-11-08,2023-12-07,2.1,31846,99.2,BMS-4.1,,,79.5,False
BAT-2W-102142,2W_2.1kWh,Cellora,CE-2311,2023-09-24,2023-11-13,2.1,29779,99.7,BMS-4.0,,,81.4,False
BAT-2W-102143,2W_2.1kWh,Cellora,CE-2406,2024-05-13,2024-06-16,2.1,31488,99.4,BMS-4.0,,,80.9,False
BAT-2W-102144,2W_2.1kWh,Kyron,KY-2409,2024-11-01,2024-11-19,2.1,33397,98.9,BMS-4.2,2025-06-15,end_of_life,59.6,False
BAT-2W-102145,2W_2.1kWh,Amptek,AM-2411,2024-09-07,2024-11-02,2.1,31448,99.3,BMS-4.2,,,80.5,False
BAT-3W-102146,3W_4.8kWh,Kyron,KY-2416,2025-03-02,2025-04-10,4.8,70002,99.4,BMS-4.2,,,86.0,False
BAT-2W-102147,2W_2.1kWh,Cellora,CE-2406,2024-05-12,2024-06-13,2.1,33405,99.8,BMS-4.1,,,80.0,False
BAT-2W-102148,2W_2.1kWh,Kyron,KY-2407,2024-09-12,2024-10-30,2.1,32627,99.1,BMS-4.1,2025-06-15,end_of_life,58.6,False
BAT-2W-102149,2W_2.1kWh,Kyron,KY-2407,2024-08-17,2024-09-29,2.1,30723,99.5,BMS-4.2,2025-06-15,end_of_life,63.7,False
BAT-2W-102150,2W_2.1kWh,Amptek,AM-2404,2024-03-09,2024-04-19,2.1,30049,99.0,BMS-4.1,,,80.3,False
BAT-2W-102151,2W_2.1kWh,Kyron,KY-2408,2024-10-07,2024-11-16,2.1,33390,98.8,BMS-4.2,2025-06-15,end_of_life,60.4,False
BAT-2W-102152,2W_2.1kWh,Cellora,CE-2311,2023-09-30,2023-11-18,2.1,29097,99.8,BMS-4.2,,,79.6,False
BAT-2W-102153,2W_2.1kWh,Cellora,CE-2408,2024-08-15,2024-08-29,2.1,34031,97.9,BMS-4.2,,,78.9,False
BAT-2W-102154,2W_2.1kWh,Amptek,AM-2408,2024-06-27,2024-08-17,2.1,33952,98.7,BMS-4.2,,,79.9,False
BAT-2W-102155,2W_2.1kWh,Cellora,CE-2505,2025-04-02,2025-05-26,2.1,32291,98.6,BMS-4.2,,,81.8,False
BAT-2W-102156,2W_2.1kWh,Cellora,CE-2405,2024-03-22,2024-05-17,2.1,31032,99.0,BMS-4.0,,,80.6,False
BAT-2W-102157,2W_2.1kWh,Amptek,AM-2502,2025-01-26,2025-02-22,2.1,33403,98.3,BMS-4.0,,,79.3,False
BAT-2W-102158,2W_2.1kWh,Amptek,AM-2405,2024-04-05,2024-05-21,2.1,34772,99.6,BMS-4.0,,,80.5,False
BAT-2W-102159,2W_2.1kWh,Cellora,CE-2308,2023-07-26,2023-08-20,2.1,32487,99.6,BMS-4.2,,,80.1,False
BAT-2W-102160,2W_2.1kWh,Kyron,KY-2408,2024-09-15,2024-09-26,2.1,32983,99.1,BMS-4.0,2025-06-15,end_of_life,62.0,False
BAT-2W-102161,2W_2.1kWh,Kyron,KY-2409,2024-08-24,2024-09-12,2.1,30182,99.5,BMS-4.2,2025-06-15,end_of_life,61.5,False
BAT-3W-102162,3W_4.8kWh,Cellora,CE-2312,2023-11-12,2023-12-23,4.8,67840,99.8,BMS-4.1,,,88.0,False
BAT-2W-102163,2W_2.1kWh,Kyron,KY-2408,2024-09-09,2024-10-26,2.1,29925,98.6,BMS-4.1,2025-06-15,end_of_life,60.6,False
BAT-2W-102164,2W_2.1kWh,Cellora,CE-2310,2023-09-17,2023-10-22,2.1,32547,99.3,BMS-4.1,,,80.6,False
BAT-3W-102165,3W_4.8kWh,Cellora,CE-2411,2024-10-01,2024-11-05,4.8,67601,99.8,BMS-4.1,,,86.6,False
BAT-3W-102166,3W_4.8kWh,Cellora,CE-2309,2023-08-08,2023-09-12,4.8,60386,99.1,BMS-4.0,,,86.6,False
BAT-2W-102167,2W_2.1kWh,Cellora,CE-2411,2024-10-28,2024-11-17,2.1,32117,99.8,BMS-4.0,,,82.1,False
BAT-2W-102168,2W_2.1kWh,Cellora,CE-2504,2025-03-18,2025-04-16,2.1,33303,99.1,BMS-4.0,,,80.1,False
BAT-2W-102169,2W_2.1kWh,Amptek,AM-2410,2024-09-15,2024-10-15,2.1,31482,99.2,BMS-4.0,,,78.9,False
BAT-2W-102170,2W_2.1kWh,Cellora,CE-2503,2025-02-03,2025-03-31,2.1,32441,99.9,BMS-4.2,,,81.0,False
BAT-2W-102171,2W_2.1kWh,Amptek,AM-2407,2024-05-27,2024-07-08,2.1,30651,99.3,BMS-4.0,,,80.4,False
BAT-2W-102172,2W_2.1kWh,Kyron,KY-2407,2024-10-11,2024-10-21,2.1,32204,99.3,BMS-4.0,2025-06-15,end_of_life,60.5,False
BAT-2W-102173,2W_2.1kWh,Kyron,KY-2408,2024-08-28,2024-10-02,2.1,33360,99.1,BMS-4.0,2025-06-15,end_of_life,61.2,False
BAT-2W-102174,2W_2.1kWh,Cellora,CE-2309,2023-07-16,2023-09-07,2.1,32304,98.6,BMS-4.0,,,77.6,False
BAT-2W-102175,2W_2.1kWh,Cellora,CE-2404,2024-04-03,2024-04-25,2.1,31745,99.0,BMS-4.1,,,80.4,False
BAT-2W-102176,2W_2.1kWh,Cellora,CE-2401,2023-11-03,2024-01-01,2.1,32402,98.9,BMS-4.1,,,79.2,False
BAT-2W-102177,2W_2.1kWh,Kyron,KY-2408,2024-10-27,2024-11-13,2.1,31081,99.4,BMS-4.0,2025-06-15,end_of_life,61.3,False
BAT-2W-102178,2W_2.1kWh,Cellora,CE-2408,2024-07-28,2024-08-15,2.1,31916,99.0,BMS-4.1,,,79.1,False
BAT-2W-102179,2W_2.1kWh,Cellora,CE-2402,2024-01-31,2024-02-22,2.1,31231,98.6,BMS-4.2,,,79.3,False
BAT-2W-102180,2W_2.1kWh,Amptek,AM-2502,2025-01-16,2025-02-05,2.1,31076,99.6,BMS-4.0,,,81.6,False
BAT-3W-102181,3W_4.8kWh,Cellora,CE-2401,2024-01-15,2024-01-27,4.8,71221,99.1,BMS-4.0,,,87.5,False
BAT-2W-102182,2W_2.1kWh,Cellora,CE-2308,2023-07-06,2023-08-02,2.1,31391,99.0,BMS-4.1,,,80.2,False
BAT-3W-102183,3W_4.8kWh,Amptek,AM-2506,2025-04-03,2025-06-01,4.8,67986,99.3,BMS-4.1,,,86.5,False
BAT-2W-102184,2W_2.1kWh,Cellora,CE-2402,2024-01-16,2024-02-11,2.1,31538,99.1,BMS-4.2,,,78.5,False
BAT-2W-102185,2W_2.1kWh,Amptek,AM-2406,2024-04-18,2024-06-04,2.1,31420,99.6,BMS-4.2,,,81.0,False
BAT-2W-102186,2W_2.1kWh,Cellora,CE-2410,2024-09-13,2024-10-15,2.1,30739,99.0,BMS-4.1,,,80.2,False
BAT-2W-102187,2W_2.1kWh,Amptek,AM-2404,2024-03-23,2024-04-20,2.1,33265,99.1,BMS-4.2,,,79.9,False
BAT-2W-102188,2W_2.1kWh,Cellora,CE-2502,2025-01-01,2025-02-23,2.1,31009,98.9,BMS-4.1,,,79.6,False
BAT-2W-102189,2W_2.1kWh,Kyron,KY-2409,2024-08-30,2024-09-29,2.1,31006,99.0,BMS-4.1,2025-06-15,end_of_life,61.2,False
BAT-2W-102190,2W_2.1kWh,Cellora,CE-2405,2024-03-21,2024-05-13,2.1,31553,98.5,BMS-4.2,,,79.8,False
BAT-2W-102191,2W_2.1kWh,Cellora,CE-2503,2025-01-24,2025-03-23,2.1,31170,99.0,BMS-4.1,,,79.6,False
BAT-3W-102192,3W_4.8kWh,Cellora,CE-2412,2024-11-08,2024-12-26,4.8,69642,98.9,BMS-4.0,,,87.3,False
BAT-2W-102193,2W_2.1kWh,Kyron,KY-2407,2024-09-27,2024-10-27,2.1,30609,99.0,BMS-4.1,2025-06-15,end_of_life,59.9,False
BAT-2W-102194,2W_2.1kWh,Cellora,CE-2501,2024-12-30,2025-01-29,2.1,31301,98.8,BMS-4.2,,,79.1,False
BAT-2W-102195,2W_2.1kWh,Kyron,KY-2407,2024-08-15,2024-09-20,2.1,33117,99.8,BMS-4.0,2025-06-15,end_of_life,61.3,False
BAT-2W-102196,2W_2.1kWh,Kyron,KY-2407,2024-07-27,2024-09-13,2.1,30567,99.1,BMS-4.1,2025-06-15,end_of_life,60.1,False
BAT-2W-102197,2W_2.1kWh,Kyron,KY-2409,2024-11-06,2024-11-21,2.1,30808,99.5,BMS-4.2,2025-06-15,end_of_life,58.8,False
BAT-2W-102198,2W_2.1kWh,Cellora,CE-2406,2024-05-24,2024-06-20,2.1,32175,98.9,BMS-4.1,,,80.6,False
BAT-2W-102199,2W_2.1kWh,Amptek,AM-2505,2025-03-26,2025-05-12,2.1,33072,99.2,BMS-4.2,,,79.3,False
BAT-2W-102200,2W_2.1kWh,Cellora,CE-2408,2024-06-16,2024-08-14,2.1,33814,98.9,BMS-4.0,,,79.3,False
BAT-3W-102201,3W_4.8kWh,Cellora,CE-2501,2024-11-26,2025-01-20,4.8,68031,98.7,BMS-4.1,,,86.2,False
BAT-2W-102202,2W_2.1kWh,Kyron,KY-2409,2024-10-10,2024-11-04,2.1,31573,98.4,BMS-4.1,2025-06-15,end_of_life,57.5,False
BAT-3W-102203,3W_4.8kWh,Cellora,CE-2407,2024-06-27,2024-07-31,4.8,69006,99.2,BMS-4.0,,,86.7,False
BAT-2W-102204,2W_2.1kWh,Amptek,AM-2506,2025-04-24,2025-06-07,2.1,30682,99.6,BMS-4.0,,,81.6,False
BAT-2W-102205,2W_2.1kWh,Cellora,CE-2311,2023-10-11,2023-11-18,2.1,31836,98.6,BMS-4.2,,,79.3,False
BAT-3W-102206,3W_4.8kWh,Kyron,KY-2410,2024-09-08,2024-10-07,4.8,65229,99.8,BMS-4.0,,,86.9,False
BAT-2W-102207,2W_2.1kWh,Amptek,AM-2503,2025-02-08,2025-03-23,2.1,31901,99.3,BMS-4.0,,,79.4,False
BAT-2W-102208,2W_2.1kWh,Kyron,KY-2409,2024-10-29,2024-11-20,2.1,34016,99.1,BMS-4.1,2025-06-15,end_of_life,60.2,False
BAT-3W-102209,3W_4.8kWh,Cellora,CE-2404,2024-03-17,2024-04-24,4.8,65514,99.2,BMS-4.1,,,87.0,False
BAT-3W-102210,3W_4.8kWh,Cellora,CE-2504,2025-02-27,2025-04-07,4.8,70383,98.9,BMS-4.2,,,86.5,False
BAT-2W-102211,2W_2.1kWh,Cellora,CE-2505,2025-03-28,2025-05-20,2.1,32872,99.0,BMS-4.1,,,78.9,False
BAT-2W-102212,2W_2.1kWh,Kyron,KY-2408,2024-08-19,2024-09-26,2.1,31171,98.9,BMS-4.2,2025-06-15,end_of_life,61.1,False
BAT-2W-102213,2W_2.1kWh,Cellora,CE-2410,2024-09-21,2024-10-14,2.1,29414,98.9,BMS-4.0,,,80.4,False
BAT-2W-102214,2W_2.1kWh,Cellora,CE-2407,2024-06-03,2024-07-08,2.1,31856,99.5,BMS-4.2,,,80.1,False
BAT-2W-102215,2W_2.1kWh,Cellora,CE-2404,2024-03-29,2024-04-16,2.1,32525,99.3,BMS-4.0,,,80.6,False
BAT-2W-102216,2W_2.1kWh,Amptek,AM-2502,2025-01-04,2025-02-15,2.1,31068,98.8,BMS-4.2,,,80.5,False
BAT-3W-102217,3W_4.8kWh,Amptek,AM-2502,2024-12-20,2025-02-01,4.8,68229,99.5,BMS-4.1,,,87.4,False
BAT-2W-102218,2W_2.1kWh,Kyron,KY-2409,2024-09-11,2024-10-07,2.1,31174,98.8,BMS-4.1,2025-06-15,end_of_life,58.8,False
BAT-3W-102219,3W_4.8kWh,Kyron,KY-2416,2025-03-17,2025-04-03,4.8,74319,99.8,BMS-4.1,,,87.5,False
BAT-2W-102220,2W_2.1kWh,Cellora,CE-2410,2024-09-25,2024-10-30,2.1,32160,99.7,BMS-4.0,,,79.2,False
BAT-2W-102221,2W_2.1kWh,Cellora,CE-2312,2023-11-15,2023-12-13,2.1,32886,99.9,BMS-4.1,,,81.6,False
BAT-2W-102222,2W_2.1kWh,Cellora,CE-2304,2023-03-28,2023-04-25,2.1,33456,98.6,BMS-4.0,,,78.4,False
BAT-2W-102223,2W_2.1kWh,Kyron,KY-2409,2024-08-31,2024-10-15,2.1,30931,99.3,BMS-4.1,2025-06-15,end_of_life,59.3,False
BAT-2W-102224,2W_2.1kWh,Kyron,KY-2407,2024-08-02,2024-09-14,2.1,32903,100.0,BMS-4.2,2025-06-15,end_of_life,60.3,False
BAT-3W-102225,3W_4.8kWh,Amptek,AM-2403,2024-01-19,2024-03-02,4.8,68210,98.9,BMS-4.0,,,85.6,False
BAT-2W-102226,2W_2.1kWh,Cellora,CE-2308,2023-07-07,2023-08-16,2.1,31895,99.7,BMS-4.2,,,80.2,False
BAT-2W-102227,2W_2.1kWh,Cellora,CE-2504,2025-02-28,2025-04-03,2.1,32131,98.9,BMS-4.2,,,80.7,False
BAT-2W-102228,2W_2.1kWh,Cellora,CE-2309,2023-09-12,2023-09-25,2.1,32919,100.0,BMS-4.2,,,80.8,False
BAT-2W-102229,2W_2.1kWh,Kyron,KY-2409,2024-09-19,2024-10-15,2.1,33416,99.1,BMS-4.1,2025-06-15,end_of_life,61.8,False
BAT-3W-102230,3W_4.8kWh,Cellora,CE-2310,2023-09-04,2023-10-02,4.8,64756,99.2,BMS-4.1,,,86.1,False
BAT-2W-102231,2W_2.1kWh,Cellora,CE-2404,2024-03-03,2024-04-07,2.1,31744,99.0,BMS-4.0,,,80.0,False
BAT-3W-102232,3W_4.8kWh,Kyron,KY-2415,2025-02-13,2025-03-20,4.8,67135,99.3,BMS-4.1,,,86.6,False
BAT-2W-102233,2W_2.1kWh,Kyron,KY-2407,2024-09-10,2024-10-06,2.1,31514,99.2,BMS-4.2,2025-06-15,end_of_life,62.0,False
BAT-2W-102234,2W_2.1kWh,Amptek,AM-2506,2025-05-05,2025-06-07,2.1,30356,99.8,BMS-4.0,,,80.9,False
BAT-2W-102235,2W_2.1kWh,Cellora,CE-2407,2024-05-22,2024-07-08,2.1,32445,98.3,BMS-4.1,,,78.8,False
BAT-2W-102236,2W_2.1kWh,Cellora,CE-2502,2025-01-12,2025-02-03,2.1,31337,99.5,BMS-4.1,,,80.4,False
BAT-3W-102237,3W_4.8kWh,Cellora,CE-2505,2025-04-19,2025-05-22,4.8,66829,99.4,BMS-4.0,,,86.0,False
BAT-3W-102238,3W_4.8kWh,Cellora,CE-2404,2024-04-17,2024-04-30,4.8,63944,99.0,BMS-4.0,,,86.2,False
BAT-3W-102239,3W_4.8kWh,Amptek,AM-2404,2024-02-23,2024-04-11,4.8,63706,99.0,BMS-4.1,,,87.1,False
BAT-2W-102240,2W_2.1kWh,Cellora,CE-2403,2024-01-29,2024-03-07,2.1,33615,99.1,BMS-4.1,,,78.8,False
BAT-3W-102241,3W_4.8kWh,Kyron,KY-2417,2025-04-23,2025-05-04,4.8,74269,99.1,BMS-4.1,,,85.7,False
BAT-2W-102242,2W_2.1kWh,Cellora,CE-2411,2024-09-10,2024-11-05,2.1,32280,99.2,BMS-4.0,,,80.6,False
BAT-2W-102243,2W_2.1kWh,Cellora,CE-2412,2024-12-09,2024-12-19,2.1,31757,98.6,BMS-4.1,,,77.7,False
BAT-2W-102244,2W_2.1kWh,Cellora,CE-2407,2024-05-27,2024-07-07,2.1,29307,98.8,BMS-4.2,,,79.8,False
BAT-2W-102245,2W_2.1kWh,Kyron,KY-2409,2024-09-02,2024-10-06,2.1,31830,99.3,BMS-4.0,2025-06-15,end_of_life,62.8,False
BAT-2W-102246,2W_2.1kWh,Cellora,CE-2308,2023-07-09,2023-08-02,2.1,30503,99.1,BMS-4.2,,,78.4,False
BAT-2W-102247,2W_2.1kWh,Kyron,KY-2408,2024-09-12,2024-10-22,2.1,33004,99.0,BMS-4.2,2025-06-15,end_of_life,61.2,False
BAT-2W-102248,2W_2.1kWh,Cellora,CE-2401,2023-12-21,2024-01-19,2.1,31378,99.4,BMS-4.0,,,80.0,False
BAT-2W-102249,2W_2.1kWh,Amptek,AM-2501,2024-12-15,2025-01-22,2.1,32731,98.9,BMS-4.2,,,79.2,False
BAT-2W-102250,2W_2.1kWh,Cellora,CE-2502,2024-12-23,2025-02-16,2.1,31415,99.3,BMS-4.0,,,77.9,False
BAT-2W-102251,2W_2.1kWh,Kyron,KY-2408,2024-10-23,2024-11-29,2.1,33221,98.8,BMS-4.2,2025-06-15,end_of_life,61.8,False
BAT-2W-102252,2W_2.1kWh,Cellora,CE-2303,2023-03-08,2023-03-21,2.1,33926,99.8,BMS-4.2,,,80.0,False
BAT-2W-102253,2W_2.1kWh,Cellora,CE-2411,2024-09-23,2024-11-04,2.1,30072,99.0,BMS-4.1,,,80.2,False
BAT-2W-102254,2W_2.1kWh,Cellora,CE-2410,2024-09-05,2024-10-19,2.1,31745,99.2,BMS-4.2,,,80.2,False
BAT-2W-102255,2W_2.1kWh,Kyron,KY-2408,2024-11-02,2024-11-26,2.1,33039,98.6,BMS-4.0,2025-06-15,end_of_life,58.8,False
BAT-3W-102256,3W_4.8kWh,Cellora,CE-2411,2024-10-20,2024-11-26,4.8,71182,99.8,BMS-4.0,,,87.9,False
BAT-2W-102257,2W_2.1kWh,Cellora,CE-2408,2024-07-18,2024-08-02,2.1,33552,99.3,BMS-4.2,,,80.8,False
BAT-2W-102258,2W_2.1kWh,Kyron,KY-2408,2024-10-17,2024-11-25,2.1,33950,99.5,BMS-4.1,2025-06-15,end_of_life,63.4,False
BAT-2W-102259,2W_2.1kWh,Kyron,KY-2408,2024-10-24,2024-11-13,2.1,31573,99.4,BMS-4.1,2025-06-15,end_of_life,60.2,False
BAT-2W-102260,2W_2.1kWh,Amptek,AM-2411,2024-11-02,2024-11-21,2.1,32325,99.4,BMS-4.1,,,80.6,False
BAT-2W-102261,2W_2.1kWh,Cellora,CE-2503,2025-03-01,2025-03-27,2.1,33225,99.0,BMS-4.0,,,80.2,False
BAT-2W-102262,2W_2.1kWh,Cellora,CE-2409,2024-07-27,2024-09-13,2.1,30686,99.7,BMS-4.2,,,79.4,False
BAT-2W-102263,2W_2.1kWh,Cellora,CE-2409,2024-08-09,2024-09-23,2.1,33345,99.3,BMS-4.2,,,79.8,False
BAT-3W-102264,3W_4.8kWh,Cellora,CE-2505,2025-04-04,2025-05-12,4.8,61886,99.1,BMS-4.2,,,87.5,False
BAT-2W-102265,2W_2.1kWh,Amptek,AM-2412,2024-11-21,2024-12-08,2.1,30661,99.5,BMS-4.2,,,79.3,False
BAT-2W-102266,2W_2.1kWh,Cellora,CE-2409,2024-07-21,2024-09-09,2.1,35043,99.5,BMS-4.2,,,78.7,False
BAT-2W-102267,2W_2.1kWh,Kyron,KY-2409,2024-08-28,2024-10-08,2.1,34429,99.5,BMS-4.2,2025-06-15,end_of_life,59.6,False
BAT-2W-102268,2W_2.1kWh,Cellora,CE-2306,2023-05-02,2023-06-24,2.1,32229,98.4,BMS-4.2,,,80.5,False
BAT-2W-102269,2W_2.1kWh,Kyron,KY-2408,2024-09-20,2024-10-14,2.1,32258,99.7,BMS-4.0,2025-06-15,end_of_life,58.6,False
BAT-2W-102270,2W_2.1kWh,Kyron,KY-2407,2024-09-17,2024-10-29,2.1,33698,98.8,BMS-4.0,2025-06-15,end_of_life,58.9,False
BAT-2W-102271,2W_2.1kWh,Cellora,CE-2307,2023-05-16,2023-07-12,2.1,31200,99.1,BMS-4.1,,,79.8,False
BAT-2W-102272,2W_2.1kWh,Cellora,CE-2310,2023-08-19,2023-10-10,2.1,32615,99.3,BMS-4.0,,,80.9,False
BAT-2W-102273,2W_2.1kWh,Amptek,AM-2411,2024-10-16,2024-11-25,2.1,31219,99.1,BMS-4.2,,,79.1,False
BAT-2W-102274,2W_2.1kWh,Kyron,KY-2409,2024-11-05,2024-11-23,2.1,31211,99.7,BMS-4.0,2025-06-15,end_of_life,63.1,False
BAT-2W-102275,2W_2.1kWh,Cellora,CE-2404,2024-03-29,2024-04-29,2.1,31876,99.6,BMS-4.2,,,79.5,False
BAT-2W-102276,2W_2.1kWh,Cellora,CE-2408,2024-07-31,2024-08-23,2.1,33478,99.3,BMS-4.0,,,79.4,False
BAT-2W-102277,2W_2.1kWh,Cellora,CE-2305,2023-05-02,2023-05-13,2.1,31035,99.4,BMS-4.1,,,80.8,False
BAT-2W-102278,2W_2.1kWh,Cellora,CE-2406,2024-05-28,2024-06-09,2.1,31125,99.4,BMS-4.0,,,79.2,False
BAT-2W-102279,2W_2.1kWh,Kyron,KY-2408,2024-09-12,2024-09-30,2.1,31194,99.0,BMS-4.1,2025-06-15,end_of_life,61.7,False
BAT-2W-102280,2W_2.1kWh,Cellora,CE-2312,2023-10-30,2023-12-04,2.1,31856,99.4,BMS-4.0,,,80.9,False
BAT-2W-102281,2W_2.1kWh,Amptek,AM-2503,2025-02-04,2025-03-03,2.1,29899,98.8,BMS-4.0,,,79.0,False
BAT-2W-102282,2W_2.1kWh,Amptek,AM-2501,2024-11-27,2025-01-19,2.1,29887,99.9,BMS-4.1,,,79.1,False
BAT-2W-102283,2W_2.1kWh,Kyron,KY-2408,2024-10-06,2024-11-16,2.1,32119,99.0,BMS-4.1,2025-06-15,end_of_life,58.6,False
BAT-2W-102284,2W_2.1kWh,Cellora,CE-2307,2023-05-13,2023-07-03,2.1,29924,99.5,BMS-4.0,,,80.7,False
BAT-2W-102285,2W_2.1kWh,Amptek,AM-2409,2024-07-19,2024-09-07,2.1,31711,99.5,BMS-4.2,,,80.7,False
BAT-2W-102286,2W_2.1kWh,Cellora,CE-2406,2024-05-23,2024-06-05,2.1,32729,99.8,BMS-4.0,,,80.4,False
BAT-2W-102287,2W_2.1kWh,Cellora,CE-2411,2024-10-23,2024-11-17,2.1,31726,98.9,BMS-4.2,,,80.1,False
BAT-2W-102288,2W_2.1kWh,Cellora,CE-2505,2025-04-14,2025-05-10,2.1,33325,99.1,BMS-4.2,,,78.8,False
BAT-2W-102289,2W_2.1kWh,Amptek,AM-2406,2024-05-11,2024-06-27,2.1,32784,99.6,BMS-4.2,,,81.2,False
BAT-2W-102290,2W_2.1kWh,Kyron,KY-2408,2024-08-31,2024-09-11,2.1,30242,99.4,BMS-4.0,2025-06-15,end_of_life,61.4,False
BAT-2W-102291,2W_2.1kWh,Kyron,KY-2407,2024-09-29,2024-11-03,2.1,31627,98.9,BMS-4.2,2025-06-15,end_of_life,59.2,False
BAT-3W-102292,3W_4.8kWh,Cellora,CE-2406,2024-05-25,2024-06-26,4.8,68927,99.1,BMS-4.1,,,86.3,False
BAT-2W-102293,2W_2.1kWh,Cellora,CE-2501,2024-12-25,2025-01-15,2.1,30255,99.3,BMS-4.0,,,78.2,False
BAT-2W-102294,2W_2.1kWh,Kyron,KY-2408,2024-11-01,2024-11-30,2.1,32616,99.6,BMS-4.0,2025-06-15,end_of_life,59.1,False
BAT-2W-102295,2W_2.1kWh,Kyron,KY-2407,2024-10-26,2024-11-25,2.1,32458,99.3,BMS-4.2,2025-06-15,end_of_life,57.0,False
BAT-2W-102296,2W_2.1kWh,Kyron,KY-2409,2024-08-07,2024-09-24,2.1,29072,99.4,BMS-4.1,2025-06-15,end_of_life,60.2,False
BAT-2W-102297,2W_2.1kWh,Kyron,KY-2407,2024-10-18,2024-11-21,2.1,32881,98.6,BMS-4.0,2025-06-15,end_of_life,59.6,False
BAT-3W-102298,3W_4.8kWh,Amptek,AM-2411,2024-10-17,2024-11-11,4.8,65565,99.3,BMS-4.1,,,86.6,False
BAT-2W-102299,2W_2.1kWh,Cellora,CE-2407,2024-05-27,2024-07-11,2.1,31947,99.5,BMS-4.0,,,79.7,False
BAT-2W-102300,2W_2.1kWh,Cellora,CE-2305,2023-03-26,2023-05-23,2.1,34364,98.8,BMS-4.1,,,78.7,False
BAT-2W-102301,2W_2.1kWh,Cellora,CE-2412,2024-12-10,2024-12-25,2.1,30822,99.2,BMS-4.2,,,80.3,False
BAT-2W-102302,2W_2.1kWh,Cellora,CE-2308,2023-07-07,2023-08-31,2.1,31764,98.7,BMS-4.1,,,79.6,False
BAT-2W-102303,2W_2.1kWh,Kyron,KY-2409,2024-09-10,2024-10-05,2.1,31425,98.5,BMS-4.1,2025-06-15,end_of_life,63.0,False
BAT-2W-102304,2W_2.1kWh,Cellora,CE-2404,2024-02-25,2024-04-21,2.1,33787,99.6,BMS-4.0,,,82.0,False
BAT-2W-102305,2W_2.1kWh,Cellora,CE-2505,2025-04-07,2025-05-22,2.1,31510,98.4,BMS-4.1,,,78.2,False
BAT-3W-102306,3W_4.8kWh,Cellora,CE-2505,2025-03-21,2025-05-18,4.8,65242,98.7,BMS-4.2,,,86.8,False
BAT-2W-102307,2W_2.1kWh,Kyron,KY-2409,2024-10-07,2024-11-03,2.1,30904,98.9,BMS-4.2,2025-06-15,end_of_life,59.8,False
BAT-2W-102308,2W_2.1kWh,Cellora,CE-2307,2023-07-09,2023-07-24,2.1,29000,99.5,BMS-4.0,,,80.1,False
BAT-2W-102309,2W_2.1kWh,Cellora,CE-2504,2025-02-13,2025-04-05,2.1,30170,99.0,BMS-4.0,,,80.9,False
BAT-2W-102310,2W_2.1kWh,Cellora,CE-2408,2024-06-09,2024-08-01,2.1,31453,99.1,BMS-4.2,,,80.6,False
BAT-3W-102311,3W_4.8kWh,Cellora,CE-2505,2025-04-12,2025-05-13,4.8,67639,99.8,BMS-4.2,,,87.1,False
BAT-2W-102312,2W_2.1kWh,Cellora,CE-2501,2024-11-30,2025-01-04,2.1,31923,99.4,BMS-4.0,,,80.4,False
BAT-2W-102313,2W_2.1kWh,Kyron,KY-2409,2024-09-29,2024-11-04,2.1,31662,99.6,BMS-4.0,2025-06-15,end_of_life,61.5,False
BAT-2W-102314,2W_2.1kWh,Kyron,KY-2408,2024-10-18,2024-11-27,2.1,29628,99.9,BMS-4.1,2025-06-15,end_of_life,62.6,False
BAT-2W-102315,2W_2.1kWh,Kyron,KY-2408,2024-10-21,2024-11-30,2.1,32152,98.8,BMS-4.1,2025-06-15,end_of_life,61.4,False
BAT-3W-102316,3W_4.8kWh,Cellora,CE-2305,2023-04-15,2023-05-15,4.8,69175,98.8,BMS-4.1,,,85.9,False
BAT-2W-102317,2W_2.1kWh,Amptek,AM-2504,2025-02-25,2025-04-20,2.1,32412,99.0,BMS-4.1,,,79.9,False
BAT-2W-102318,2W_2.1kWh,Cellora,CE-2307,2023-05-27,2023-07-10,2.1,33415,99.0,BMS-4.2,,,78.9,False
BAT-2W-102319,2W_2.1kWh,Cellora,CE-2502,2024-12-28,2025-02-04,2.1,34347,99.9,BMS-4.0,,,80.4,False
BAT-3W-102320,3W_4.8kWh,Kyron,KY-2413,2024-11-27,2025-01-12,4.8,62808,98.9,BMS-4.0,,,86.3,False
BAT-2W-102321,2W_2.1kWh,Cellora,CE-2401,2023-11-18,2024-01-01,2.1,30807,100.0,BMS-4.1,,,81.2,False
BAT-2W-102322,2W_2.1kWh,Cellora,CE-2405,2024-04-08,2024-05-10,2.1,34615,98.4,BMS-4.2,,,79.2,False
BAT-2W-102323,2W_2.1kWh,Kyron,KY-2408,2024-10-19,2024-11-27,2.1,32148,98.7,BMS-4.2,2025-06-15,end_of_life,59.5,False
BAT-2W-102324,2W_2.1kWh,Amptek,AM-2405,2024-04-02,2024-05-20,2.1,32964,98.8,BMS-4.0,,,79.6,False
BAT-2W-102325,2W_2.1kWh,Cellora,CE-2311,2023-10-01,2023-11-22,2.1,33119,99.4,BMS-4.2,,,80.9,False
BAT-2W-102326,2W_2.1kWh,Kyron,KY-2408,2024-09-25,2024-10-09,2.1,34459,99.6,BMS-4.2,2025-06-15,end_of_life,64.4,False
BAT-2W-102327,2W_2.1kWh,Kyron,KY-2407,2024-09-02,2024-10-01,2.1,30984,99.4,BMS-4.0,2025-06-15,end_of_life,56.2,False
BAT-2W-102328,2W_2.1kWh,Amptek,AM-2409,2024-08-12,2024-09-25,2.1,33432,99.3,BMS-4.1,,,81.2,False
BAT-2W-102329,2W_2.1kWh,Amptek,AM-2406,2024-05-12,2024-06-25,2.1,33386,98.9,BMS-4.1,,,80.0,False
BAT-2W-102330,2W_2.1kWh,Cellora,CE-2405,2024-03-24,2024-05-12,2.1,31512,99.1,BMS-4.0,,,80.5,False
BAT-2W-102331,2W_2.1kWh,Kyron,KY-2407,2024-09-22,2024-11-10,2.1,31137,98.7,BMS-4.2,2025-06-15,end_of_life,62.1,False
BAT-2W-102332,2W_2.1kWh,Amptek,AM-2410,2024-09-24,2024-10-18,2.1,32155,98.8,BMS-4.1,,,79.8,False
BAT-2W-102333,2W_2.1kWh,Amptek,AM-2406,2024-05-17,2024-06-30,2.1,31616,99.3,BMS-4.1,,,82.3,False
BAT-3W-102334,3W_4.8kWh,Cellora,CE-2411,2024-11-10,2024-11-29,4.8,66154,98.9,BMS-4.0,,,85.9,False
BAT-2W-102335,2W_2.1kWh,Amptek,AM-2406,2024-05-15,2024-06-02,2.1,32105,98.7,BMS-4.2,,,78.8,False
BAT-3W-102336,3W_4.8kWh,Cellora,CE-2409,2024-07-20,2024-09-16,4.8,67249,98.4,BMS-4.1,,,85.5,False
BAT-3W-102337,3W_4.8kWh,Kyron,KY-2410,2024-09-07,2024-10-27,4.8,65235,99.0,BMS-4.2,,,86.4,False
BAT-2W-102338,2W_2.1kWh,Amptek,AM-2411,2024-11-05,2024-11-19,2.1,32966,99.1,BMS-4.2,,,79.2,False
BAT-2W-102339,2W_2.1kWh,Kyron,KY-2408,2024-09-10,2024-09-28,2.1,31730,99.8,BMS-4.0,2025-06-15,end_of_life,61.3,False
BAT-3W-102340,3W_4.8kWh,Amptek,AM-2502,2024-12-09,2025-02-04,4.8,72042,99.1,BMS-4.1,,,86.3,False
BAT-2W-102341,2W_2.1kWh,Cellora,CE-2312,2023-12-12,2023-12-22,2.1,32661,99.4,BMS-4.1,,,80.2,False
BAT-2W-102342,2W_2.1kWh,Cellora,CE-2404,2024-02-12,2024-04-02,2.1,29945,99.2,BMS-4.0,,,79.4,False
BAT-2W-102343,2W_2.1kWh,Cellora,CE-2409,2024-07-19,2024-09-02,2.1,30207,99.4,BMS-4.1,,,79.5,False
BAT-2W-102344,2W_2.1kWh,Cellora,CE-2403,2024-02-01,2024-03-16,2.1,30339,99.5,BMS-4.2,,,80.9,False
BAT-2W-102345,2W_2.1kWh,Cellora,CE-2401,2024-01-05,2024-01-20,2.1,32256,99.2,BMS-4.0,,,79.1,False
BAT-2W-102346,2W_2.1kWh,Cellora,CE-2303,2023-02-03,2023-03-22,2.1,32480,98.9,BMS-4.2,,,81.9,False
BAT-2W-102347,2W_2.1kWh,Cellora,CE-2304,2023-03-26,2023-04-16,2.1,30702,99.2,BMS-4.1,,,79.4,False
BAT-2W-102348,2W_2.1kWh,Cellora,CE-2306,2023-05-03,2023-06-12,2.1,31371,99.7,BMS-4.1,,,79.4,False
BAT-2W-102349,2W_2.1kWh,Amptek,AM-2502,2025-01-13,2025-02-27,2.1,32222,99.5,BMS-4.1,,,80.9,False
BAT-2W-102350,2W_2.1kWh,Kyron,KY-2409,2024-08-25,2024-09-21,2.1,31883,98.5,BMS-4.0,2025-06-15,end_of_life,60.8,False
BAT-2W-102351,2W_2.1kWh,Kyron,KY-2407,2024-10-19,2024-11-21,2.1,31243,99.0,BMS-4.0,2025-06-15,end_of_life,60.3,False
BAT-2W-102352,2W_2.1kWh,Amptek,AM-2506,2025-05-24,2025-06-10,2.1,30410,99.4,BMS-4.2,,,79.1,False
BAT-3W-102353,3W_4.8kWh,Amptek,AM-2412,2024-11-16,2024-12-31,4.8,71877,99.8,BMS-4.0,,,88.0,False
BAT-2W-102354,2W_2.1kWh,Amptek,AM-2504,2025-03-16,2025-04-26,2.1,33360,99.1,BMS-4.1,,,79.7,False
BAT-3W-102355,3W_4.8kWh,Amptek,AM-2411,2024-10-06,2024-11-01,4.8,72151,99.2,BMS-4.2,,,86.9,False
BAT-2W-102356,2W_2.1kWh,Cellora,CE-2312,2023-11-20,2023-12-05,2.1,32788,99.5,BMS-4.1,,,80.2,False
BAT-2W-102357,2W_2.1kWh,Kyron,KY-2408,2024-08-28,2024-09-23,2.1,30544,99.6,BMS-4.0,2025-06-15,end_of_life,62.7,False
BAT-2W-102358,2W_2.1kWh,Cellora,CE-2409,2024-09-04,2024-09-18,2.1,31222,99.6,BMS-4.2,,,81.8,False
BAT-2W-102359,2W_2.1kWh,Amptek,AM-2501,2024-11-16,2025-01-14,2.1,31367,99.1,BMS-4.0,,,79.8,False
BAT-2W-102360,2W_2.1kWh,Cellora,CE-2411,2024-10-26,2024-11-06,2.1,30582,99.7,BMS-4.1,,,80.0,False
BAT-2W-102361,2W_2.1kWh,Kyron,KY-2409,2024-08-14,2024-10-01,2.1,29088,99.3,BMS-4.2,2025-06-15,end_of_life,60.3,False
BAT-2W-102362,2W_2.1kWh,Amptek,AM-2504,2025-03-24,2025-04-17,2.1,31022,99.3,BMS-4.2,,,80.3,False
BAT-2W-102363,2W_2.1kWh,Cellora,CE-2411,2024-11-06,2024-11-18,2.1,31195,98.7,BMS-4.1,,,79.4,False
BAT-2W-102364,2W_2.1kWh,Kyron,KY-2408,2024-08-24,2024-10-09,2.1,32146,99.3,BMS-4.0,2025-06-15,end_of_life,58.5,False
BAT-2W-102365,2W_2.1kWh,Amptek,AM-2405,2024-03-28,2024-05-20,2.1,30530,99.3,BMS-4.0,,,79.6,False
BAT-2W-102366,2W_2.1kWh,Cellora,CE-2304,2023-03-27,2023-04-25,2.1,31019,99.5,BMS-4.1,,,81.2,False
BAT-2W-102367,2W_2.1kWh,Amptek,AM-2404,2024-02-28,2024-04-18,2.1,32600,99.4,BMS-4.0,,,80.2,False
BAT-2W-102368,2W_2.1kWh,Cellora,CE-2307,2023-05-21,2023-07-06,2.1,32069,98.8,BMS-4.1,,,79.7,False
BAT-2W-102369,2W_2.1kWh,Cellora,CE-2310,2023-09-22,2023-10-27,2.1,31983,100.0,BMS-4.0,,,80.1,False
BAT-2W-102370,2W_2.1kWh,Cellora,CE-2501,2024-11-28,2025-01-14,2.1,32584,98.2,BMS-4.1,,,79.3,False
BAT-3W-102371,3W_4.8kWh,Amptek,AM-2405,2024-03-12,2024-05-04,4.8,69164,99.8,BMS-4.2,,,87.1,False
BAT-2W-102372,2W_2.1kWh,Cellora,CE-2403,2024-02-18,2024-03-19,2.1,32994,98.8,BMS-4.0,,,80.1,False
BAT-2W-102373,2W_2.1kWh,Cellora,CE-2308,2023-06-23,2023-08-15,2.1,30519,99.4,BMS-4.0,,,80.5,False
BAT-3W-102374,3W_4.8kWh,Amptek,AM-2403,2024-01-08,2024-03-01,4.8,65390,99.1,BMS-4.0,,,87.4,False
BAT-3W-102375,3W_4.8kWh,Kyron,KY-2413,2024-12-20,2025-01-25,4.8,66244,99.4,BMS-4.1,,,86.2,False
BAT-2W-102376,2W_2.1kWh,Kyron,KY-2407,2024-10-18,2024-11-05,2.1,32187,99.1,BMS-4.0,2025-06-15,end_of_life,62.9,False
BAT-3W-102377,3W_4.8kWh,Kyron,KY-2417,2025-05-15,2025-05-25,4.8,68398,99.5,BMS-4.2,,,86.9,False
BAT-3W-102378,3W_4.8kWh,Amptek,AM-2407,2024-07-08,2024-07-23,4.8,68664,99.7,BMS-4.0,,,86.8,False
BAT-2W-102379,2W_2.1kWh,Kyron,KY-2409,2024-10-13,2024-11-22,2.1,31804,98.6,BMS-4.1,2025-06-15,end_of_life,58.9,False
BAT-2W-102380,2W_2.1kWh,Cellora,CE-2406,2024-05-27,2024-06-25,2.1,30964,98.7,BMS-4.0,,,80.3,False
BAT-2W-102381,2W_2.1kWh,Kyron,KY-2409,2024-10-22,2024-11-06,2.1,30598,98.8,BMS-4.2,2025-06-15,end_of_life,61.5,False
BAT-2W-102382,2W_2.1kWh,Cellora,CE-2501,2024-11-17,2025-01-08,2.1,32622,98.8,BMS-4.0,,,79.9,False
BAT-2W-102383,2W_2.1kWh,Cellora,CE-2409,2024-09-17,2024-09-30,2.1,29478,100.0,BMS-4.1,,,80.5,False
BAT-2W-102384,2W_2.1kWh,Amptek,AM-2411,2024-10-19,2024-11-09,2.1,33133,99.7,BMS-4.0,,,79.3,False
BAT-2W-102385,2W_2.1kWh,Cellora,CE-2411,2024-10-06,2024-11-29,2.1,31639,99.2,BMS-4.0,,,80.1,False
BAT-2W-102386,2W_2.1kWh,Cellora,CE-2305,2023-05-16,2023-05-27,2.1,31352,99.4,BMS-4.1,,,81.2,False
BAT-2W-102387,2W_2.1kWh,Cellora,CE-2412,2024-11-20,2024-12-09,2.1,33124,99.8,BMS-4.1,,,79.7,False
BAT-2W-102388,2W_2.1kWh,Cellora,CE-2310,2023-09-18,2023-10-20,2.1,31879,99.2,BMS-4.2,,,78.0,False
BAT-3W-102389,3W_4.8kWh,Amptek,AM-2410,2024-09-19,2024-10-03,4.8,67004,99.8,BMS-4.1,,,86.3,False
BAT-2W-102390,2W_2.1kWh,Kyron,KY-2408,2024-09-30,2024-11-14,2.1,33986,99.2,BMS-4.1,2025-06-15,end_of_life,60.3,False
BAT-2W-102391,2W_2.1kWh,Amptek,AM-2410,2024-09-24,2024-10-18,2.1,31975,98.9,BMS-4.0,,,79.8,False
BAT-2W-102392,2W_2.1kWh,Kyron,KY-2408,2024-10-12,2024-11-18,2.1,29763,99.6,BMS-4.1,2025-06-15,end_of_life,61.3,False
BAT-3W-102393,3W_4.8kWh,Amptek,AM-2408,2024-07-31,2024-08-26,4.8,63079,99.6,BMS-4.0,,,86.4,False
BAT-2W-102394,2W_2.1kWh,Amptek,AM-2505,2025-04-05,2025-05-17,2.1,31293,99.4,BMS-4.0,,,79.1,False
BAT-2W-102395,2W_2.1kWh,Cellora,CE-2410,2024-08-20,2024-10-04,2.1,31338,99.6,BMS-4.2,,,81.3,False
BAT-3W-102396,3W_4.8kWh,Cellora,CE-2304,2023-03-25,2023-04-29,4.8,66050,98.5,BMS-4.0,,,86.1,False
BAT-2W-102397,2W_2.1kWh,Cellora,CE-2503,2025-01-31,2025-03-28,2.1,34203,99.3,BMS-4.2,,,80.2,False
BAT-2W-102398,2W_2.1kWh,Cellora,CE-2406,2024-04-21,2024-06-09,2.1,32383,98.8,BMS-4.1,,,81.9,False
BAT-2W-102399,2W_2.1kWh,Kyron,KY-2408,2024-08-01,2024-09-14,2.1,31698,99.1,BMS-4.0,2025-06-15,end_of_life,60.0,False
BAT-2W-102400,2W_2.1kWh,Cellora,CE-2304,2023-02-19,2023-04-19,2.1,31145,99.1,BMS-4.1,,,81.5,False
BAT-2W-102401,2W_2.1kWh,Cellora,CE-2405,2024-04-15,2024-05-13,2.1,31872,99.4,BMS-4.0,,,79.7,False
BAT-2W-102402,2W_2.1kWh,Cellora,CE-2407,2024-06-02,2024-07-10,2.1,31700,99.5,BMS-4.0,,,79.6,False
BAT-2W-102403,2W_2.1kWh,Kyron,KY-2407,2024-10-03,2024-10-13,2.1,32483,99.4,BMS-4.0,2025-06-15,end_of_life,62.1,False
BAT-2W-102404,2W_2.1kWh,Kyron,KY-2409,2024-08-21,2024-09-19,2.1,31603,98.8,BMS-4.1,2025-06-15,end_of_life,62.4,False
BAT-2W-102405,2W_2.1kWh,Cellora,CE-2311,2023-10-30,2023-11-17,2.1,32154,98.9,BMS-4.0,,,81.3,False
BAT-2W-102406,2W_2.1kWh,Cellora,CE-2404,2024-02-21,2024-04-02,2.1,31197,98.8,BMS-4.2,,,79.0,False
BAT-2W-102407,2W_2.1kWh,Cellora,CE-2310,2023-09-04,2023-10-23,2.1,31186,99.4,BMS-4.2,,,80.1,False
BAT-2W-102408,2W_2.1kWh,Cellora,CE-2501,2024-12-02,2025-01-29,2.1,33596,99.0,BMS-4.2,,,79.0,False
BAT-2W-102409,2W_2.1kWh,Cellora,CE-2402,2023-12-19,2024-02-03,2.1,31748,99.5,BMS-4.1,,,80.1,False
BAT-2W-102410,2W_2.1kWh,Cellora,CE-2303,2023-02-18,2023-03-31,2.1,33978,99.5,BMS-4.2,,,79.5,False
BAT-2W-102411,2W_2.1kWh,Cellora,CE-2411,2024-10-11,2024-11-16,2.1,36007,99.1,BMS-4.2,,,80.8,False
BAT-2W-102412,2W_2.1kWh,Amptek,AM-2504,2025-03-24,2025-04-03,2.1,32251,98.7,BMS-4.1,,,77.6,False
BAT-2W-102413,2W_2.1kWh,Cellora,CE-2503,2025-02-19,2025-03-01,2.1,29525,99.1,BMS-4.1,,,80.0,False
BAT-3W-102414,3W_4.8kWh,Amptek,AM-2404,2024-03-11,2024-04-03,4.8,70159,98.6,BMS-4.2,,,85.1,False
BAT-2W-102415,2W_2.1kWh,Kyron,KY-2408,2024-10-11,2024-10-25,2.1,32087,99.1,BMS-4.0,2025-06-15,end_of_life,61.6,False
BAT-2W-102416,2W_2.1kWh,Cellora,CE-2308,2023-06-13,2023-08-02,2.1,32382,99.2,BMS-4.2,,,80.5,False
BAT-2W-102417,2W_2.1kWh,Kyron,KY-2409,2024-10-09,2024-11-23,2.1,29734,99.2,BMS-4.2,2025-06-15,end_of_life,62.7,False
BAT-2W-102418,2W_2.1kWh,Cellora,CE-2501,2025-01-03,2025-01-17,2.1,31807,99.2,BMS-4.1,,,79.4,False
BAT-2W-102419,2W_2.1kWh,Cellora,CE-2405,2024-04-21,2024-05-19,2.1,32051,99.4,BMS-4.2,,,81.2,False
BAT-2W-102420,2W_2.1kWh,Cellora,CE-2502,2025-01-09,2025-02-12,2.1,30801,99.1,BMS-4.1,,,79.3,False
BAT-3W-102421,3W_4.8kWh,Cellora,CE-2407,2024-06-28,2024-07-27,4.8,70529,99.1,BMS-4.1,,,85.5,False
BAT-2W-102422,2W_2.1kWh,Kyron,KY-2409,2024-09-25,2024-10-12,2.1,32811,99.3,BMS-4.2,2025-06-15,end_of_life,59.1,False
BAT-2W-102423,2W_2.1kWh,Cellora,CE-2312,2023-12-13,2023-12-28,2.1,31434,98.9,BMS-4.0,,,79.1,False
BAT-2W-102424,2W_2.1kWh,Kyron,KY-2407,2024-09-28,2024-11-04,2.1,32050,99.2,BMS-4.1,2025-06-15,end_of_life,60.8,False
BAT-2W-102425,2W_2.1kWh,Kyron,KY-2408,2024-09-19,2024-10-07,2.1,30704,98.9,BMS-4.0,2025-06-15,end_of_life,62.1,False
BAT-2W-102426,2W_2.1kWh,Amptek,AM-2501,2025-01-05,2025-01-28,2.1,31915,98.9,BMS-4.1,,,79.6,False
BAT-2W-102427,2W_2.1kWh,Cellora,CE-2407,2024-05-27,2024-07-17,2.1,31901,98.4,BMS-4.0,,,79.6,False
BAT-2W-102428,2W_2.1kWh,Amptek,AM-2404,2024-03-11,2024-04-05,2.1,32363,99.1,BMS-4.1,,,79.9,False
BAT-2W-102429,2W_2.1kWh,Cellora,CE-2412,2024-10-24,2024-12-03,2.1,32119,98.6,BMS-4.2,,,80.3,False
BAT-2W-102430,2W_2.1kWh,Cellora,CE-2406,2024-05-01,2024-06-29,2.1,33044,99.4,BMS-4.0,,,81.2,False
BAT-2W-102431,2W_2.1kWh,Cellora,CE-2411,2024-10-13,2024-11-21,2.1,31597,99.4,BMS-4.1,,,80.3,False
BAT-2W-102432,2W_2.1kWh,Amptek,AM-2408,2024-07-14,2024-08-25,2.1,34902,99.4,BMS-4.1,,,79.0,False
BAT-2W-102433,2W_2.1kWh,Cellora,CE-2502,2024-12-26,2025-02-10,2.1,33396,99.3,BMS-4.1,,,79.3,False
BAT-2W-102434,2W_2.1kWh,Kyron,KY-2409,2024-10-13,2024-11-28,2.1,33268,99.6,BMS-4.1,2025-06-15,end_of_life,59.3,False
BAT-2W-102435,2W_2.1kWh,Amptek,AM-2502,2025-01-25,2025-02-18,2.1,31723,99.3,BMS-4.1,,,80.9,False
BAT-2W-102436,2W_2.1kWh,Amptek,AM-2405,2024-04-27,2024-05-18,2.1,32800,99.8,BMS-4.1,,,80.4,False
BAT-2W-102437,2W_2.1kWh,Kyron,KY-2409,2024-09-01,2024-09-13,2.1,32214,99.3,BMS-4.1,2025-06-15,end_of_life,59.2,False
BAT-3W-102438,3W_4.8kWh,Cellora,CE-2505,2025-03-20,2025-05-03,4.8,71101,98.8,BMS-4.2,,,85.9,False
BAT-2W-102439,2W_2.1kWh,Kyron,KY-2407,2024-08-07,2024-09-15,2.1,32186,99.0,BMS-4.1,2025-06-15,end_of_life,61.7,False
BAT-3W-102440,3W_4.8kWh,Cellora,CE-2403,2024-02-18,2024-03-29,4.8,73855,99.6,BMS-4.2,,,87.9,False
BAT-2W-102441,2W_2.1kWh,Cellora,CE-2401,2023-12-11,2024-01-09,2.1,31983,99.0,BMS-4.2,,,79.6,False
BAT-2W-102442,2W_2.1kWh,Cellora,CE-2501,2024-12-10,2025-01-20,2.1,31935,99.9,BMS-4.0,,,79.8,False
BAT-2W-102443,2W_2.1kWh,Kyron,KY-2407,2024-10-22,2024-11-20,2.1,30767,98.8,BMS-4.2,2025-06-15,end_of_life,59.6,False
BAT-2W-102444,2W_2.1kWh,Kyron,KY-2408,2024-09-25,2024-10-29,2.1,31606,99.1,BMS-4.0,2025-06-15,end_of_life,62.0,False
BAT-2W-102445,2W_2.1kWh,Cellora,CE-2402,2024-01-13,2024-02-22,2.1,32515,99.0,BMS-4.2,,,80.4,False
BAT-2W-102446,2W_2.1kWh,Kyron,KY-2407,2024-10-05,2024-11-13,2.1,30530,99.5,BMS-4.0,2025-06-15,end_of_life,57.0,False
BAT-2W-102447,2W_2.1kWh,Cellora,CE-2406,2024-04-30,2024-06-18,2.1,33558,99.5,BMS-4.0,,,81.8,False
BAT-2W-102448,2W_2.1kWh,Cellora,CE-2407,2024-05-09,2024-07-06,2.1,32869,98.7,BMS-4.0,,,80.0,False
BAT-2W-102449,2W_2.1kWh,Cellora,CE-2403,2024-01-08,2024-03-07,2.1,32067,98.6,BMS-4.2,,,80.8,False
BAT-2W-102450,2W_2.1kWh,Cellora,CE-2502,2025-01-24,2025-02-24,2.1,31045,99.2,BMS-4.0,,,80.8,False
BAT-2W-102451,2W_2.1kWh,Cellora,CE-2406,2024-05-26,2024-06-18,2.1,32898,99.6,BMS-4.2,,,79.9,False
BAT-2W-102452,2W_2.1kWh,Cellora,CE-2401,2023-12-25,2024-01-18,2.1,31145,98.6,BMS-4.2,,,78.3,False
BAT-2W-102453,2W_2.1kWh,Cellora,CE-2402,2024-01-01,2024-02-15,2.1,30661,99.9,BMS-4.1,,,80.5,False
BAT-3W-102454,3W_4.8kWh,Cellora,CE-2503,2025-02-03,2025-03-22,4.8,71871,99.0,BMS-4.2,,,85.2,False
BAT-2W-102455,2W_2.1kWh,Kyron,KY-2408,2024-08-26,2024-09-18,2.1,32423,99.2,BMS-4.1,2025-06-15,end_of_life,58.4,False
BAT-2W-102456,2W_2.1kWh,Amptek,AM-2410,2024-09-01,2024-10-04,2.1,32983,99.3,BMS-4.1,,,79.8,False
BAT-2W-102457,2W_2.1kWh,Kyron,KY-2407,2024-09-22,2024-11-01,2.1,32113,98.9,BMS-4.1,2025-06-15,end_of_life,59.6,False
BAT-3W-102458,3W_4.8kWh,Kyron,KY-2414,2025-01-24,2025-02-15,4.8,65553,99.3,BMS-4.1,,,86.2,False
BAT-2W-102459,2W_2.1kWh,Kyron,KY-2408,2024-08-24,2024-10-01,2.1,30773,99.9,BMS-4.0,2025-06-15,end_of_life,62.4,False
BAT-3W-102460,3W_4.8kWh,Cellora,CE-2312,2023-11-07,2023-12-27,4.8,65724,99.6,BMS-4.0,,,86.2,False
BAT-2W-102461,2W_2.1kWh,Kyron,KY-2408,2024-10-21,2024-11-05,2.1,32510,99.3,BMS-4.0,2025-06-15,end_of_life,60.3,False
BAT-2W-102462,2W_2.1kWh,Cellora,CE-2505,2025-03-27,2025-05-24,2.1,31636,99.2,BMS-4.2,,,80.7,False
BAT-2W-102463,2W_2.1kWh,Cellora,CE-2306,2023-04-18,2023-06-14,2.1,32435,98.6,BMS-4.2,,,79.2,False
BAT-2W-102464,2W_2.1kWh,Kyron,KY-2407,2024-11-02,2024-11-30,2.1,32735,99.2,BMS-4.1,2025-06-15,end_of_life,59.7,False
BAT-2W-102465,2W_2.1kWh,Cellora,CE-2312,2023-11-02,2023-12-25,2.1,33454,100.0,BMS-4.0,,,79.8,False
BAT-2W-102466,2W_2.1kWh,Cellora,CE-2404,2024-03-08,2024-04-16,2.1,32487,99.5,BMS-4.1,,,79.6,False
BAT-3W-102467,3W_4.8kWh,Cellora,CE-2403,2024-02-26,2024-03-17,4.8,69753,98.8,BMS-4.1,,,86.1,False
BAT-2W-102468,2W_2.1kWh,Cellora,CE-2409,2024-09-02,2024-09-12,2.1,32495,99.9,BMS-4.2,,,80.5,False
BAT-2W-102469,2W_2.1kWh,Amptek,AM-2405,2024-04-23,2024-05-17,2.1,33685,98.7,BMS-4.0,,,79.4,False
BAT-2W-102470,2W_2.1kWh,Kyron,KY-2408,2024-10-01,2024-11-15,2.1,30857,99.4,BMS-4.2,2025-06-15,end_of_life,61.4,False
BAT-2W-102471,2W_2.1kWh,Cellora,CE-2408,2024-07-19,2024-08-01,2.1,30957,98.7,BMS-4.2,,,79.1,False
BAT-3W-102472,3W_4.8kWh,Kyron,KY-2416,2025-02-14,2025-04-01,4.8,70199,99.7,BMS-4.1,,,87.7,False
BAT-3W-102473,3W_4.8kWh,Cellora,CE-2407,2024-07-06,2024-07-16,4.8,69527,99.2,BMS-4.2,,,85.9,False
BAT-2W-102474,2W_2.1kWh,Cellora,CE-2304,2023-02-08,2023-04-06,2.1,33181,99.0,BMS-4.2,,,79.4,False
BAT-2W-102475,2W_2.1kWh,Cellora,CE-2310,2023-10-10,2023-10-24,2.1,32622,99.7,BMS-4.0,,,81.7,False
BAT-2W-102476,2W_2.1kWh,Cellora,CE-2405,2024-04-09,2024-05-17,2.1,32231,99.6,BMS-4.1,,,80.8,False
BAT-2W-102477,2W_2.1kWh,Kyron,KY-2408,2024-09-03,2024-09-19,2.1,32962,98.6,BMS-4.2,2025-06-15,end_of_life,58.5,False
BAT-2W-102478,2W_2.1kWh,Amptek,AM-2503,2025-02-01,2025-03-09,2.1,34270,99.4,BMS-4.2,,,81.2,False
BAT-2W-102479,2W_2.1kWh,Cellora,CE-2307,2023-06-19,2023-07-29,2.1,33166,98.7,BMS-4.1,,,79.8,False
BAT-2W-102480,2W_2.1kWh,Amptek,AM-2502,2025-02-13,2025-02-24,2.1,30367,98.5,BMS-4.2,,,79.0,False
BAT-2W-102481,2W_2.1kWh,Kyron,KY-2408,2024-10-11,2024-10-22,2.1,33712,99.8,BMS-4.2,2025-06-15,end_of_life,61.2,False
BAT-2W-102482,2W_2.1kWh,Cellora,CE-2402,2023-12-14,2024-02-10,2.1,31399,98.8,BMS-4.1,,,79.2,False
BAT-2W-102483,2W_2.1kWh,Cellora,CE-2309,2023-09-04,2023-09-22,2.1,32238,99.4,BMS-4.0,,,81.6,False
BAT-2W-102484,2W_2.1kWh,Cellora,CE-2307,2023-05-16,2023-07-10,2.1,31643,99.2,BMS-4.2,,,81.1,False
BAT-2W-102485,2W_2.1kWh,Cellora,CE-2504,2025-03-20,2025-04-21,2.1,33653,98.4,BMS-4.0,,,78.0,False
BAT-2W-102486,2W_2.1kWh,Cellora,CE-2306,2023-05-08,2023-06-04,2.1,32081,99.0,BMS-4.1,,,80.0,False
BAT-2W-102487,2W_2.1kWh,Cellora,CE-2310,2023-08-24,2023-10-05,2.1,31777,98.8,BMS-4.0,,,78.5,False
BAT-2W-102488,2W_2.1kWh,Amptek,AM-2407,2024-05-30,2024-07-26,2.1,32878,99.3,BMS-4.2,,,80.8,False
BAT-2W-102489,2W_2.1kWh,Cellora,CE-2408,2024-07-08,2024-08-23,2.1,30873,98.6,BMS-4.1,,,80.9,False
BAT-3W-102490,3W_4.8kWh,Amptek,AM-2412,2024-10-18,2024-12-02,4.8,71203,99.1,BMS-4.0,,,86.7,False
BAT-2W-102491,2W_2.1kWh,Cellora,CE-2305,2023-04-25,2023-05-21,2.1,30422,99.6,BMS-4.0,,,79.8,False
BAT-2W-102492,2W_2.1kWh,Cellora,CE-2411,2024-10-15,2024-11-20,2.1,31739,99.0,BMS-4.1,,,79.8,False
BAT-2W-102493,2W_2.1kWh,Cellora,CE-2411,2024-09-18,2024-11-03,2.1,31282,99.3,BMS-4.1,,,79.8,False
BAT-3W-102494,3W_4.8kWh,Cellora,CE-2504,2025-02-10,2025-04-02,4.8,65949,99.3,BMS-4.2,,,87.1,False
BAT-3W-102495,3W_4.8kWh,Amptek,AM-2403,2024-03-07,2024-03-21,4.8,65649,99.2,BMS-4.2,,,86.0,False
BAT-2W-102496,2W_2.1kWh,Cellora,CE-2502,2025-01-07,2025-02-05,2.1,30595,99.1,BMS-4.1,,,80.2,False
BAT-2W-102497,2W_2.1kWh,Cellora,CE-2310,2023-08-27,2023-10-14,2.1,31314,98.8,BMS-4.2,,,79.2,False
BAT-2W-102498,2W_2.1kWh,Amptek,AM-2505,2025-03-29,2025-05-14,2.1,31505,99.3,BMS-4.0,,,79.9,False
BAT-3W-102499,3W_4.8kWh,Cellora,CE-2304,2023-03-12,2023-04-07,4.8,65007,98.9,BMS-4.2,,,86.0,False
BAT-2W-102500,2W_2.1kWh,Cellora,CE-2504,2025-03-29,2025-04-24,2.1,29184,98.8,BMS-4.2,,,80.5,False
BAT-2W-102501,2W_2.1kWh,Kyron,KY-2407,2024-08-27,2024-09-11,2.1,32034,99.0,BMS-4.1,2025-06-15,end_of_life,59.5,False
BAT-2W-102502,2W_2.1kWh,Amptek,AM-2501,2024-12-09,2025-01-12,2.1,31018,99.2,BMS-4.0,,,78.5,False
BAT-2W-102503,2W_2.1kWh,Kyron,KY-2407,2024-10-18,2024-11-09,2.1,31650,99.1,BMS-4.1,2025-06-15,end_of_life,62.6,False
BAT-2W-102504,2W_2.1kWh,Cellora,CE-2305,2023-04-22,2023-05-17,2.1,33394,98.8,BMS-4.1,,,78.7,False
BAT-2W-102505,2W_2.1kWh,Cellora,CE-2503,2025-02-19,2025-03-13,2.1,30842,99.1,BMS-4.1,,,80.4,False
BAT-2W-102506,2W_2.1kWh,Kyron,KY-2408,2024-10-10,2024-11-13,2.1,31247,99.8,BMS-4.0,2025-06-15,end_of_life,61.0,False
BAT-2W-102507,2W_2.1kWh,Kyron,KY-2408,2024-10-03,2024-11-13,2.1,30408,98.9,BMS-4.0,2025-06-15,end_of_life,60.3,False
BAT-3W-102508,3W_4.8kWh,Cellora,CE-2311,2023-09-21,2023-11-03,4.8,69449,98.7,BMS-4.1,,,85.6,False
BAT-2W-102509,2W_2.1kWh,Cellora,CE-2502,2025-01-13,2025-02-02,2.1,31989,99.6,BMS-4.2,,,78.4,False
BAT-2W-102510,2W_2.1kWh,Kyron,KY-2407,2024-09-10,2024-09-30,2.1,31188,99.2,BMS-4.2,2025-06-15,end_of_life,60.4,False
BAT-3W-102511,3W_4.8kWh,Amptek,AM-2403,2024-02-02,2024-03-24,4.8,66507,99.0,BMS-4.0,,,85.0,False
BAT-2W-102512,2W_2.1kWh,Cellora,CE-2307,2023-06-21,2023-07-19,2.1,30924,99.1,BMS-4.2,,,78.5,False
BAT-2W-102513,2W_2.1kWh,Cellora,CE-2403,2024-01-22,2024-03-12,2.1,30837,98.6,BMS-4.1,,,79.8,False
BAT-2W-102514,2W_2.1kWh,Kyron,KY-2409,2024-08-14,2024-09-26,2.1,33217,99.8,BMS-4.0,2025-06-15,end_of_life,61.6,False
BAT-2W-102515,2W_2.1kWh,Cellora,CE-2501,2024-12-12,2025-01-16,2.1,32259,99.6,BMS-4.0,,,80.8,False
BAT-2W-102516,2W_2.1kWh,Cellora,CE-2309,2023-07-28,2023-09-24,2.1,32836,98.9,BMS-4.2,,,79.1,False
BAT-3W-102517,3W_4.8kWh,Cellora,CE-2410,2024-09-17,2024-10-11,4.8,69238,99.2,BMS-4.2,,,85.8,False
BAT-3W-102518,3W_4.8kWh,Kyron,KY-2408,2024-07-15,2024-08-23,4.8,72454,98.9,BMS-4.2,,,70.1,False
BAT-2W-102519,2W_2.1kWh,Cellora,CE-2505,2025-05-05,2025-05-26,2.1,31356,99.4,BMS-4.2,,,81.2,False
BAT-2W-102520,2W_2.1kWh,Cellora,CE-2505,2025-04-17,2025-05-05,2.1,32063,98.9,BMS-4.0,,,80.5,False
BAT-2W-102521,2W_2.1kWh,Cellora,CE-2404,2024-04-02,2024-04-23,2.1,31351,99.0,BMS-4.2,,,78.9,False
BAT-2W-102522,2W_2.1kWh,Kyron,KY-2408,2024-07-31,2024-09-16,2.1,31744,99.2,BMS-4.2,2025-06-15,end_of_life,63.7,False
BAT-3W-102523,3W_4.8kWh,Cellora,CE-2401,2023-12-21,2024-01-21,4.8,69328,99.5,BMS-4.0,,,87.0,False
BAT-2W-102524,2W_2.1kWh,Amptek,AM-2404,2024-03-05,2024-04-29,2.1,35050,99.0,BMS-4.2,,,79.5,False
BAT-3W-102525,3W_4.8kWh,Kyron,KY-2417,2025-04-19,2025-05-08,4.8,63260,99.1,BMS-4.2,,,87.2,False
BAT-2W-102526,2W_2.1kWh,Amptek,AM-2406,2024-05-29,2024-06-25,2.1,31155,98.7,BMS-4.0,,,79.6,False
BAT-2W-102527,2W_2.1kWh,Cellora,CE-2406,2024-05-23,2024-06-11,2.1,31056,99.4,BMS-4.2,,,81.6,False
BAT-2W-102528,2W_2.1kWh,Cellora,CE-2305,2023-04-29,2023-05-29,2.1,31694,98.9,BMS-4.1,,,78.9,False
BAT-3W-102529,3W_4.8kWh,Cellora,CE-2312,2023-10-30,2023-12-22,4.8,68588,99.1,BMS-4.1,,,86.0,False
BAT-3W-102530,3W_4.8kWh,Cellora,CE-2310,2023-09-01,2023-10-10,4.8,70316,99.7,BMS-4.1,,,86.1,False
BAT-2W-102531,2W_2.1kWh,Cellora,CE-2505,2025-04-03,2025-05-19,2.1,32372,98.5,BMS-4.0,,,79.2,False
BAT-2W-102532,2W_2.1kWh,Amptek,AM-2410,2024-09-22,2024-10-23,2.1,31607,99.4,BMS-4.0,,,81.2,False
BAT-2W-102533,2W_2.1kWh,Amptek,AM-2405,2024-04-07,2024-05-08,2.1,30623,99.2,BMS-4.1,,,80.6,False
BAT-3W-102534,3W_4.8kWh,Cellora,CE-2402,2023-12-16,2024-02-04,4.8,71852,98.8,BMS-4.0,,,86.0,False
BAT-2W-102535,2W_2.1kWh,Cellora,CE-2307,2023-05-20,2023-07-12,2.1,30807,98.5,BMS-4.1,,,78.8,False
BAT-2W-102536,2W_2.1kWh,Amptek,AM-2505,2025-05-11,2025-05-23,2.1,32212,98.7,BMS-4.1,,,78.3,False
BAT-2W-102537,2W_2.1kWh,Cellora,CE-2411,2024-10-23,2024-11-30,2.1,30554,99.5,BMS-4.2,,,78.8,False
BAT-2W-102538,2W_2.1kWh,Cellora,CE-2401,2023-12-05,2024-01-17,2.1,30651,99.3,BMS-4.1,,,80.1,False
BAT-2W-102539,2W_2.1kWh,Cellora,CE-2412,2024-10-26,2024-12-22,2.1,31101,99.3,BMS-4.2,,,79.3,False
BAT-2W-102540,2W_2.1kWh,Cellora,CE-2411,2024-09-22,2024-11-10,2.1,33261,99.5,BMS-4.0,,,79.1,False
BAT-2W-102541,2W_2.1kWh,Cellora,CE-2401,2023-12-06,2024-01-24,2.1,32923,98.3,BMS-4.1,,,79.2,False
BAT-2W-102542,2W_2.1kWh,Amptek,AM-2504,2025-03-15,2025-04-05,2.1,32841,98.7,BMS-4.0,,,78.7,False
BAT-3W-102543,3W_4.8kWh,Kyron,KY-2407,2024-06-22,2024-07-07,4.8,66825,99.2,BMS-4.1,2025-06-15,end_of_life,68.9,False
BAT-3W-102544,3W_4.8kWh,Cellora,CE-2307,2023-06-22,2023-07-17,4.8,67830,99.3,BMS-4.2,,,87.1,False
BAT-2W-102545,2W_2.1kWh,Cellora,CE-2308,2023-06-18,2023-08-15,2.1,33619,99.7,BMS-4.2,,,80.5,False
BAT-2W-102546,2W_2.1kWh,Amptek,AM-2408,2024-07-24,2024-08-23,2.1,31345,99.5,BMS-4.2,,,81.1,False
BAT-2W-102547,2W_2.1kWh,Amptek,AM-2404,2024-03-05,2024-04-18,2.1,31030,99.5,BMS-4.2,,,80.5,False
BAT-3W-102548,3W_4.8kWh,Cellora,CE-2407,2024-06-12,2024-07-21,4.8,66380,99.0,BMS-4.0,,,86.9,False
BAT-2W-102549,2W_2.1kWh,Cellora,CE-2503,2025-01-11,2025-03-04,2.1,31585,99.0,BMS-4.1,,,80.3,False
BAT-2W-102550,2W_2.1kWh,Cellora,CE-2505,2025-04-07,2025-05-15,2.1,31095,99.4,BMS-4.0,,,79.3,False
BAT-3W-102551,3W_4.8kWh,Cellora,CE-2402,2024-01-22,2024-02-01,4.8,67967,99.2,BMS-4.0,,,87.7,False
BAT-2W-102552,2W_2.1kWh,Cellora,CE-2502,2025-01-26,2025-02-24,2.1,32452,98.4,BMS-4.1,,,78.6,False
BAT-2W-102553,2W_2.1kWh,Cellora,CE-2404,2024-02-13,2024-04-10,2.1,32237,98.8,BMS-4.0,,,80.0,False
BAT-2W-102554,2W_2.1kWh,Cellora,CE-2501,2025-01-08,2025-01-31,2.1,33746,99.3,BMS-4.2,,,80.5,False
BAT-2W-102555,2W_2.1kWh,Amptek,AM-2505,2025-04-21,2025-05-12,2.1,32537,99.4,BMS-4.1,,,80.3,False
BAT-2W-102556,2W_2.1kWh,Cellora,CE-2408,2024-08-14,2024-08-30,2.1,32561,98.9,BMS-4.1,,,80.0,False
BAT-2W-102557,2W_2.1kWh,Cellora,CE-2404,2024-02-26,2024-04-10,2.1,32525,100.0,BMS-4.0,,,79.7,False
BAT-2W-102558,2W_2.1kWh,Cellora,CE-2311,2023-09-29,2023-11-01,2.1,30897,99.0,BMS-4.0,,,80.7,False
BAT-2W-102559,2W_2.1kWh,Kyron,KY-2407,2024-09-04,2024-09-30,2.1,31713,98.6,BMS-4.2,2025-06-15,end_of_life,59.6,False
BAT-2W-102560,2W_2.1kWh,Cellora,CE-2408,2024-08-01,2024-08-21,2.1,32061,98.7,BMS-4.0,,,80.2,False
BAT-2W-102561,2W_2.1kWh,Kyron,KY-2407,2024-10-19,2024-11-14,2.1,33437,99.1,BMS-4.1,2025-06-15,end_of_life,58.3,False
BAT-2W-102562,2W_2.1kWh,Cellora,CE-2502,2025-01-17,2025-02-25,2.1,30026,99.1,BMS-4.2,,,80.0,False
BAT-2W-102563,2W_2.1kWh,Amptek,AM-2404,2024-02-19,2024-04-04,2.1,31598,98.8,BMS-4.2,,,79.1,False
BAT-2W-102564,2W_2.1kWh,Amptek,AM-2503,2025-01-22,2025-03-13,2.1,30033,98.7,BMS-4.1,,,79.5,False
BAT-2W-102565,2W_2.1kWh,Kyron,KY-2407,2024-10-27,2024-11-18,2.1,30734,99.1,BMS-4.2,2025-06-15,end_of_life,59.9,False
BAT-2W-102566,2W_2.1kWh,Cellora,CE-2408,2024-07-17,2024-08-11,2.1,30827,98.5,BMS-4.1,,,78.6,False
BAT-2W-102567,2W_2.1kWh,Amptek,AM-2410,2024-09-07,2024-10-17,2.1,31843,99.0,BMS-4.2,,,78.5,False
BAT-2W-102568,2W_2.1kWh,Cellora,CE-2311,2023-11-04,2023-11-26,2.1,32234,100.0,BMS-4.2,,,82.2,False
BAT-2W-102569,2W_2.1kWh,Cellora,CE-2312,2023-10-21,2023-12-07,2.1,32325,99.4,BMS-4.2,,,79.9,False
BAT-3W-102570,3W_4.8kWh,Kyron,KY-2415,2025-01-14,2025-03-05,4.8,67657,98.5,BMS-4.2,,,86.1,False
BAT-2W-102571,2W_2.1kWh,Cellora,CE-2306,2023-05-07,2023-06-06,2.1,31607,99.5,BMS-4.2,,,80.4,False
BAT-2W-102572,2W_2.1kWh,Amptek,AM-2409,2024-07-29,2024-09-01,2.1,32378,99.1,BMS-4.0,,,79.2,False
BAT-2W-102573,2W_2.1kWh,Cellora,CE-2412,2024-11-20,2024-12-11,2.1,31849,99.1,BMS-4.1,,,80.6,False
BAT-2W-102574,2W_2.1kWh,Kyron,KY-2408,2024-09-11,2024-10-06,2.1,30814,98.7,BMS-4.2,2025-06-15,end_of_life,57.8,False
BAT-2W-102575,2W_2.1kWh,Kyron,KY-2408,2024-09-17,2024-10-18,2.1,30510,98.6,BMS-4.1,2025-06-15,end_of_life,58.3,False
BAT-3W-102576,3W_4.8kWh,Cellora,CE-2409,2024-08-04,2024-09-29,4.8,69364,99.1,BMS-4.0,,,85.9,False
BAT-2W-102577,2W_2.1kWh,Kyron,KY-2408,2024-10-05,2024-10-16,2.1,31271,98.9,BMS-4.1,2025-06-15,end_of_life,58.1,False
BAT-3W-102578,3W_4.8kWh,Amptek,AM-2404,2024-03-26,2024-04-17,4.8,69107,99.1,BMS-4.1,,,88.0,False
BAT-2W-102579,2W_2.1kWh,Kyron,KY-2407,2024-09-17,2024-10-30,2.1,31591,99.4,BMS-4.1,2025-06-15,end_of_life,59.9,False
BAT-2W-102580,2W_2.1kWh,Cellora,CE-2401,2023-12-07,2024-01-24,2.1,32399,99.9,BMS-4.2,,,80.4,False
BAT-2W-102581,2W_2.1kWh,Cellora,CE-2409,2024-08-23,2024-09-21,2.1,33280,98.9,BMS-4.2,,,78.6,False
BAT-2W-102582,2W_2.1kWh,Cellora,CE-2502,2024-12-21,2025-02-10,2.1,32485,99.1,BMS-4.1,,,79.4,False
BAT-2W-102583,2W_2.1kWh,Amptek,AM-2503,2025-02-07,2025-03-05,2.1,31079,98.9,BMS-4.2,,,80.0,False
BAT-2W-102584,2W_2.1kWh,Cellora,CE-2403,2024-02-28,2024-03-31,2.1,31881,99.1,BMS-4.0,,,81.6,False
BAT-2W-102585,2W_2.1kWh,Amptek,AM-2408,2024-08-03,2024-08-23,2.1,33409,99.1,BMS-4.0,,,79.8,False
BAT-2W-102586,2W_2.1kWh,Cellora,CE-2402,2024-01-08,2024-02-07,2.1,32284,99.2,BMS-4.0,,,79.6,False
BAT-2W-102587,2W_2.1kWh,Cellora,CE-2505,2025-04-04,2025-05-03,2.1,34030,98.8,BMS-4.0,,,80.3,False
BAT-2W-102588,2W_2.1kWh,Cellora,CE-2309,2023-08-01,2023-09-03,2.1,30085,99.2,BMS-4.0,,,80.8,False
BAT-3W-102589,3W_4.8kWh,Amptek,AM-2502,2025-01-18,2025-02-16,4.8,65620,99.1,BMS-4.0,,,86.8,False
BAT-2W-102590,2W_2.1kWh,Cellora,CE-2401,2023-12-01,2024-01-28,2.1,31928,99.4,BMS-4.0,,,79.4,False
BAT-2W-102591,2W_2.1kWh,Cellora,CE-2412,2024-11-19,2024-12-14,2.1,31288,98.1,BMS-4.1,,,79.4,False
BAT-2W-102592,2W_2.1kWh,Amptek,AM-2502,2025-01-23,2025-02-10,2.1,30565,99.5,BMS-4.2,,,81.5,False
BAT-2W-102593,2W_2.1kWh,Cellora,CE-2308,2023-06-22,2023-08-09,2.1,30175,99.4,BMS-4.1,,,79.5,False
BAT-2W-102594,2W_2.1kWh,Cellora,CE-2309,2023-07-20,2023-09-12,2.1,31222,98.8,BMS-4.0,,,77.9,False
BAT-2W-102595,2W_2.1kWh,Cellora,CE-2409,2024-08-16,2024-09-06,2.1,31633,99.4,BMS-4.0,,,80.8,False
BAT-2W-102596,2W_2.1kWh,Cellora,CE-2404,2024-03-22,2024-04-25,2.1,31864,99.4,BMS-4.0,,,79.2,False
BAT-2W-102597,2W_2.1kWh,Kyron,KY-2408,2024-09-15,2024-10-29,2.1,32926,99.0,BMS-4.0,2025-06-15,end_of_life,60.3,False
BAT-2W-102598,2W_2.1kWh,Kyron,KY-2408,2024-08-22,2024-09-22,2.1,31007,99.5,BMS-4.2,2025-06-15,end_of_life,59.4,False
BAT-2W-102599,2W_2.1kWh,Cellora,CE-2410,2024-09-01,2024-10-01,2.1,32465,98.5,BMS-4.0,,,78.4,False
BAT-2W-102600,2W_2.1kWh,Cellora,CE-2503,2025-01-28,2025-03-13,2.1,33361,99.2,BMS-4.1,,,81.3,False
BAT-2W-102601,2W_2.1kWh,Cellora,CE-2311,2023-10-16,2023-11-07,2.1,31391,99.0,BMS-4.2,,,79.2,False
BAT-2W-102602,2W_2.1kWh,Cellora,CE-2304,2023-03-15,2023-04-05,2.1,31633,99.1,BMS-4.1,,,80.8,False
BAT-3W-102603,3W_4.8kWh,Cellora,CE-2503,2025-03-01,2025-03-23,4.8,69229,98.6,BMS-4.0,,,86.1,False
BAT-2W-102604,2W_2.1kWh,Amptek,AM-2506,2025-05-19,2025-06-07,2.1,32085,99.0,BMS-4.0,,,78.7,False
BAT-2W-102605,2W_2.1kWh,Kyron,KY-2408,2024-09-21,2024-10-01,2.1,31810,99.3,BMS-4.1,2025-06-15,end_of_life,60.5,False
BAT-2W-102606,2W_2.1kWh,Cellora,CE-2412,2024-11-20,2024-12-19,2.1,30856,99.7,BMS-4.2,,,79.1,False
BAT-2W-102607,2W_2.1kWh,Cellora,CE-2401,2023-11-08,2024-01-06,2.1,31757,98.9,BMS-4.2,,,78.9,False
BAT-2W-102608,2W_2.1kWh,Kyron,KY-2407,2024-10-27,2024-11-11,2.1,33140,99.7,BMS-4.2,2025-06-15,end_of_life,58.4,False
BAT-2W-102609,2W_2.1kWh,Cellora,CE-2404,2024-03-22,2024-04-24,2.1,32435,100.0,BMS-4.0,,,81.7,False
BAT-2W-102610,2W_2.1kWh,Cellora,CE-2309,2023-08-17,2023-09-01,2.1,31324,99.6,BMS-4.1,,,79.8,False
BAT-2W-102611,2W_2.1kWh,Cellora,CE-2307,2023-05-27,2023-07-17,2.1,31251,98.9,BMS-4.0,,,79.5,False
BAT-2W-102612,2W_2.1kWh,Cellora,CE-2307,2023-06-17,2023-07-22,2.1,31509,99.0,BMS-4.0,,,80.1,False
BAT-2W-102613,2W_2.1kWh,Cellora,CE-2408,2024-08-08,2024-08-22,2.1,36547,99.6,BMS-4.2,,,81.0,False
BAT-3W-102614,3W_4.8kWh,Kyron,KY-2414,2025-01-15,2025-02-23,4.8,68162,99.0,BMS-4.2,,,86.7,False
BAT-2W-102615,2W_2.1kWh,Cellora,CE-2308,2023-07-01,2023-08-20,2.1,31764,99.3,BMS-4.0,,,81.1,False
BAT-2W-102616,2W_2.1kWh,Cellora,CE-2305,2023-04-11,2023-05-12,2.1,32566,99.4,BMS-4.1,,,81.2,False
BAT-2W-102617,2W_2.1kWh,Kyron,KY-2408,2024-10-06,2024-11-17,2.1,32740,99.5,BMS-4.1,2025-06-15,end_of_life,62.1,False
BAT-2W-102618,2W_2.1kWh,Cellora,CE-2303,2023-02-03,2023-03-14,2.1,32145,99.0,BMS-4.1,,,80.5,False
BAT-2W-102619,2W_2.1kWh,Amptek,AM-2411,2024-09-27,2024-11-10,2.1,30337,99.0,BMS-4.1,,,79.4,False
BAT-2W-102620,2W_2.1kWh,Cellora,CE-2501,2025-01-05,2025-01-15,2.1,30989,99.1,BMS-4.0,,,80.1,False
BAT-2W-102621,2W_2.1kWh,Cellora,CE-2309,2023-08-10,2023-09-08,2.1,32087,99.3,BMS-4.0,,,80.9,False
BAT-2W-102622,2W_2.1kWh,Kyron,KY-2409,2024-10-13,2024-10-29,2.1,31336,99.0,BMS-4.1,2025-06-15,end_of_life,61.4,False
BAT-2W-102623,2W_2.1kWh,Kyron,KY-2409,2024-09-30,2024-11-14,2.1,30738,99.3,BMS-4.0,2025-06-15,end_of_life,61.4,False
BAT-3W-102624,3W_4.8kWh,Kyron,KY-2415,2025-02-14,2025-03-12,4.8,69372,98.6,BMS-4.0,,,85.6,False
BAT-3W-102625,3W_4.8kWh,Kyron,KY-2418,2025-05-01,2025-06-02,4.8,69556,99.7,BMS-4.2,,,87.3,False
BAT-2W-102626,2W_2.1kWh,Cellora,CE-2505,2025-04-18,2025-05-09,2.1,28896,98.6,BMS-4.0,,,79.2,False
BAT-2W-102627,2W_2.1kWh,Kyron,KY-2408,2024-08-26,2024-09-29,2.1,32662,99.0,BMS-4.1,2025-06-15,end_of_life,63.0,False
BAT-2W-102628,2W_2.1kWh,Kyron,KY-2408,2024-08-31,2024-09-29,2.1,30065,98.5,BMS-4.2,2025-06-15,end_of_life,62.5,False
BAT-2W-102629,2W_2.1kWh,Cellora,CE-2403,2024-02-13,2024-03-29,2.1,32911,99.5,BMS-4.2,,,79.2,False
BAT-2W-102630,2W_2.1kWh,Amptek,AM-2403,2024-01-21,2024-03-17,2.1,31362,99.0,BMS-4.1,,,80.0,False
BAT-2W-102631,2W_2.1kWh,Cellora,CE-2402,2024-01-30,2024-02-26,2.1,33214,99.5,BMS-4.0,,,79.7,False
BAT-2W-102632,2W_2.1kWh,Cellora,CE-2304,2023-03-17,2023-04-04,2.1,32766,99.1,BMS-4.2,,,80.6,False
BAT-2W-102633,2W_2.1kWh,Cellora,CE-2311,2023-09-19,2023-11-12,2.1,29196,98.6,BMS-4.2,,,78.8,False
BAT-2W-102634,2W_2.1kWh,Kyron,KY-2407,2024-08-27,2024-09-25,2.1,30007,99.3,BMS-4.1,2025-06-15,end_of_life,63.2,False
BAT-2W-102635,2W_2.1kWh,Cellora,CE-2311,2023-11-04,2023-11-20,2.1,30865,99.1,BMS-4.1,,,79.6,False
BAT-2W-102636,2W_2.1kWh,Cellora,CE-2504,2025-03-07,2025-04-22,2.1,33770,99.2,BMS-4.0,,,81.2,False
BAT-3W-102637,3W_4.8kWh,Kyron,KY-2416,2025-04-08,2025-04-18,4.8,68798,99.0,BMS-4.2,,,87.6,False
BAT-2W-102638,2W_2.1kWh,Cellora,CE-2304,2023-03-11,2023-04-15,2.1,31004,98.5,BMS-4.1,,,79.8,False
BAT-2W-102639,2W_2.1kWh,Amptek,AM-2411,2024-09-27,2024-11-22,2.1,33816,99.4,BMS-4.0,,,79.2,False
BAT-2W-102640,2W_2.1kWh,Amptek,AM-2504,2025-03-07,2025-04-12,2.1,33378,98.8,BMS-4.2,,,78.5,False
BAT-2W-102641,2W_2.1kWh,Kyron,KY-2407,2024-08-02,2024-09-10,2.1,32178,99.6,BMS-4.2,2025-06-15,end_of_life,60.3,False
BAT-2W-102642,2W_2.1kWh,Cellora,CE-2310,2023-09-03,2023-10-12,2.1,32466,98.9,BMS-4.1,,,80.4,False
BAT-2W-102643,2W_2.1kWh,Cellora,CE-2305,2023-04-18,2023-05-22,2.1,31581,99.1,BMS-4.0,,,80.2,False
BAT-2W-102644,2W_2.1kWh,Amptek,AM-2405,2024-05-05,2024-05-20,2.1,33398,99.8,BMS-4.0,,,81.0,False
BAT-2W-102645,2W_2.1kWh,Cellora,CE-2312,2023-11-03,2023-12-05,2.1,31822,99.5,BMS-4.0,,,80.9,False
BAT-2W-102646,2W_2.1kWh,Cellora,CE-2312,2023-11-17,2023-12-13,2.1,30618,99.0,BMS-4.1,,,80.3,False
BAT-2W-102647,2W_2.1kWh,Cellora,CE-2410,2024-09-10,2024-10-04,2.1,32737,99.5,BMS-4.0,,,79.4,False
BAT-3W-102648,3W_4.8kWh,Amptek,AM-2502,2025-02-06,2025-02-23,4.8,64413,99.0,BMS-4.0,,,87.7,False
BAT-2W-102649,2W_2.1kWh,Cellora,CE-2310,2023-09-21,2023-10-26,2.1,33189,98.7,BMS-4.0,,,79.2,False
BAT-2W-102650,2W_2.1kWh,Cellora,CE-2304,2023-03-23,2023-04-23,2.1,30245,99.2,BMS-4.2,,,80.0,False
BAT-3W-102651,3W_4.8kWh,Kyron,KY-2412,2024-10-18,2024-12-15,4.8,65345,98.3,BMS-4.0,,,84.9,False
BAT-3W-102652,3W_4.8kWh,Kyron,KY-2408,2024-07-05,2024-08-20,4.8,70253,99.8,BMS-4.2,2025-06-15,end_of_life,69.7,False
BAT-3W-102653,3W_4.8kWh,Cellora,CE-2310,2023-08-29,2023-10-27,4.8,72811,99.0,BMS-4.0,,,86.0,False
BAT-3W-102654,3W_4.8kWh,Kyron,KY-2417,2025-03-24,2025-05-13,4.8,67582,100.0,BMS-4.1,,,88.3,False
BAT-2W-102655,2W_2.1kWh,Amptek,AM-2408,2024-07-27,2024-08-10,2.1,32441,100.0,BMS-4.1,,,81.1,False
BAT-3W-102656,3W_4.8kWh,Amptek,AM-2407,2024-06-10,2024-07-24,4.8,69067,99.6,BMS-4.2,,,86.6,False
BAT-2W-102657,2W_2.1kWh,Kyron,KY-2409,2024-08-16,2024-09-14,2.1,31237,99.1,BMS-4.0,2025-06-15,end_of_life,59.1,False
BAT-3W-102658,3W_4.8kWh,Amptek,AM-2403,2024-02-03,2024-03-22,4.8,65683,98.9,BMS-4.1,,,86.3,False
BAT-2W-102659,2W_2.1kWh,Kyron,KY-2408,2024-07-26,2024-09-13,2.1,30153,99.3,BMS-4.1,2025-06-15,end_of_life,58.1,False
BAT-2W-102660,2W_2.1kWh,Kyron,KY-2408,2024-09-03,2024-09-17,2.1,32201,98.7,BMS-4.2,2025-06-15,end_of_life,61.3,False
BAT-2W-102661,2W_2.1kWh,Cellora,CE-2404,2024-03-23,2024-04-19,2.1,33958,99.0,BMS-4.2,,,79.6,False
BAT-2W-102662,2W_2.1kWh,Amptek,AM-2501,2024-12-05,2025-01-17,2.1,30823,99.6,BMS-4.2,,,79.2,False
BAT-2W-102663,2W_2.1kWh,Cellora,CE-2311,2023-09-20,2023-11-17,2.1,32094,99.2,BMS-4.2,,,80.8,False
BAT-3W-102664,3W_4.8kWh,Kyron,KY-2414,2025-01-23,2025-02-16,4.8,65262,99.1,BMS-4.2,,,86.6,False
BAT-2W-102665,2W_2.1kWh,Cellora,CE-2303,2023-01-29,2023-03-11,2.1,33239,99.4,BMS-4.2,,,80.4,False
BAT-2W-102666,2W_2.1kWh,Cellora,CE-2305,2023-04-08,2023-05-21,2.1,31198,99.0,BMS-4.0,,,78.5,False
BAT-2W-102667,2W_2.1kWh,Cellora,CE-2409,2024-08-30,2024-09-11,2.1,32970,100.0,BMS-4.1,,,80.5,False
BAT-2W-102668,2W_2.1kWh,Cellora,CE-2309,2023-08-24,2023-09-13,2.1,31791,99.5,BMS-4.2,,,79.7,False
BAT-2W-102669,2W_2.1kWh,Amptek,AM-2410,2024-09-15,2024-10-17,2.1,31128,98.7,BMS-4.0,,,79.8,False
BAT-3W-102670,3W_4.8kWh,Amptek,AM-2403,2024-02-25,2024-03-20,4.8,69917,99.8,BMS-4.1,,,87.7,False
BAT-2W-102671,2W_2.1kWh,Cellora,CE-2408,2024-08-08,2024-08-27,2.1,31033,98.9,BMS-4.0,,,80.4,False
BAT-3W-102672,3W_4.8kWh,Cellora,CE-2504,2025-04-01,2025-04-30,4.8,69182,99.2,BMS-4.2,,,86.9,False
BAT-3W-102673,3W_4.8kWh,Cellora,CE-2505,2025-04-12,2025-05-16,4.8,66660,99.2,BMS-4.1,,,85.8,False
BAT-2W-102674,2W_2.1kWh,Kyron,KY-2409,2024-11-02,2024-11-16,2.1,32232,99.2,BMS-4.0,2025-06-15,end_of_life,58.3,False
BAT-2W-102675,2W_2.1kWh,Cellora,CE-2402,2023-12-26,2024-02-15,2.1,34086,99.3,BMS-4.1,,,80.6,False
BAT-2W-102676,2W_2.1kWh,Kyron,KY-2407,2024-10-23,2024-11-11,2.1,32594,98.6,BMS-4.0,2025-06-15,end_of_life,61.7,False
BAT-3W-102677,3W_4.8kWh,Kyron,KY-2413,2024-11-12,2025-01-06,4.8,69598,99.6,BMS-4.0,,,86.7,False
BAT-2W-102678,2W_2.1kWh,Cellora,CE-2304,2023-02-05,2023-04-04,2.1,30281,99.0,BMS-4.2,,,79.4,False
BAT-2W-102679,2W_2.1kWh,Amptek,AM-2410,2024-08-17,2024-10-07,2.1,30895,99.2,BMS-4.2,,,78.6,False
BAT-2W-102680,2W_2.1kWh,Cellora,CE-2411,2024-10-29,2024-11-30,2.1,33809,99.6,BMS-4.0,,,80.5,False
BAT-2W-102681,2W_2.1kWh,Cellora,CE-2311,2023-10-29,2023-11-13,2.1,29840,99.3,BMS-4.1,,,78.5,False
BAT-2W-102682,2W_2.1kWh,Cellora,CE-2311,2023-10-02,2023-11-21,2.1,31241,98.9,BMS-4.2,,,80.3,False
BAT-2W-102683,2W_2.1kWh,Amptek,AM-2408,2024-06-17,2024-08-04,2.1,31740,99.4,BMS-4.1,,,81.8,False
BAT-2W-102684,2W_2.1kWh,Cellora,CE-2306,2023-05-31,2023-06-20,2.1,32980,99.4,BMS-4.2,,,80.0,False
BAT-3W-102685,3W_4.8kWh,Kyron,KY-2416,2025-03-24,2025-04-06,4.8,68949,99.2,BMS-4.0,,,85.8,False
BAT-3W-102686,3W_4.8kWh,Kyron,KY-2413,2025-01-12,2025-01-29,4.8,69923,99.0,BMS-4.2,,,86.8,False
BAT-2W-102687,2W_2.1kWh,Amptek,AM-2503,2025-03-17,2025-03-31,2.1,32356,99.1,BMS-4.2,,,78.8,False
BAT-2W-102688,2W_2.1kWh,Amptek,AM-2407,2024-05-30,2024-07-27,2.1,32343,99.8,BMS-4.0,,,80.5,False
BAT-2W-102689,2W_2.1kWh,Kyron,KY-2408,2024-09-09,2024-09-19,2.1,31685,98.6,BMS-4.1,2025-06-15,end_of_life,59.0,False
BAT-2W-102690,2W_2.1kWh,Amptek,AM-2503,2025-01-20,2025-03-14,2.1,31896,99.6,BMS-4.0,,,79.9,False
BAT-2W-102691,2W_2.1kWh,Cellora,CE-2311,2023-10-13,2023-11-18,2.1,31745,99.4,BMS-4.0,,,82.1,False
BAT-2W-102692,2W_2.1kWh,Cellora,CE-2401,2023-12-18,2024-01-02,2.1,31585,99.6,BMS-4.1,,,79.7,False
BAT-2W-102693,2W_2.1kWh,Amptek,AM-2403,2024-01-29,2024-03-15,2.1,31294,99.3,BMS-4.0,,,79.8,False
BAT-2W-102694,2W_2.1kWh,Amptek,AM-2406,2024-06-04,2024-06-28,2.1,32082,98.9,BMS-4.2,,,80.0,False
BAT-2W-102695,2W_2.1kWh,Cellora,CE-2305,2023-04-26,2023-05-17,2.1,31213,99.4,BMS-4.2,,,79.4,False
BAT-2W-102696,2W_2.1kWh,Cellora,CE-2310,2023-10-01,2023-10-23,2.1,32861,99.0,BMS-4.0,,,80.7,False
BAT-2W-102697,2W_2.1kWh,Amptek,AM-2404,2024-04-06,2024-04-26,2.1,32517,98.4,BMS-4.0,,,79.1,False
BAT-3W-102698,3W_4.8kWh,Kyron,KY-2413,2024-12-17,2025-01-30,4.8,66691,99.7,BMS-4.2,,,86.7,False
BAT-3W-102699,3W_4.8kWh,Cellora,CE-2412,2024-10-07,2024-12-05,4.8,69707,99.9,BMS-4.1,,,86.7,False
BAT-2W-102700,2W_2.1kWh,Kyron,KY-2409,2024-09-28,2024-10-19,2.1,32771,99.2,BMS-4.0,2025-06-15,end_of_life,61.3,False
BAT-2W-102701,2W_2.1kWh,Amptek,AM-2502,2025-01-16,2025-02-11,2.1,30170,98.8,BMS-4.2,,,80.0,False
BAT-3W-102702,3W_4.8kWh,Amptek,AM-2408,2024-06-06,2024-08-04,4.8,69130,99.8,BMS-4.2,,,86.4,False
BAT-2W-102703,2W_2.1kWh,Kyron,KY-2407,2024-09-15,2024-11-02,2.1,32877,99.6,BMS-4.1,2025-06-15,end_of_life,58.3,False
BAT-2W-102704,2W_2.1kWh,Kyron,KY-2407,2024-08-27,2024-10-13,2.1,32005,99.0,BMS-4.0,2025-06-15,end_of_life,59.1,False
BAT-3W-102705,3W_4.8kWh,Cellora,CE-2307,2023-06-09,2023-07-26,4.8,68818,99.5,BMS-4.1,,,86.9,False
BAT-2W-102706,2W_2.1kWh,Cellora,CE-2401,2023-12-13,2024-01-28,2.1,32428,98.9,BMS-4.1,,,79.3,False
BAT-2W-102707,2W_2.1kWh,Cellora,CE-2403,2024-02-16,2024-03-03,2.1,33538,99.5,BMS-4.2,,,79.9,False
BAT-2W-102708,2W_2.1kWh,Amptek,AM-2409,2024-08-22,2024-09-17,2.1,33341,99.9,BMS-4.0,,,79.6,False
BAT-2W-102709,2W_2.1kWh,Kyron,KY-2409,2024-10-17,2024-11-27,2.1,32974,99.0,BMS-4.2,2025-06-15,end_of_life,59.1,False
BAT-2W-102710,2W_2.1kWh,Cellora,CE-2407,2024-06-24,2024-07-31,2.1,32380,99.3,BMS-4.1,,,80.3,False
BAT-2W-102711,2W_2.1kWh,Kyron,KY-2409,2024-10-14,2024-10-31,2.1,31724,99.0,BMS-4.1,2025-06-15,end_of_life,59.5,False
BAT-2W-102712,2W_2.1kWh,Kyron,KY-2408,2024-09-12,2024-10-26,2.1,32634,99.2,BMS-4.1,2025-06-15,end_of_life,62.4,False
BAT-2W-102713,2W_2.1kWh,Cellora,CE-2504,2025-02-05,2025-04-05,2.1,32220,99.4,BMS-4.0,,,81.8,False
BAT-3W-102714,3W_4.8kWh,Cellora,CE-2402,2023-12-30,2024-02-19,4.8,67668,99.0,BMS-4.2,,,87.2,False
BAT-2W-102715,2W_2.1kWh,Kyron,KY-2409,2024-10-12,2024-10-24,2.1,32015,99.7,BMS-4.1,2025-06-15,end_of_life,60.0,False
BAT-2W-102716,2W_2.1kWh,Cellora,CE-2412,2024-10-27,2024-12-01,2.1,31404,99.1,BMS-4.2,,,79.3,False
BAT-3W-102717,3W_4.8kWh,Cellora,CE-2405,2024-05-01,2024-05-19,4.8,66863,99.6,BMS-4.2,,,86.0,False
BAT-2W-102718,2W_2.1kWh,Cellora,CE-2503,2025-02-18,2025-03-10,2.1,33169,99.3,BMS-4.0,,,80.0,False
BAT-2W-102719,2W_2.1kWh,Cellora,CE-2409,2024-07-13,2024-09-02,2.1,31985,98.9,BMS-4.2,,,81.4,False
BAT-2W-102720,2W_2.1kWh,Amptek,AM-2411,2024-10-13,2024-11-18,2.1,32927,99.3,BMS-4.2,,,80.5,False
BAT-3W-102721,3W_4.8kWh,Amptek,AM-2503,2025-02-01,2025-03-05,4.8,65967,99.2,BMS-4.2,,,87.1,False
BAT-3W-102722,3W_4.8kWh,Amptek,AM-2505,2025-03-28,2025-05-14,4.8,68119,99.4,BMS-4.1,,,86.7,False
BAT-2W-102723,2W_2.1kWh,Cellora,CE-2305,2023-04-16,2023-05-10,2.1,32582,99.7,BMS-4.0,,,80.8,False
BAT-2W-102724,2W_2.1kWh,Cellora,CE-2410,2024-08-14,2024-10-06,2.1,33464,99.4,BMS-4.0,,,80.1,False
BAT-2W-102725,2W_2.1kWh,Cellora,CE-2411,2024-10-22,2024-11-03,2.1,32680,99.6,BMS-4.0,,,80.1,False
BAT-2W-102726,2W_2.1kWh,Kyron,KY-2409,2024-10-14,2024-11-02,2.1,34115,98.4,BMS-4.0,2025-06-15,end_of_life,62.6,False
BAT-2W-102727,2W_2.1kWh,Amptek,AM-2409,2024-08-05,2024-09-30,2.1,30798,99.4,BMS-4.1,,,80.6,False
BAT-2W-102728,2W_2.1kWh,Kyron,KY-2409,2024-10-21,2024-11-29,2.1,32840,99.9,BMS-4.2,2025-06-15,end_of_life,61.8,False
BAT-2W-102729,2W_2.1kWh,Cellora,CE-2304,2023-03-29,2023-04-14,2.1,31513,99.1,BMS-4.1,,,80.6,False
BAT-2W-102730,2W_2.1kWh,Amptek,AM-2503,2025-01-10,2025-03-06,2.1,32827,100.0,BMS-4.1,,,80.8,False
BAT-3W-102731,3W_4.8kWh,Amptek,AM-2403,2024-02-25,2024-03-21,4.8,67419,99.0,BMS-4.0,,,86.5,False
BAT-2W-102732,2W_2.1kWh,Cellora,CE-2308,2023-08-15,2023-08-29,2.1,30302,99.4,BMS-4.1,,,80.7,False
BAT-2W-102733,2W_2.1kWh,Cellora,CE-2401,2023-11-15,2024-01-10,2.1,33690,99.4,BMS-4.0,,,81.1,False
BAT-2W-102734,2W_2.1kWh,Kyron,KY-2409,2024-10-12,2024-11-26,2.1,34124,99.0,BMS-4.0,2025-06-15,end_of_life,62.4,False
BAT-3W-102735,3W_4.8kWh,Cellora,CE-2306,2023-04-09,2023-06-06,4.8,68634,99.6,BMS-4.1,,,87.6,False
BAT-2W-102736,2W_2.1kWh,Cellora,CE-2504,2025-02-25,2025-04-20,2.1,30944,99.5,BMS-4.1,,,80.0,False
BAT-2W-102737,2W_2.1kWh,Kyron,KY-2408,2024-09-23,2024-11-08,2.1,31026,100.0,BMS-4.2,2025-06-15,end_of_life,58.9,False
BAT-2W-102738,2W_2.1kWh,Cellora,CE-2307,2023-06-21,2023-07-04,2.1,30933,98.7,BMS-4.1,,,81.0,False
BAT-2W-102739,2W_2.1kWh,Cellora,CE-2404,2024-02-28,2024-04-07,2.1,32976,99.4,BMS-4.2,,,81.8,False
BAT-2W-102740,2W_2.1kWh,Kyron,KY-2408,2024-08-19,2024-09-25,2.1,32965,99.9,BMS-4.2,2025-06-15,end_of_life,60.5,False
BAT-3W-102741,3W_4.8kWh,Cellora,CE-2306,2023-05-15,2023-06-15,4.8,68881,99.6,BMS-4.0,,,87.6,False
BAT-2W-102742,2W_2.1kWh,Cellora,CE-2312,2023-11-23,2023-12-27,2.1,31384,99.0,BMS-4.0,,,79.1,False
BAT-2W-102743,2W_2.1kWh,Kyron,KY-2408,2024-09-01,2024-10-04,2.1,30899,99.0,BMS-4.2,2025-06-15,end_of_life,61.0,False
BAT-3W-102744,3W_4.8kWh,Kyron,KY-2407,2024-06-11,2024-07-22,4.8,65666,98.8,BMS-4.2,2025-06-15,end_of_life,67.3,False
BAT-2W-102745,2W_2.1kWh,Cellora,CE-2505,2025-04-23,2025-05-10,2.1,30581,98.9,BMS-4.2,,,81.0,False
BAT-2W-102746,2W_2.1kWh,Kyron,KY-2407,2024-08-09,2024-09-27,2.1,33024,99.5,BMS-4.2,2025-06-15,end_of_life,60.6,False
BAT-2W-102747,2W_2.1kWh,Kyron,KY-2408,2024-10-03,2024-10-31,2.1,29818,98.9,BMS-4.2,2025-06-15,end_of_life,60.7,False
BAT-2W-102748,2W_2.1kWh,Kyron,KY-2408,2024-11-05,2024-11-20,2.1,31366,99.5,BMS-4.0,2025-06-15,end_of_life,62.4,False
BAT-2W-102749,2W_2.1kWh,Kyron,KY-2408,2024-07-28,2024-09-12,2.1,31785,99.2,BMS-4.0,2025-06-15,end_of_life,60.5,False
BAT-2W-102750,2W_2.1kWh,Cellora,CE-2307,2023-05-20,2023-07-18,2.1,31629,99.1,BMS-4.2,,,80.8,False
BAT-3W-102751,3W_4.8kWh,Cellora,CE-2411,2024-10-11,2024-11-01,4.8,69510,99.3,BMS-4.2,,,86.7,False
BAT-2W-102752,2W_2.1kWh,Amptek,AM-2502,2025-01-22,2025-02-19,2.1,34678,99.8,BMS-4.1,,,80.4,False
BAT-2W-102753,2W_2.1kWh,Cellora,CE-2412,2024-10-28,2024-12-10,2.1,31324,99.3,BMS-4.2,,,80.2,False
BAT-2W-102754,2W_2.1kWh,Kyron,KY-2409,2024-08-23,2024-09-15,2.1,31609,98.8,BMS-4.0,2025-06-15,end_of_life,61.2,False
BAT-2W-102755,2W_2.1kWh,Cellora,CE-2501,2024-12-19,2025-01-26,2.1,32144,99.4,BMS-4.1,,,80.7,False
BAT-2W-102756,2W_2.1kWh,Amptek,AM-2501,2024-12-25,2025-01-31,2.1,29985,98.9,BMS-4.1,,,80.2,False
BAT-2W-102757,2W_2.1kWh,Cellora,CE-2309,2023-07-17,2023-09-04,2.1,33109,99.3,BMS-4.0,,,80.2,False
BAT-2W-102758,2W_2.1kWh,Cellora,CE-2408,2024-07-25,2024-08-21,2.1,31941,99.1,BMS-4.2,,,80.9,False
BAT-3W-102759,3W_4.8kWh,Cellora,CE-2306,2023-05-09,2023-06-30,4.8,68457,99.2,BMS-4.0,,,86.0,False
BAT-2W-102760,2W_2.1kWh,Cellora,CE-2408,2024-06-28,2024-08-02,2.1,32108,99.2,BMS-4.2,,,79.6,False
BAT-3W-102761,3W_4.8kWh,Kyron,KY-2416,2025-03-28,2025-04-12,4.8,65633,99.3,BMS-4.1,,,86.5,False
BAT-2W-102762,2W_2.1kWh,Cellora,CE-2503,2025-02-13,2025-03-07,2.1,30602,99.2,BMS-4.2,,,78.6,False
BAT-2W-102763,2W_2.1kWh,Cellora,CE-2410,2024-09-10,2024-10-25,2.1,30758,99.1,BMS-4.2,,,79.8,False
BAT-2W-102764,2W_2.1kWh,Amptek,AM-2504,2025-02-19,2025-04-05,2.1,31531,99.2,BMS-4.2,,,80.0,False
BAT-2W-102765,2W_2.1kWh,Kyron,KY-2407,2024-10-01,2024-10-30,2.1,33844,99.6,BMS-4.2,2025-06-15,end_of_life,63.2,False
BAT-2W-102766,2W_2.1kWh,Cellora,CE-2406,2024-04-24,2024-06-03,2.1,31877,98.6,BMS-4.0,,,79.3,False
BAT-2W-102767,2W_2.1kWh,Cellora,CE-2401,2023-12-19,2024-01-31,2.1,30110,98.9,BMS-4.1,,,79.4,False
BAT-2W-102768,2W_2.1kWh,Kyron,KY-2407,2024-11-14,2024-11-24,2.1,32896,98.9,BMS-4.0,2025-06-15,end_of_life,58.8,False
BAT-2W-102769,2W_2.1kWh,Amptek,AM-2404,2024-02-29,2024-04-12,2.1,31793,99.0,BMS-4.0,,,82.0,False
BAT-2W-102770,2W_2.1kWh,Kyron,KY-2409,2024-10-01,2024-11-10,2.1,28994,99.1,BMS-4.0,2025-06-15,end_of_life,63.3,False
BAT-2W-102771,2W_2.1kWh,Cellora,CE-2404,2024-03-06,2024-04-30,2.1,31452,99.6,BMS-4.2,,,81.0,False
BAT-2W-102772,2W_2.1kWh,Amptek,AM-2502,2025-01-14,2025-02-21,2.1,30350,99.3,BMS-4.2,,,80.6,False
BAT-2W-102773,2W_2.1kWh,Amptek,AM-2412,2024-12-06,2024-12-21,2.1,31789,99.2,BMS-4.0,,,79.6,False
BAT-2W-102774,2W_2.1kWh,Kyron,KY-2409,2024-08-27,2024-09-25,2.1,33282,98.9,BMS-4.0,2025-06-15,end_of_life,60.6,False
BAT-2W-102775,2W_2.1kWh,Amptek,AM-2505,2025-04-09,2025-05-07,2.1,31206,99.1,BMS-4.2,,,78.9,False
BAT-2W-102776,2W_2.1kWh,Cellora,CE-2406,2024-05-21,2024-06-19,2.1,31790,99.3,BMS-4.1,,,80.9,False
BAT-2W-102777,2W_2.1kWh,Cellora,CE-2305,2023-04-23,2023-05-06,2.1,33157,99.0,BMS-4.0,,,80.2,False
BAT-2W-102778,2W_2.1kWh,Cellora,CE-2504,2025-02-20,2025-04-17,2.1,32343,98.9,BMS-4.1,,,79.2,False
BAT-2W-102779,2W_2.1kWh,Kyron,KY-2407,2024-08-06,2024-09-24,2.1,31711,99.1,BMS-4.0,2025-06-15,end_of_life,61.7,False
BAT-2W-102780,2W_2.1kWh,Cellora,CE-2307,2023-06-03,2023-07-26,2.1,33339,99.1,BMS-4.1,,,77.8,False
BAT-2W-102781,2W_2.1kWh,Cellora,CE-2306,2023-05-26,2023-06-15,2.1,30133,99.1,BMS-4.2,,,79.8,False
BAT-2W-102782,2W_2.1kWh,Kyron,KY-2407,2024-08-16,2024-09-29,2.1,32510,98.9,BMS-4.1,2025-06-15,end_of_life,57.4,False
BAT-2W-102783,2W_2.1kWh,Cellora,CE-2404,2024-03-15,2024-04-17,2.1,32532,99.1,BMS-4.0,,,81.1,False
BAT-2W-102784,2W_2.1kWh,Cellora,CE-2312,2023-10-09,2023-12-01,2.1,35085,99.6,BMS-4.1,,,80.6,False
BAT-2W-102785,2W_2.1kWh,Kyron,KY-2408,2024-08-27,2024-10-15,2.1,32988,99.4,BMS-4.0,2025-06-15,end_of_life,61.5,False
BAT-2W-102786,2W_2.1kWh,Amptek,AM-2405,2024-04-26,2024-05-13,2.1,30612,99.6,BMS-4.2,,,80.5,False
BAT-2W-102787,2W_2.1kWh,Amptek,AM-2506,2025-04-28,2025-06-12,2.1,33504,99.8,BMS-4.2,,,79.3,False
BAT-2W-102788,2W_2.1kWh,Cellora,CE-2403,2024-01-07,2024-03-04,2.1,31155,99.3,BMS-4.1,,,81.5,False
BAT-2W-102789,2W_2.1kWh,Cellora,CE-2304,2023-04-05,2023-04-21,2.1,32505,98.9,BMS-4.1,,,78.6,False
BAT-2W-102790,2W_2.1kWh,Cellora,CE-2312,2023-11-13,2023-12-06,2.1,32235,99.9,BMS-4.2,,,80.6,False
BAT-2W-102791,2W_2.1kWh,Cellora,CE-2404,2024-03-04,2024-04-05,2.1,33476,99.0,BMS-4.2,,,79.8,False
BAT-2W-102792,2W_2.1kWh,Kyron,KY-2407,2024-10-14,2024-11-29,2.1,30458,99.7,BMS-4.0,2025-06-15,end_of_life,62.3,False
BAT-2W-102793,2W_2.1kWh,Cellora,CE-2305,2023-04-12,2023-05-18,2.1,32246,99.1,BMS-4.0,,,79.8,False
BAT-2W-102794,2W_2.1kWh,Amptek,AM-2404,2024-03-25,2024-04-13,2.1,28924,99.4,BMS-4.1,,,80.7,False
BAT-2W-102795,2W_2.1kWh,Cellora,CE-2502,2025-01-19,2025-02-28,2.1,30874,99.5,BMS-4.2,,,79.5,False
BAT-2W-102796,2W_2.1kWh,Cellora,CE-2309,2023-08-06,2023-09-25,2.1,32999,98.5,BMS-4.1,,,79.6,False
BAT-3W-102797,3W_4.8kWh,Cellora,CE-2304,2023-03-21,2023-04-02,4.8,67942,99.0,BMS-4.0,,,86.0,False
BAT-2W-102798,2W_2.1kWh,Kyron,KY-2408,2024-09-01,2024-09-12,2.1,31190,99.2,BMS-4.2,2025-06-15,end_of_life,61.6,False
BAT-2W-102799,2W_2.1kWh,Amptek,AM-2501,2024-11-28,2025-01-25,2.1,32335,99.6,BMS-4.2,,,80.6,False
BAT-2W-102800,2W_2.1kWh,Kyron,KY-2407,2024-10-21,2024-11-04,2.1,31679,98.9,BMS-4.2,2025-06-15,end_of_life,62.0,False
BAT-2W-102801,2W_2.1kWh,Cellora,CE-2304,2023-03-23,2023-04-21,2.1,31076,99.4,BMS-4.2,,,80.5,False
BAT-2W-102802,2W_2.1kWh,Kyron,KY-2407,2024-08-12,2024-09-25,2.1,31654,100.0,BMS-4.1,2025-06-15,end_of_life,62.5,False
BAT-2W-102803,2W_2.1kWh,Cellora,CE-2408,2024-06-23,2024-08-05,2.1,33929,99.4,BMS-4.1,,,80.8,False
BAT-2W-102804,2W_2.1kWh,Cellora,CE-2504,2025-03-17,2025-04-12,2.1,32687,99.1,BMS-4.0,,,79.5,False
BAT-2W-102805,2W_2.1kWh,Cellora,CE-2408,2024-08-08,2024-08-25,2.1,33167,98.6,BMS-4.2,,,81.2,False
BAT-2W-102806,2W_2.1kWh,Kyron,KY-2407,2024-10-20,2024-11-24,2.1,33221,98.7,BMS-4.1,2025-06-15,end_of_life,60.2,False
BAT-2W-102807,2W_2.1kWh,Cellora,CE-2504,2025-04-13,2025-04-28,2.1,30974,98.8,BMS-4.2,,,80.0,False
BAT-2W-102808,2W_2.1kWh,Cellora,CE-2406,2024-06-08,2024-06-26,2.1,32012,99.6,BMS-4.0,,,78.8,False
BAT-3W-102809,3W_4.8kWh,Kyron,KY-2407,2024-06-26,2024-07-16,4.8,64131,99.2,BMS-4.1,2025-06-15,end_of_life,68.2,False
BAT-2W-102810,2W_2.1kWh,Cellora,CE-2409,2024-08-10,2024-09-29,2.1,31371,99.2,BMS-4.0,,,81.0,False
BAT-2W-102811,2W_2.1kWh,Kyron,KY-2408,2024-10-30,2024-11-28,2.1,33464,98.8,BMS-4.2,2025-06-15,end_of_life,61.5,False
BAT-2W-102812,2W_2.1kWh,Cellora,CE-2405,2024-03-12,2024-05-08,2.1,31121,98.7,BMS-4.0,,,79.5,False
BAT-2W-102813,2W_2.1kWh,Amptek,AM-2412,2024-10-15,2024-12-05,2.1,32914,98.7,BMS-4.0,,,79.3,False
BAT-3W-102814,3W_4.8kWh,Cellora,CE-2501,2024-12-14,2025-01-11,4.8,67936,99.1,BMS-4.2,,,87.9,False
BAT-2W-102815,2W_2.1kWh,Kyron,KY-2408,2024-09-04,2024-09-24,2.1,32108,99.6,BMS-4.1,2025-06-15,end_of_life,61.1,False
BAT-2W-102816,2W_2.1kWh,Kyron,KY-2408,2024-09-13,2024-10-11,2.1,32433,98.9,BMS-4.1,2025-06-15,end_of_life,57.9,False
BAT-3W-102817,3W_4.8kWh,Cellora,CE-2312,2023-11-13,2023-12-11,4.8,63883,99.1,BMS-4.0,,,87.2,False
BAT-2W-102818,2W_2.1kWh,Cellora,CE-2311,2023-10-15,2023-11-06,2.1,31291,99.6,BMS-4.0,,,80.6,False
BAT-2W-102819,2W_2.1kWh,Cellora,CE-2405,2024-03-22,2024-05-17,2.1,32610,98.9,BMS-4.0,,,78.9,False
BAT-2W-102820,2W_2.1kWh,Cellora,CE-2408,2024-07-31,2024-08-28,2.1,33318,99.0,BMS-4.1,,,79.3,False
BAT-2W-102821,2W_2.1kWh,Cellora,CE-2409,2024-08-05,2024-09-11,2.1,33332,99.3,BMS-4.0,,,80.7,False
BAT-3W-102822,3W_4.8kWh,Amptek,AM-2403,2024-02-22,2024-03-22,4.8,65246,98.4,BMS-4.2,,,85.8,False
BAT-2W-102823,2W_2.1kWh,Cellora,CE-2308,2023-07-12,2023-08-16,2.1,32994,100.0,BMS-4.2,,,80.1,False
BAT-2W-102824,2W_2.1kWh,Amptek,AM-2403,2024-02-02,2024-03-25,2.1,34235,99.7,BMS-4.0,,,80.9,False
BAT-2W-102825,2W_2.1kWh,Cellora,CE-2304,2023-04-04,2023-04-26,2.1,30746,99.8,BMS-4.2,,,80.3,False
BAT-3W-102826,3W_4.8kWh,Cellora,CE-2409,2024-09-02,2024-09-21,4.8,70928,99.1,BMS-4.2,,,86.5,False
BAT-2W-102827,2W_2.1kWh,Cellora,CE-2504,2025-03-04,2025-04-16,2.1,32327,98.8,BMS-4.0,,,80.1,False
BAT-2W-102828,2W_2.1kWh,Kyron,KY-2408,2024-09-28,2024-10-10,2.1,32075,98.5,BMS-4.0,2025-06-15,end_of_life,60.8,False
BAT-2W-102829,2W_2.1kWh,Cellora,CE-2405,2024-05-14,2024-05-24,2.1,31901,99.7,BMS-4.2,,,81.1,False
BAT-2W-102830,2W_2.1kWh,Cellora,CE-2309,2023-08-20,2023-09-24,2.1,30259,99.0,BMS-4.1,,,79.9,False
BAT-3W-102831,3W_4.8kWh,Amptek,AM-2411,2024-09-30,2024-11-08,4.8,66818,99.6,BMS-4.0,,,86.7,False
BAT-3W-102832,3W_4.8kWh,Cellora,CE-2411,2024-10-19,2024-11-05,4.8,65038,99.2,BMS-4.1,,,86.3,False
BAT-3W-102833,3W_4.8kWh,Amptek,AM-2403,2024-02-21,2024-03-11,4.8,66363,98.5,BMS-4.0,,,86.2,False
BAT-3W-102834,3W_4.8kWh,Cellora,CE-2504,2025-03-23,2025-04-21,4.8,68544,98.6,BMS-4.2,,,86.5,False
BAT-2W-102835,2W_2.1kWh,Cellora,CE-2309,2023-09-02,2023-09-14,2.1,31542,98.6,BMS-4.1,,,79.0,False
BAT-2W-102836,2W_2.1kWh,Amptek,AM-2501,2024-12-04,2025-01-04,2.1,33555,99.5,BMS-4.0,,,80.0,False
BAT-2W-102837,2W_2.1kWh,Cellora,CE-2403,2024-03-07,2024-03-18,2.1,32041,99.5,BMS-4.1,,,81.1,False
BAT-2W-102838,2W_2.1kWh,Cellora,CE-2309,2023-08-27,2023-09-25,2.1,33268,98.6,BMS-4.2,,,79.3,False
BAT-2W-102839,2W_2.1kWh,Cellora,CE-2307,2023-06-09,2023-07-17,2.1,31870,99.7,BMS-4.2,,,80.3,False
BAT-3W-102840,3W_4.8kWh,Cellora,CE-2410,2024-08-14,2024-10-04,4.8,64835,100.0,BMS-4.0,,,87.8,False
BAT-3W-102841,3W_4.8kWh,Kyron,KY-2411,2024-09-26,2024-11-17,4.8,64938,99.7,BMS-4.0,,,87.9,False
BAT-2W-102842,2W_2.1kWh,Kyron,KY-2407,2024-10-09,2024-11-11,2.1,32377,98.7,BMS-4.1,2025-06-15,end_of_life,59.3,False
BAT-2W-102843,2W_2.1kWh,Cellora,CE-2412,2024-11-05,2024-12-19,2.1,31104,98.6,BMS-4.0,,,79.7,False
BAT-2W-102844,2W_2.1kWh,Kyron,KY-2408,2024-09-12,2024-10-23,2.1,33494,100.0,BMS-4.1,2025-06-15,end_of_life,59.7,False
BAT-2W-102845,2W_2.1kWh,Cellora,CE-2412,2024-11-21,2024-12-17,2.1,30839,99.1,BMS-4.2,,,81.2,False
BAT-2W-102846,2W_2.1kWh,Cellora,CE-2308,2023-06-20,2023-08-08,2.1,33863,99.3,BMS-4.1,,,80.7,False
BAT-2W-102847,2W_2.1kWh,Amptek,AM-2506,2025-04-25,2025-06-02,2.1,33952,99.5,BMS-4.0,,,79.8,False
BAT-2W-102848,2W_2.1kWh,Cellora,CE-2304,2023-03-06,2023-04-21,2.1,31852,99.0,BMS-4.0,,,79.1,False
BAT-2W-102849,2W_2.1kWh,Amptek,AM-2501,2024-12-19,2025-01-27,2.1,32533,99.2,BMS-4.0,,,79.5,False
BAT-2W-102850,2W_2.1kWh,Cellora,CE-2406,2024-05-28,2024-06-27,2.1,33865,98.9,BMS-4.1,,,78.7,False
BAT-3W-102851,3W_4.8kWh,Cellora,CE-2405,2024-05-11,2024-05-27,4.8,66417,99.6,BMS-4.2,,,86.5,False
BAT-2W-102852,2W_2.1kWh,Amptek,AM-2411,2024-10-19,2024-11-12,2.1,33512,99.3,BMS-4.2,,,79.4,False
BAT-2W-102853,2W_2.1kWh,Cellora,CE-2405,2024-05-03,2024-05-15,2.1,32526,99.3,BMS-4.1,,,78.9,False
BAT-2W-102854,2W_2.1kWh,Cellora,CE-2303,2023-01-26,2023-03-21,2.1,33947,99.3,BMS-4.1,,,80.0,False
BAT-2W-102855,2W_2.1kWh,Cellora,CE-2503,2025-03-09,2025-03-29,2.1,32263,99.7,BMS-4.0,,,81.6,False
BAT-2W-102856,2W_2.1kWh,Amptek,AM-2505,2025-04-09,2025-05-29,2.1,32067,100.0,BMS-4.0,,,79.9,False
BAT-2W-102857,2W_2.1kWh,Kyron,KY-2407,2024-08-30,2024-09-20,2.1,29560,98.7,BMS-4.1,2025-06-15,end_of_life,61.5,False
BAT-2W-102858,2W_2.1kWh,Cellora,CE-2311,2023-10-14,2023-11-09,2.1,31311,99.0,BMS-4.2,,,80.6,False
BAT-2W-102859,2W_2.1kWh,Cellora,CE-2404,2024-02-23,2024-04-03,2.1,32948,98.7,BMS-4.1,,,78.2,False
BAT-2W-102860,2W_2.1kWh,Amptek,AM-2506,2025-05-26,2025-06-09,2.1,32864,99.2,BMS-4.2,,,79.5,False
BAT-3W-102861,3W_4.8kWh,Amptek,AM-2502,2025-01-29,2025-02-25,4.8,71280,99.5,BMS-4.1,,,86.2,False
BAT-2W-102862,2W_2.1kWh,Cellora,CE-2304,2023-03-08,2023-04-18,2.1,30925,98.9,BMS-4.2,,,79.4,False
BAT-3W-102863,3W_4.8kWh,Cellora,CE-2308,2023-07-24,2023-08-31,4.8,66015,98.9,BMS-4.2,,,86.0,False
BAT-2W-102864,2W_2.1kWh,Cellora,CE-2402,2023-12-24,2024-02-07,2.1,32808,98.6,BMS-4.2,,,81.2,False
BAT-2W-102865,2W_2.1kWh,Cellora,CE-2409,2024-08-01,2024-09-06,2.1,32449,99.3,BMS-4.2,,,81.2,False
BAT-2W-102866,2W_2.1kWh,Cellora,CE-2312,2023-10-10,2023-12-07,2.1,31865,99.4,BMS-4.0,,,79.1,False
BAT-2W-102867,2W_2.1kWh,Cellora,CE-2405,2024-04-19,2024-05-03,2.1,31570,99.1,BMS-4.0,,,80.5,False
BAT-2W-102868,2W_2.1kWh,Cellora,CE-2303,2023-02-12,2023-03-30,2.1,30150,98.6,BMS-4.2,,,79.3,False
BAT-3W-102869,3W_4.8kWh,Amptek,AM-2408,2024-07-27,2024-08-26,4.8,67407,98.8,BMS-4.0,,,85.4,False
BAT-2W-102870,2W_2.1kWh,Cellora,CE-2305,2023-04-13,2023-05-05,2.1,30754,99.5,BMS-4.0,,,80.3,False
BAT-2W-102871,2W_2.1kWh,Cellora,CE-2306,2023-05-03,2023-06-15,2.1,32834,99.1,BMS-4.0,,,80.4,False
BAT-2W-102872,2W_2.1kWh,Kyron,KY-2408,2024-10-28,2024-11-29,2.1,32515,99.9,BMS-4.1,2025-06-15,end_of_life,64.1,False
BAT-2W-102873,2W_2.1kWh,Cellora,CE-2312,2023-11-20,2023-12-12,2.1,30294,99.4,BMS-4.1,,,80.7,False
BAT-2W-102874,2W_2.1kWh,Cellora,CE-2409,2024-08-18,2024-09-11,2.1,32421,100.0,BMS-4.0,,,80.9,False
BAT-2W-102875,2W_2.1kWh,Amptek,AM-2502,2025-01-20,2025-02-22,2.1,30427,99.0,BMS-4.2,,,80.0,False
BAT-2W-102876,2W_2.1kWh,Kyron,KY-2407,2024-09-05,2024-09-22,2.1,30613,99.8,BMS-4.0,2025-06-15,end_of_life,62.5,False
BAT-2W-102877,2W_2.1kWh,Kyron,KY-2408,2024-08-06,2024-09-13,2.1,32361,98.9,BMS-4.0,2025-06-15,end_of_life,59.6,False
BAT-2W-102878,2W_2.1kWh,Cellora,CE-2404,2024-02-06,2024-04-02,2.1,32768,98.7,BMS-4.2,,,80.1,False
BAT-2W-102879,2W_2.1kWh,Cellora,CE-2304,2023-03-21,2023-04-27,2.1,29478,99.6,BMS-4.0,,,80.8,False
BAT-2W-102880,2W_2.1kWh,Kyron,KY-2409,2024-07-30,2024-09-11,2.1,31320,98.8,BMS-4.2,2025-06-15,end_of_life,61.8,False
BAT-3W-102881,3W_4.8kWh,Cellora,CE-2407,2024-06-18,2024-07-24,4.8,66520,99.0,BMS-4.0,,,86.5,False
BAT-2W-102882,2W_2.1kWh,Cellora,CE-2309,2023-07-31,2023-09-07,2.1,32993,99.0,BMS-4.2,,,79.3,False
BAT-3W-102883,3W_4.8kWh,Amptek,AM-2506,2025-05-17,2025-06-07,4.8,67572,99.8,BMS-4.2,,,86.0,False
BAT-2W-102884,2W_2.1kWh,Cellora,CE-2410,2024-09-10,2024-10-26,2.1,31262,99.0,BMS-4.2,,,79.2,False
BAT-3W-102885,3W_4.8kWh,Kyron,KY-2413,2024-12-05,2025-01-16,4.8,67118,99.5,BMS-4.0,,,86.9,False
BAT-2W-102886,2W_2.1kWh,Kyron,KY-2408,2024-10-01,2024-10-20,2.1,32596,99.6,BMS-4.1,2025-06-15,end_of_life,60.1,False
BAT-2W-102887,2W_2.1kWh,Cellora,CE-2406,2024-05-24,2024-06-12,2.1,31065,99.3,BMS-4.1,,,80.0,False
BAT-2W-102888,2W_2.1kWh,Cellora,CE-2404,2024-04-11,2024-04-21,2.1,32451,99.1,BMS-4.2,,,80.3,False
BAT-3W-102889,3W_4.8kWh,Amptek,AM-2404,2024-04-04,2024-04-14,4.8,68773,99.3,BMS-4.0,,,86.7,False
BAT-2W-102890,2W_2.1kWh,Cellora,CE-2309,2023-08-31,2023-09-21,2.1,35069,98.4,BMS-4.0,,,78.7,False
BAT-2W-102891,2W_2.1kWh,Amptek,AM-2411,2024-10-17,2024-11-25,2.1,32591,99.5,BMS-4.1,,,79.1,False
BAT-2W-102892,2W_2.1kWh,Cellora,CE-2303,2023-02-01,2023-03-27,2.1,31329,98.4,BMS-4.0,,,79.1,False
BAT-2W-102893,2W_2.1kWh,Cellora,CE-2411,2024-10-10,2024-11-19,2.1,33879,99.2,BMS-4.2,,,79.3,False
BAT-3W-102894,3W_4.8kWh,Cellora,CE-2402,2024-01-13,2024-02-29,4.8,69642,99.0,BMS-4.0,,,86.8,False
BAT-2W-102895,2W_2.1kWh,Cellora,CE-2412,2024-11-19,2024-12-28,2.1,31612,98.8,BMS-4.2,,,79.9,False
BAT-3W-102896,3W_4.8kWh,Cellora,CE-2401,2024-01-04,2024-01-23,4.8,67116,98.7,BMS-4.1,,,86.4,False
BAT-2W-102897,2W_2.1kWh,Amptek,AM-2406,2024-05-10,2024-06-10,2.1,32296,99.7,BMS-4.2,,,80.3,False
BAT-2W-102898,2W_2.1kWh,Kyron,KY-2407,2024-09-14,2024-09-30,2.1,33533,99.2,BMS-4.1,2025-06-15,end_of_life,59.0,False
BAT-2W-102899,2W_2.1kWh,Cellora,CE-2406,2024-05-06,2024-06-05,2.1,31949,99.1,BMS-4.1,,,80.4,False
BAT-2W-102900,2W_2.1kWh,Amptek,AM-2502,2024-12-30,2025-02-26,2.1,33039,99.8,BMS-4.1,,,80.4,False
BAT-2W-102901,2W_2.1kWh,Amptek,AM-2505,2025-04-15,2025-05-07,2.1,33148,98.7,BMS-4.0,,,80.3,False
BAT-2W-102902,2W_2.1kWh,Kyron,KY-2408,2024-10-10,2024-10-21,2.1,31703,99.1,BMS-4.1,2025-06-15,end_of_life,58.8,False
BAT-2W-102903,2W_2.1kWh,Cellora,CE-2409,2024-07-29,2024-09-13,2.1,31705,99.2,BMS-4.0,,,79.5,False
BAT-2W-102904,2W_2.1kWh,Kyron,KY-2408,2024-11-01,2024-11-11,2.1,30912,99.2,BMS-4.2,2025-06-15,end_of_life,62.5,False
BAT-2W-102905,2W_2.1kWh,Cellora,CE-2505,2025-05-19,2025-05-30,2.1,30070,99.1,BMS-4.1,,,80.7,False
BAT-2W-102906,2W_2.1kWh,Amptek,AM-2505,2025-04-12,2025-05-28,2.1,31968,99.2,BMS-4.1,,,80.5,False
BAT-2W-102907,2W_2.1kWh,Cellora,CE-2411,2024-09-27,2024-11-22,2.1,30185,99.5,BMS-4.0,,,79.2,False
BAT-2W-102908,2W_2.1kWh,Cellora,CE-2410,2024-08-22,2024-10-01,2.1,29091,98.9,BMS-4.0,,,80.4,False
BAT-2W-102909,2W_2.1kWh,Kyron,KY-2408,2024-08-09,2024-09-15,2.1,33666,99.5,BMS-4.2,2025-06-15,end_of_life,64.8,False
BAT-2W-102910,2W_2.1kWh,Amptek,AM-2409,2024-08-05,2024-09-28,2.1,33725,98.6,BMS-4.2,,,78.7,False
BAT-2W-102911,2W_2.1kWh,Kyron,KY-2409,2024-09-28,2024-10-15,2.1,34481,99.3,BMS-4.2,2025-06-15,end_of_life,56.8,False
BAT-2W-102912,2W_2.1kWh,Cellora,CE-2412,2024-10-28,2024-12-11,2.1,32030,99.5,BMS-4.0,,,80.3,False
BAT-3W-102913,3W_4.8kWh,Cellora,CE-2307,2023-06-10,2023-07-27,4.8,65447,99.5,BMS-4.0,,,86.2,False
BAT-2W-102914,2W_2.1kWh,Cellora,CE-2305,2023-03-08,2023-05-05,2.1,31993,98.7,BMS-4.1,,,79.6,False
BAT-2W-102915,2W_2.1kWh,Kyron,KY-2407,2024-10-12,2024-11-23,2.1,32129,98.5,BMS-4.1,2025-06-15,end_of_life,56.2,False
BAT-2W-102916,2W_2.1kWh,Amptek,AM-2404,2024-03-08,2024-04-16,2.1,32635,99.9,BMS-4.1,,,80.4,False
BAT-2W-102917,2W_2.1kWh,Cellora,CE-2408,2024-07-24,2024-08-17,2.1,31877,99.4,BMS-4.1,,,81.0,False
BAT-2W-102918,2W_2.1kWh,Cellora,CE-2305,2023-04-15,2023-05-01,2.1,31858,98.8,BMS-4.0,,,79.0,False
BAT-2W-102919,2W_2.1kWh,Cellora,CE-2402,2023-12-08,2024-02-02,2.1,32858,98.3,BMS-4.1,,,80.3,False
BAT-2W-102920,2W_2.1kWh,Amptek,AM-2409,2024-08-11,2024-09-16,2.1,32640,99.4,BMS-4.1,,,82.1,False
BAT-2W-102921,2W_2.1kWh,Cellora,CE-2309,2023-08-30,2023-09-17,2.1,33377,99.1,BMS-4.0,,,79.8,False
BAT-2W-102922,2W_2.1kWh,Amptek,AM-2403,2024-01-24,2024-03-07,2.1,32926,99.1,BMS-4.0,,,80.8,False
BAT-2W-102923,2W_2.1kWh,Cellora,CE-2303,2023-02-20,2023-03-21,2.1,31868,99.5,BMS-4.0,,,79.4,False
BAT-2W-102924,2W_2.1kWh,Cellora,CE-2407,2024-05-23,2024-07-09,2.1,31526,98.4,BMS-4.1,,,77.7,False
BAT-2W-102925,2W_2.1kWh,Cellora,CE-2410,2024-08-29,2024-10-14,2.1,32676,98.9,BMS-4.1,,,80.5,False
BAT-2W-102926,2W_2.1kWh,Cellora,CE-2411,2024-10-15,2024-11-14,2.1,31857,98.7,BMS-4.2,,,80.1,False
BAT-2W-102927,2W_2.1kWh,Cellora,CE-2304,2023-02-23,2023-04-18,2.1,33451,98.9,BMS-4.2,,,78.6,False
BAT-2W-102928,2W_2.1kWh,Amptek,AM-2407,2024-06-28,2024-07-24,2.1,32244,99.2,BMS-4.0,,,80.2,False
BAT-3W-102929,3W_4.8kWh,Cellora,CE-2504,2025-04-09,2025-04-27,4.8,66699,99.2,BMS-4.2,,,86.7,False
BAT-3W-102930,3W_4.8kWh,Cellora,CE-2401,2024-01-14,2024-01-24,4.8,63971,98.5,BMS-4.1,,,85.9,False
BAT-2W-102931,2W_2.1kWh,Cellora,CE-2406,2024-05-21,2024-06-10,2.1,32776,99.3,BMS-4.2,,,80.5,False
BAT-2W-102932,2W_2.1kWh,Kyron,KY-2407,2024-10-04,2024-11-10,2.1,34964,99.2,BMS-4.0,2025-06-15,end_of_life,60.9,False
BAT-2W-102933,2W_2.1kWh,Kyron,KY-2409,2024-09-04,2024-10-19,2.1,31709,99.1,BMS-4.1,2025-06-15,end_of_life,57.6,False
BAT-2W-102934,2W_2.1kWh,Amptek,AM-2412,2024-11-19,2024-12-29,2.1,33140,100.0,BMS-4.2,,,81.7,False
BAT-2W-102935,2W_2.1kWh,Kyron,KY-2409,2024-09-21,2024-11-09,2.1,30424,99.1,BMS-4.1,2025-06-15,end_of_life,58.8,False
BAT-2W-102936,2W_2.1kWh,Kyron,KY-2407,2024-08-18,2024-09-15,2.1,33158,100.0,BMS-4.2,2025-06-15,end_of_life,58.6,False
BAT-2W-102937,2W_2.1kWh,Cellora,CE-2412,2024-12-16,2024-12-29,2.1,30508,99.9,BMS-4.2,,,80.1,False
BAT-2W-102938,2W_2.1kWh,Kyron,KY-2408,2024-10-11,2024-11-03,2.1,30416,99.7,BMS-4.2,2025-06-15,end_of_life,60.9,False
BAT-2W-102939,2W_2.1kWh,Cellora,CE-2410,2024-09-15,2024-10-06,2.1,33981,99.2,BMS-4.2,,,79.4,False
BAT-2W-102940,2W_2.1kWh,Amptek,AM-2502,2025-01-20,2025-02-01,2.1,32826,99.3,BMS-4.0,,,80.3,False
BAT-3W-102941,3W_4.8kWh,Kyron,KY-2413,2024-12-08,2025-01-06,4.8,66050,99.6,BMS-4.0,,,88.1,False
BAT-2W-102942,2W_2.1kWh,Amptek,AM-2403,2024-03-04,2024-03-31,2.1,32871,99.4,BMS-4.2,,,79.9,False
BAT-2W-102943,2W_2.1kWh,Cellora,CE-2401,2023-11-20,2024-01-16,2.1,32821,98.2,BMS-4.2,,,79.1,False
BAT-2W-102944,2W_2.1kWh,Amptek,AM-2506,2025-05-07,2025-06-06,2.1,33524,99.4,BMS-4.1,,,78.0,False
BAT-2W-102945,2W_2.1kWh,Cellora,CE-2410,2024-09-08,2024-10-14,2.1,31096,98.8,BMS-4.0,,,80.5,False
BAT-2W-102946,2W_2.1kWh,Cellora,CE-2405,2024-05-08,2024-05-25,2.1,31493,99.3,BMS-4.0,,,80.4,False
BAT-2W-102947,2W_2.1kWh,Cellora,CE-2304,2023-03-07,2023-04-11,2.1,32012,99.0,BMS-4.1,,,81.2,False
BAT-2W-102948,2W_2.1kWh,Amptek,AM-2411,2024-10-13,2024-11-14,2.1,31520,99.5,BMS-4.1,,,78.9,False
BAT-3W-102949,3W_4.8kWh,Cellora,CE-2312,2023-10-21,2023-12-04,4.8,68411,98.8,BMS-4.2,,,85.9,False
BAT-2W-102950,2W_2.1kWh,Cellora,CE-2307,2023-06-27,2023-07-20,2.1,35683,99.7,BMS-4.0,,,81.2,False
BAT-2W-102951,2W_2.1kWh,Cellora,CE-2412,2024-11-28,2024-12-13,2.1,34205,99.3,BMS-4.2,,,79.7,False
BAT-2W-102952,2W_2.1kWh,Cellora,CE-2307,2023-06-03,2023-07-30,2.1,31775,99.2,BMS-4.1,,,80.4,False
BAT-2W-102953,2W_2.1kWh,Kyron,KY-2409,2024-09-15,2024-10-12,2.1,33961,98.9,BMS-4.0,2025-06-15,end_of_life,62.9,False
BAT-3W-102954,3W_4.8kWh,Cellora,CE-2412,2024-11-12,2024-12-19,4.8,68928,98.2,BMS-4.0,,,85.5,False
BAT-2W-102955,2W_2.1kWh,Cellora,CE-2409,2024-08-30,2024-09-26,2.1,34359,99.6,BMS-4.2,,,79.3,False
BAT-2W-102956,2W_2.1kWh,Kyron,KY-2407,2024-09-16,2024-10-08,2.1,32036,98.8,BMS-4.1,2025-06-15,end_of_life,60.0,False
BAT-2W-102957,2W_2.1kWh,Cellora,CE-2311,2023-10-11,2023-11-07,2.1,33236,99.6,BMS-4.0,,,80.9,False
BAT-2W-102958,2W_2.1kWh,Cellora,CE-2308,2023-06-22,2023-08-12,2.1,33021,98.9,BMS-4.2,,,80.7,False
BAT-2W-102959,2W_2.1kWh,Cellora,CE-2408,2024-06-18,2024-08-05,2.1,33268,99.0,BMS-4.1,,,80.4,False
BAT-2W-102960,2W_2.1kWh,Kyron,KY-2409,2024-09-24,2024-11-01,2.1,29586,99.4,BMS-4.2,2025-06-15,end_of_life,57.6,False
BAT-2W-102961,2W_2.1kWh,Cellora,CE-2401,2023-12-30,2024-01-11,2.1,30724,99.6,BMS-4.1,,,80.5,False
BAT-2W-102962,2W_2.1kWh,Cellora,CE-2308,2023-06-23,2023-08-19,2.1,30658,99.6,BMS-4.0,,,80.3,False
BAT-2W-102963,2W_2.1kWh,Kyron,KY-2407,2024-08-11,2024-09-15,2.1,29883,99.8,BMS-4.2,2025-06-15,end_of_life,59.2,False
BAT-2W-102964,2W_2.1kWh,Amptek,AM-2501,2024-12-10,2025-01-28,2.1,30558,99.0,BMS-4.1,,,80.2,False
BAT-2W-102965,2W_2.1kWh,Kyron,KY-2408,2024-10-11,2024-11-22,2.1,30790,99.3,BMS-4.2,2025-06-15,end_of_life,59.5,False
BAT-2W-102966,2W_2.1kWh,Kyron,KY-2407,2024-10-19,2024-11-10,2.1,32844,99.2,BMS-4.0,2025-06-15,end_of_life,61.7,False
BAT-2W-102967,2W_2.1kWh,Kyron,KY-2409,2024-09-19,2024-10-13,2.1,32439,99.1,BMS-4.1,2025-06-15,end_of_life,62.3,False
BAT-2W-102968,2W_2.1kWh,Cellora,CE-2503,2025-02-13,2025-03-01,2.1,31162,99.0,BMS-4.2,,,81.0,False
BAT-2W-102969,2W_2.1kWh,Cellora,CE-2404,2024-03-05,2024-04-24,2.1,30810,98.5,BMS-4.2,,,78.9,False
BAT-3W-102970,3W_4.8kWh,Kyron,KY-2408,2024-07-16,2024-08-11,4.8,67952,99.3,BMS-4.2,2025-06-15,end_of_life,69.7,False
BAT-2W-102971,2W_2.1kWh,Amptek,AM-2504,2025-02-26,2025-04-06,2.1,34259,98.4,BMS-4.2,,,79.2,False
BAT-2W-102972,2W_2.1kWh,Cellora,CE-2503,2025-02-19,2025-03-24,2.1,30628,98.7,BMS-4.2,,,78.5,False
BAT-2W-102973,2W_2.1kWh,Kyron,KY-2409,2024-08-30,2024-09-14,2.1,29981,99.1,BMS-4.1,2025-06-15,end_of_life,58.6,False
BAT-2W-102974,2W_2.1kWh,Cellora,CE-2307,2023-05-28,2023-07-17,2.1,33059,99.6,BMS-4.0,,,80.2,False
BAT-2W-102975,2W_2.1kWh,Cellora,CE-2505,2025-04-17,2025-05-21,2.1,30687,98.9,BMS-4.0,,,79.9,False
BAT-2W-102976,2W_2.1kWh,Cellora,CE-2309,2023-08-05,2023-09-30,2.1,32966,99.8,BMS-4.0,,,79.7,False
BAT-2W-102977,2W_2.1kWh,Cellora,CE-2311,2023-10-25,2023-11-24,2.1,30938,99.3,BMS-4.2,,,80.5,False
BAT-2W-102978,2W_2.1kWh,Kyron,KY-2409,2024-10-18,2024-11-26,2.1,31915,99.2,BMS-4.2,2025-06-15,end_of_life,62.2,False
BAT-2W-102979,2W_2.1kWh,Cellora,CE-2305,2023-05-11,2023-05-23,2.1,30758,99.3,BMS-4.2,,,79.6,False
BAT-3W-102980,3W_4.8kWh,Cellora,CE-2501,2024-11-25,2025-01-12,4.8,72993,98.9,BMS-4.2,,,86.2,False
BAT-2W-102981,2W_2.1kWh,Cellora,CE-2401,2023-12-25,2024-01-19,2.1,30662,99.2,BMS-4.0,,,80.8,False
BAT-2W-102982,2W_2.1kWh,Cellora,CE-2403,2024-02-12,2024-03-01,2.1,31124,99.2,BMS-4.2,,,80.5,False
BAT-2W-102983,2W_2.1kWh,Kyron,KY-2407,2024-10-17,2024-11-12,2.1,30867,99.3,BMS-4.0,2025-06-15,end_of_life,64.1,False
BAT-2W-102984,2W_2.1kWh,Amptek,AM-2409,2024-08-19,2024-09-06,2.1,33390,99.7,BMS-4.1,,,81.6,False
BAT-2W-102985,2W_2.1kWh,Cellora,CE-2406,2024-05-25,2024-06-20,2.1,29653,99.3,BMS-4.2,,,79.6,False
BAT-3W-102986,3W_4.8kWh,Amptek,AM-2405,2024-04-23,2024-05-26,4.8,70634,99.0,BMS-4.1,,,86.8,False
BAT-2W-102987,2W_2.1kWh,Kyron,KY-2407,2024-09-09,2024-09-30,2.1,33470,99.0,BMS-4.0,2025-06-15,end_of_life,60.1,False
BAT-2W-102988,2W_2.1kWh,Kyron,KY-2409,2024-09-07,2024-09-23,2.1,33883,99.3,BMS-4.0,2025-06-15,end_of_life,61.4,False
BAT-3W-102989,3W_4.8kWh,Kyron,KY-2414,2024-12-26,2025-02-06,4.8,68943,98.9,BMS-4.0,,,85.9,False
BAT-2W-102990,2W_2.1kWh,Cellora,CE-2411,2024-09-23,2024-11-01,2.1,31038,99.1,BMS-4.0,,,79.8,False
BAT-2W-102991,2W_2.1kWh,Amptek,AM-2503,2025-03-04,2025-03-15,2.1,32261,98.4,BMS-4.2,,,79.0,False
BAT-2W-102992,2W_2.1kWh,Cellora,CE-2412,2024-10-05,2024-12-03,2.1,34674,99.4,BMS-4.0,,,81.3,False
BAT-2W-102993,2W_2.1kWh,Amptek,AM-2412,2024-12-01,2024-12-30,2.1,33050,99.4,BMS-4.2,,,80.6,False
BAT-2W-102994,2W_2.1kWh,Cellora,CE-2505,2025-04-19,2025-05-25,2.1,33717,99.1,BMS-4.0,,,79.7,False
BAT-2W-102995,2W_2.1kWh,Amptek,AM-2404,2024-03-29,2024-04-12,2.1,30746,99.4,BMS-4.2,,,79.3,False
BAT-2W-102996,2W_2.1kWh,Cellora,CE-2310,2023-09-03,2023-10-15,2.1,32277,99.4,BMS-4.1,,,80.8,False
BAT-2W-102997,2W_2.1kWh,Cellora,CE-2411,2024-09-17,2024-11-01,2.1,33288,99.3,BMS-4.0,,,80.0,False
BAT-2W-102998,2W_2.1kWh,Amptek,AM-2404,2024-03-19,2024-04-04,2.1,32106,99.3,BMS-4.1,,,80.7,False
BAT-2W-102999,2W_2.1kWh,Cellora,CE-2410,2024-09-10,2024-10-15,2.1,31654,99.7,BMS-4.0,,,80.8,False
BAT-2W-103000,2W_2.1kWh,Cellora,CE-2404,2024-02-27,2024-04-02,2.1,33271,99.1,BMS-4.0,,,79.9,False
BAT-2W-103001,2W_2.1kWh,Cellora,CE-2312,2023-12-01,2023-12-31,2.1,30646,99.0,BMS-4.2,,,79.4,False
BAT-2W-103002,2W_2.1kWh,Amptek,AM-2409,2024-07-17,2024-09-02,2.1,32030,99.5,BMS-4.2,,,79.9,False
BAT-3W-103003,3W_4.8kWh,Cellora,CE-2406,2024-05-30,2024-06-24,4.8,70419,99.0,BMS-4.1,,,85.1,False
BAT-2W-103004,2W_2.1kWh,Cellora,CE-2404,2024-03-30,2024-04-24,2.1,31827,98.8,BMS-4.2,,,77.8,False
BAT-2W-103005,2W_2.1kWh,Cellora,CE-2408,2024-06-21,2024-08-12,2.1,30199,99.2,BMS-4.1,,,80.6,False
BAT-2W-103006,2W_2.1kWh,Kyron,KY-2407,2024-09-23,2024-10-27,2.1,31466,99.3,BMS-4.1,2025-06-15,end_of_life,64.0,False
BAT-2W-103007,2W_2.1kWh,Cellora,CE-2404,2024-03-12,2024-04-07,2.1,32404,98.4,BMS-4.2,,,79.6,False
BAT-3W-103008,3W_4.8kWh,Cellora,CE-2412,2024-11-03,2024-12-28,4.8,72845,99.1,BMS-4.2,,,85.9,False
BAT-2W-103009,2W_2.1kWh,Cellora,CE-2407,2024-06-28,2024-07-10,2.1,34396,98.6,BMS-4.1,,,80.5,False
BAT-2W-103010,2W_2.1kWh,Cellora,CE-2502,2025-01-21,2025-02-22,2.1,32341,99.7,BMS-4.2,,,80.8,False
BAT-2W-103011,2W_2.1kWh,Cellora,CE-2404,2024-03-18,2024-04-23,2.1,30560,100.0,BMS-4.2,,,80.2,False
BAT-2W-103012,2W_2.1kWh,Kyron,KY-2409,2024-09-28,2024-10-30,2.1,29605,99.6,BMS-4.0,2025-06-15,end_of_life,61.5,False
BAT-2W-103013,2W_2.1kWh,Cellora,CE-2501,2024-12-25,2025-01-04,2.1,32338,99.0,BMS-4.2,,,80.5,False
BAT-2W-103014,2W_2.1kWh,Kyron,KY-2408,2024-09-02,2024-09-30,2.1,34995,99.1,BMS-4.2,2025-06-15,end_of_life,63.7,False
BAT-2W-103015,2W_2.1kWh,Amptek,AM-2412,2024-10-22,2024-12-06,2.1,30922,99.0,BMS-4.1,,,79.6,False
BAT-3W-103016,3W_4.8kWh,Cellora,CE-2312,2023-10-26,2023-12-20,4.8,68714,99.1,BMS-4.1,,,86.1,False
BAT-2W-103017,2W_2.1kWh,Cellora,CE-2503,2025-02-02,2025-03-03,2.1,31479,99.3,BMS-4.2,,,79.2,False
BAT-2W-103018,2W_2.1kWh,Cellora,CE-2410,2024-10-16,2024-10-29,2.1,30323,99.6,BMS-4.1,,,80.8,False
BAT-2W-103019,2W_2.1kWh,Amptek,AM-2506,2025-05-12,2025-06-05,2.1,32821,98.6,BMS-4.1,,,78.8,False
BAT-2W-103020,2W_2.1kWh,Kyron,KY-2408,2024-10-26,2024-11-19,2.1,32655,99.5,BMS-4.0,2025-06-15,end_of_life,60.4,False
BAT-2W-103021,2W_2.1kWh,Kyron,KY-2409,2024-09-26,2024-11-03,2.1,31630,99.9,BMS-4.0,2025-06-15,end_of_life,61.6,False
BAT-2W-103022,2W_2.1kWh,Cellora,CE-2410,2024-10-14,2024-10-26,2.1,30608,98.8,BMS-4.2,,,79.7,False
BAT-2W-103023,2W_2.1kWh,Cellora,CE-2502,2025-01-21,2025-02-14,2.1,30379,98.9,BMS-4.2,,,78.8,False
BAT-2W-103024,2W_2.1kWh,Cellora,CE-2404,2024-03-04,2024-04-25,2.1,31273,99.6,BMS-4.2,,,81.2,False
BAT-2W-103025,2W_2.1kWh,Kyron,KY-2407,2024-09-01,2024-09-20,2.1,32668,98.7,BMS-4.1,2025-06-15,end_of_life,60.9,False
BAT-2W-103026,2W_2.1kWh,Kyron,KY-2407,2024-09-14,2024-09-24,2.1,30666,99.8,BMS-4.0,2025-06-15,end_of_life,60.5,False
BAT-3W-103027,3W_4.8kWh,Cellora,CE-2312,2023-11-05,2023-12-17,4.8,70271,100.0,BMS-4.0,,,87.9,False
BAT-2W-103028,2W_2.1kWh,Cellora,CE-2411,2024-10-10,2024-11-26,2.1,31981,98.6,BMS-4.2,,,79.0,False
BAT-2W-103029,2W_2.1kWh,Amptek,AM-2505,2025-03-14,2025-05-07,2.1,33108,99.0,BMS-4.0,,,80.1,False
BAT-3W-103030,3W_4.8kWh,Cellora,CE-2408,2024-06-30,2024-08-11,4.8,71320,98.9,BMS-4.0,,,86.4,False
BAT-2W-103031,2W_2.1kWh,Cellora,CE-2303,2023-02-15,2023-03-15,2.1,32192,99.6,BMS-4.0,,,78.0,False
BAT-2W-103032,2W_2.1kWh,Kyron,KY-2408,2024-10-20,2024-11-24,2.1,28775,99.5,BMS-4.0,2025-06-15,end_of_life,63.0,False
BAT-2W-103033,2W_2.1kWh,Kyron,KY-2409,2024-08-17,2024-10-05,2.1,33270,98.2,BMS-4.0,2025-06-15,end_of_life,60.3,False
BAT-2W-103034,2W_2.1kWh,Cellora,CE-2405,2024-03-19,2024-05-06,2.1,30846,99.6,BMS-4.0,,,80.1,False
BAT-3W-103035,3W_4.8kWh,Cellora,CE-2308,2023-06-22,2023-08-19,4.8,65383,98.9,BMS-4.1,,,87.6,False
BAT-2W-103036,2W_2.1kWh,Amptek,AM-2502,2025-01-01,2025-02-09,2.1,30679,99.2,BMS-4.2,,,80.1,False
BAT-2W-103037,2W_2.1kWh,Cellora,CE-2303,2023-01-27,2023-03-09,2.1,34708,100.0,BMS-4.1,,,81.8,False
BAT-2W-103038,2W_2.1kWh,Cellora,CE-2312,2023-12-02,2023-12-19,2.1,31660,99.4,BMS-4.1,,,80.0,False
BAT-2W-103039,2W_2.1kWh,Kyron,KY-2408,2024-09-11,2024-09-24,2.1,30672,99.4,BMS-4.1,2025-06-15,end_of_life,57.1,False
BAT-2W-103040,2W_2.1kWh,Cellora,CE-2410,2024-09-28,2024-10-27,2.1,33456,99.7,BMS-4.1,,,80.3,False
BAT-2W-103041,2W_2.1kWh,Cellora,CE-2303,2023-03-09,2023-03-22,2.1,30677,99.4,BMS-4.2,,,79.9,False
BAT-3W-103042,3W_4.8kWh,Cellora,CE-2406,2024-04-29,2024-06-13,4.8,70552,99.7,BMS-4.1,,,87.4,False
BAT-3W-103043,3W_4.8kWh,Cellora,CE-2410,2024-09-04,2024-10-19,4.8,67103,99.5,BMS-4.0,,,87.9,False
BAT-3W-103044,3W_4.8kWh,Amptek,AM-2408,2024-07-07,2024-08-19,4.8,67081,98.5,BMS-4.0,,,85.3,False
BAT-2W-103045,2W_2.1kWh,Cellora,CE-2311,2023-09-27,2023-11-20,2.1,32815,99.8,BMS-4.2,,,81.3,False
BAT-2W-103046,2W_2.1kWh,Cellora,CE-2401,2023-12-17,2024-01-26,2.1,34073,99.0,BMS-4.0,,,81.6,False
BAT-2W-103047,2W_2.1kWh,Cellora,CE-2311,2023-10-30,2023-11-22,2.1,31711,98.9,BMS-4.0,,,79.0,False
BAT-2W-103048,2W_2.1kWh,Cellora,CE-2404,2024-03-16,2024-04-04,2.1,31942,99.5,BMS-4.2,,,80.3,False
BAT-2W-103049,2W_2.1kWh,Cellora,CE-2410,2024-09-22,2024-10-17,2.1,30145,98.6,BMS-4.0,,,78.4,False
BAT-2W-103050,2W_2.1kWh,Kyron,KY-2407,2024-07-29,2024-09-16,2.1,30559,99.3,BMS-4.0,2025-06-15,end_of_life,61.3,False
BAT-2W-103051,2W_2.1kWh,Amptek,AM-2410,2024-08-15,2024-10-13,2.1,33546,98.7,BMS-4.1,,,78.9,False
BAT-3W-103052,3W_4.8kWh,Amptek,AM-2412,2024-11-12,2024-12-18,4.8,64900,99.4,BMS-4.1,,,86.5,False
BAT-2W-103053,2W_2.1kWh,Kyron,KY-2407,2024-07-27,2024-09-14,2.1,30771,99.0,BMS-4.1,2025-06-15,end_of_life,61.3,False
BAT-2W-103054,2W_2.1kWh,Kyron,KY-2408,2024-07-28,2024-09-11,2.1,31965,99.6,BMS-4.2,2025-06-15,end_of_life,58.0,False
BAT-2W-103055,2W_2.1kWh,Cellora,CE-2307,2023-05-19,2023-07-03,2.1,32427,98.7,BMS-4.0,,,78.9,False
BAT-2W-103056,2W_2.1kWh,Cellora,CE-2407,2024-06-18,2024-07-01,2.1,30751,98.9,BMS-4.1,,,79.9,False
BAT-2W-103057,2W_2.1kWh,Cellora,CE-2406,2024-05-17,2024-06-17,2.1,33120,99.4,BMS-4.2,,,80.0,False
BAT-2W-103058,2W_2.1kWh,Cellora,CE-2304,2023-03-10,2023-04-28,2.1,31493,99.4,BMS-4.0,,,80.7,False
BAT-2W-103059,2W_2.1kWh,Cellora,CE-2503,2025-01-23,2025-03-11,2.1,28990,99.4,BMS-4.2,,,80.4,False
BAT-2W-103060,2W_2.1kWh,Amptek,AM-2502,2025-01-08,2025-02-22,2.1,32043,99.2,BMS-4.2,,,80.9,False
BAT-2W-103061,2W_2.1kWh,Cellora,CE-2308,2023-06-23,2023-08-20,2.1,32789,99.2,BMS-4.0,,,81.0,False
BAT-2W-103062,2W_2.1kWh,Cellora,CE-2305,2023-04-10,2023-05-25,2.1,32282,98.6,BMS-4.0,,,81.1,False
BAT-2W-103063,2W_2.1kWh,Cellora,CE-2304,2023-04-05,2023-04-30,2.1,31447,98.5,BMS-4.1,,,79.1,False
BAT-2W-103064,2W_2.1kWh,Amptek,AM-2408,2024-06-20,2024-08-03,2.1,31707,99.2,BMS-4.1,,,78.6,False
BAT-2W-103065,2W_2.1kWh,Kyron,KY-2408,2024-08-04,2024-09-21,2.1,32539,98.9,BMS-4.0,2025-06-15,end_of_life,58.0,False
BAT-2W-103066,2W_2.1kWh,Cellora,CE-2503,2025-02-18,2025-03-14,2.1,32659,98.5,BMS-4.2,,,79.9,False
BAT-2W-103067,2W_2.1kWh,Cellora,CE-2308,2023-07-09,2023-08-22,2.1,31347,98.3,BMS-4.0,,,78.8,False
BAT-3W-103068,3W_4.8kWh,Amptek,AM-2501,2024-12-07,2025-01-04,4.8,68016,99.0,BMS-4.2,,,86.6,False
BAT-2W-103069,2W_2.1kWh,Cellora,CE-2502,2025-01-04,2025-02-23,2.1,31767,98.8,BMS-4.0,,,79.8,False
BAT-2W-103070,2W_2.1kWh,Kyron,KY-2409,2024-10-17,2024-11-30,2.1,33810,99.5,BMS-4.0,2025-06-15,end_of_life,58.3,False
BAT-2W-103071,2W_2.1kWh,Kyron,KY-2407,2024-08-24,2024-10-11,2.1,33236,99.1,BMS-4.1,2025-06-15,end_of_life,59.0,False
BAT-2W-103072,2W_2.1kWh,Amptek,AM-2412,2024-10-15,2024-12-05,2.1,31838,99.2,BMS-4.2,,,80.4,False
BAT-2W-103073,2W_2.1kWh,Cellora,CE-2402,2023-12-31,2024-02-28,2.1,32753,98.7,BMS-4.0,,,78.9,False
BAT-2W-103074,2W_2.1kWh,Cellora,CE-2409,2024-08-03,2024-09-02,2.1,33434,98.9,BMS-4.0,,,80.2,False
BAT-2W-103075,2W_2.1kWh,Cellora,CE-2503,2025-02-23,2025-03-13,2.1,33904,99.0,BMS-4.1,,,79.0,False
BAT-2W-103076,2W_2.1kWh,Cellora,CE-2505,2025-05-04,2025-05-25,2.1,32021,99.2,BMS-4.2,,,79.6,False
BAT-2W-103077,2W_2.1kWh,Cellora,CE-2311,2023-10-13,2023-11-03,2.1,32916,99.4,BMS-4.1,,,79.7,False
BAT-2W-103078,2W_2.1kWh,Cellora,CE-2403,2024-02-11,2024-03-29,2.1,32230,99.2,BMS-4.0,,,79.9,False
BAT-2W-103079,2W_2.1kWh,Kyron,KY-2409,2024-09-03,2024-09-15,2.1,32064,98.7,BMS-4.1,2025-06-15,end_of_life,62.5,False
BAT-2W-103080,2W_2.1kWh,Kyron,KY-2408,2024-09-09,2024-09-28,2.1,33264,99.3,BMS-4.1,2025-06-15,end_of_life,59.2,False
BAT-2W-103081,2W_2.1kWh,Amptek,AM-2502,2025-01-14,2025-02-21,2.1,31817,99.4,BMS-4.1,,,79.8,False
BAT-2W-103082,2W_2.1kWh,Kyron,KY-2407,2024-08-11,2024-09-22,2.1,30221,99.0,BMS-4.0,2025-06-15,end_of_life,60.8,False
BAT-2W-103083,2W_2.1kWh,Amptek,AM-2411,2024-11-06,2024-11-23,2.1,29443,98.8,BMS-4.0,,,79.9,False
BAT-2W-103084,2W_2.1kWh,Cellora,CE-2504,2025-02-20,2025-04-11,2.1,31348,99.0,BMS-4.2,,,79.6,False
BAT-2W-103085,2W_2.1kWh,Cellora,CE-2303,2023-03-09,2023-03-23,2.1,32744,98.9,BMS-4.0,,,78.2,False
BAT-3W-103086,3W_4.8kWh,Cellora,CE-2503,2025-02-07,2025-03-03,4.8,63773,98.4,BMS-4.2,,,85.6,False
BAT-2W-103087,2W_2.1kWh,Kyron,KY-2408,2024-09-18,2024-11-04,2.1,32551,99.6,BMS-4.1,2025-06-15,end_of_life,57.5,False
BAT-2W-103088,2W_2.1kWh,Cellora,CE-2504,2025-03-19,2025-04-14,2.1,31293,98.8,BMS-4.0,,,78.4,False
BAT-3W-103089,3W_4.8kWh,Cellora,CE-2408,2024-08-06,2024-08-29,4.8,68920,99.6,BMS-4.1,,,86.8,False
BAT-2W-103090,2W_2.1kWh,Kyron,KY-2408,2024-10-20,2024-11-19,2.1,32010,99.4,BMS-4.2,2025-06-15,end_of_life,63.2,False
BAT-2W-103091,2W_2.1kWh,Cellora,CE-2308,2023-06-21,2023-08-19,2.1,32145,99.7,BMS-4.2,,,82.0,False
BAT-2W-103092,2W_2.1kWh,Cellora,CE-2405,2024-05-10,2024-05-21,2.1,33441,98.8,BMS-4.1,,,81.4,False
BAT-3W-103093,3W_4.8kWh,Amptek,AM-2501,2024-12-24,2025-01-20,4.8,69429,99.4,BMS-4.1,,,85.8,False
BAT-2W-103094,2W_2.1kWh,Cellora,CE-2309,2023-08-02,2023-09-24,2.1,31542,99.6,BMS-4.2,,,81.4,False
BAT-2W-103095,2W_2.1kWh,Cellora,CE-2505,2025-03-26,2025-05-14,2.1,31930,99.4,BMS-4.0,,,80.3,False
BAT-2W-103096,2W_2.1kWh,Cellora,CE-2402,2024-01-20,2024-02-24,2.1,30965,100.0,BMS-4.1,,,80.1,False
BAT-2W-103097,2W_2.1kWh,Cellora,CE-2309,2023-07-20,2023-09-12,2.1,31835,99.1,BMS-4.0,,,79.7,False
BAT-2W-103098,2W_2.1kWh,Amptek,AM-2406,2024-05-09,2024-06-30,2.1,32311,99.9,BMS-4.0,,,80.3,False
BAT-2W-103099,2W_2.1kWh,Cellora,CE-2312,2023-11-26,2023-12-19,2.1,32367,99.6,BMS-4.0,,,80.0,False
BAT-3W-103100,3W_4.8kWh,Kyron,KY-2416,2025-03-22,2025-04-18,4.8,68454,99.8,BMS-4.0,,,88.0,False
BAT-2W-103101,2W_2.1kWh,Amptek,AM-2408,2024-08-02,2024-08-13,2.1,31577,99.4,BMS-4.0,,,79.7,False
BAT-2W-103102,2W_2.1kWh,Amptek,AM-2405,2024-03-13,2024-05-06,2.1,32567,99.5,BMS-4.1,,,80.1,False
BAT-3W-103103,3W_4.8kWh,Cellora,CE-2409,2024-08-29,2024-09-26,4.8,67167,99.7,BMS-4.0,,,86.7,False
BAT-2W-103104,2W_2.1kWh,Cellora,CE-2504,2025-03-10,2025-04-10,2.1,33895,98.8,BMS-4.1,,,77.7,False
BAT-2W-103105,2W_2.1kWh,Cellora,CE-2307,2023-06-02,2023-07-14,2.1,31170,99.5,BMS-4.2,,,79.9,False
BAT-2W-103106,2W_2.1kWh,Cellora,CE-2410,2024-08-22,2024-10-03,2.1,31252,99.5,BMS-4.0,,,79.8,False
BAT-3W-103107,3W_4.8kWh,Kyron,KY-2407,2024-06-26,2024-07-20,4.8,67380,99.7,BMS-4.0,,,70.5,False
BAT-2W-103108,2W_2.1kWh,Cellora,CE-2304,2023-03-14,2023-04-07,2.1,32248,99.1,BMS-4.0,,,78.2,False
BAT-3W-103109,3W_4.8kWh,Cellora,CE-2412,2024-11-13,2024-12-25,4.8,65963,98.9,BMS-4.0,,,86.9,False
BAT-3W-103110,3W_4.8kWh,Amptek,AM-2409,2024-08-27,2024-09-15,4.8,68548,99.1,BMS-4.2,,,86.5,False
BAT-2W-103111,2W_2.1kWh,Amptek,AM-2504,2025-04-08,2025-04-30,2.1,32248,98.7,BMS-4.1,,,81.2,False
BAT-2W-103112,2W_2.1kWh,Cellora,CE-2311,2023-10-17,2023-11-11,2.1,31119,99.4,BMS-4.0,,,81.3,False
BAT-2W-103113,2W_2.1kWh,Kyron,KY-2408,2024-11-04,2024-11-19,2.1,30414,98.8,BMS-4.1,2025-06-15,end_of_life,58.0,False
BAT-2W-103114,2W_2.1kWh,Cellora,CE-2311,2023-10-21,2023-11-10,2.1,34074,98.5,BMS-4.1,,,78.6,False
BAT-2W-103115,2W_2.1kWh,Kyron,KY-2408,2024-10-04,2024-11-10,2.1,31892,98.6,BMS-4.0,2025-06-15,end_of_life,57.1,False
BAT-2W-103116,2W_2.1kWh,Cellora,CE-2411,2024-10-09,2024-11-08,2.1,31248,98.8,BMS-4.1,,,79.0,False
BAT-2W-103117,2W_2.1kWh,Cellora,CE-2312,2023-11-02,2023-12-28,2.1,32804,98.7,BMS-4.2,,,78.9,False
BAT-2W-103118,2W_2.1kWh,Amptek,AM-2501,2024-11-20,2025-01-10,2.1,30904,98.7,BMS-4.1,,,80.2,False
BAT-2W-103119,2W_2.1kWh,Cellora,CE-2501,2024-11-17,2025-01-05,2.1,30495,98.6,BMS-4.2,,,80.2,False
BAT-3W-103120,3W_4.8kWh,Amptek,AM-2501,2024-11-21,2025-01-13,4.8,71198,99.2,BMS-4.1,,,86.6,False
BAT-2W-103121,2W_2.1kWh,Cellora,CE-2406,2024-05-06,2024-06-08,2.1,28948,99.8,BMS-4.1,,,79.8,False
BAT-2W-103122,2W_2.1kWh,Cellora,CE-2303,2023-02-13,2023-03-02,2.1,31926,98.6,BMS-4.0,,,79.5,False
BAT-3W-103123,3W_4.8kWh,Cellora,CE-2505,2025-04-19,2025-05-17,4.8,68119,99.2,BMS-4.1,,,87.0,False
BAT-2W-103124,2W_2.1kWh,Cellora,CE-2504,2025-03-22,2025-04-20,2.1,32118,98.9,BMS-4.2,,,79.8,False
BAT-3W-103125,3W_4.8kWh,Cellora,CE-2502,2024-12-16,2025-02-09,4.8,70286,98.3,BMS-4.1,,,85.7,False
BAT-2W-103126,2W_2.1kWh,Cellora,CE-2408,2024-07-14,2024-08-24,2.1,34593,98.3,BMS-4.1,,,79.0,False
BAT-2W-103127,2W_2.1kWh,Cellora,CE-2406,2024-04-10,2024-06-03,2.1,30649,99.6,BMS-4.1,,,80.4,False
BAT-2W-103128,2W_2.1kWh,Cellora,CE-2307,2023-05-28,2023-07-26,2.1,31848,98.9,BMS-4.2,,,79.6,False
BAT-2W-103129,2W_2.1kWh,Kyron,KY-2407,2024-10-01,2024-10-16,2.1,32099,99.9,BMS-4.1,2025-06-15,end_of_life,62.6,False
BAT-2W-103130,2W_2.1kWh,Cellora,CE-2403,2024-02-02,2024-03-05,2.1,29162,98.5,BMS-4.1,,,78.8,False
BAT-2W-103131,2W_2.1kWh,Amptek,AM-2505,2025-03-20,2025-05-16,2.1,32540,99.0,BMS-4.0,,,79.0,False
BAT-2W-103132,2W_2.1kWh,Kyron,KY-2407,2024-08-25,2024-10-05,2.1,31872,98.4,BMS-4.0,2025-06-15,end_of_life,62.4,False
BAT-2W-103133,2W_2.1kWh,Amptek,AM-2407,2024-06-20,2024-07-07,2.1,32014,99.7,BMS-4.2,,,81.1,False
BAT-2W-103134,2W_2.1kWh,Amptek,AM-2503,2025-03-05,2025-03-21,2.1,30191,99.0,BMS-4.0,,,80.4,False
BAT-2W-103135,2W_2.1kWh,Kyron,KY-2407,2024-09-23,2024-10-08,2.1,31520,98.9,BMS-4.2,2025-06-15,end_of_life,63.6,False
BAT-2W-103136,2W_2.1kWh,Cellora,CE-2304,2023-03-13,2023-04-19,2.1,31224,99.2,BMS-4.0,,,79.7,False
BAT-2W-103137,2W_2.1kWh,Cellora,CE-2402,2024-01-24,2024-02-05,2.1,32976,99.2,BMS-4.1,,,79.3,False
BAT-2W-103138,2W_2.1kWh,Cellora,CE-2412,2024-11-12,2024-12-18,2.1,33380,99.2,BMS-4.1,,,80.6,False
BAT-2W-103139,2W_2.1kWh,Cellora,CE-2411,2024-10-26,2024-11-24,2.1,30401,99.4,BMS-4.2,,,80.7,False
BAT-2W-103140,2W_2.1kWh,Amptek,AM-2408,2024-08-04,2024-08-27,2.1,30082,98.8,BMS-4.2,,,80.1,False
BAT-2W-103141,2W_2.1kWh,Cellora,CE-2501,2024-11-29,2025-01-26,2.1,30069,99.1,BMS-4.1,,,80.2,False
BAT-2W-103142,2W_2.1kWh,Amptek,AM-2405,2024-03-29,2024-05-24,2.1,31670,98.7,BMS-4.2,,,78.8,False
BAT-2W-103143,2W_2.1kWh,Amptek,AM-2505,2025-04-12,2025-05-27,2.1,31967,100.0,BMS-4.0,,,80.0,False
BAT-2W-103144,2W_2.1kWh,Cellora,CE-2410,2024-09-03,2024-10-26,2.1,32121,99.4,BMS-4.1,,,80.0,False
BAT-3W-103145,3W_4.8kWh,Cellora,CE-2312,2023-11-10,2023-12-15,4.8,69181,99.9,BMS-4.0,,,88.0,False
BAT-2W-103146,2W_2.1kWh,Amptek,AM-2409,2024-08-20,2024-09-16,2.1,33409,99.7,BMS-4.1,,,81.1,False
BAT-3W-103147,3W_4.8kWh,Cellora,CE-2408,2024-07-16,2024-08-14,4.8,66658,99.3,BMS-4.1,,,87.2,False
BAT-2W-103148,2W_2.1kWh,Cellora,CE-2504,2025-03-18,2025-04-20,2.1,32520,99.4,BMS-4.0,,,80.0,False
BAT-2W-103149,2W_2.1kWh,Cellora,CE-2408,2024-07-01,2024-08-13,2.1,34576,98.8,BMS-4.1,,,80.2,False
BAT-2W-103150,2W_2.1kWh,Kyron,KY-2409,2024-09-19,2024-10-10,2.1,33582,99.4,BMS-4.0,2025-06-15,end_of_life,60.0,False
BAT-2W-103151,2W_2.1kWh,Amptek,AM-2408,2024-07-02,2024-08-10,2.1,33103,99.3,BMS-4.1,,,80.9,False
BAT-2W-103152,2W_2.1kWh,Kyron,KY-2407,2024-09-08,2024-09-23,2.1,30847,99.2,BMS-4.1,2025-06-15,end_of_life,57.9,False
BAT-2W-103153,2W_2.1kWh,Amptek,AM-2405,2024-03-20,2024-05-04,2.1,32905,98.9,BMS-4.0,,,80.0,False
BAT-2W-103154,2W_2.1kWh,Cellora,CE-2411,2024-10-21,2024-11-23,2.1,32200,98.7,BMS-4.0,,,80.2,False
BAT-2W-103155,2W_2.1kWh,Cellora,CE-2501,2024-12-06,2025-01-25,2.1,31031,99.5,BMS-4.0,,,79.6,False
BAT-2W-103156,2W_2.1kWh,Cellora,CE-2402,2024-01-11,2024-02-13,2.1,33052,98.5,BMS-4.1,,,78.7,False
BAT-2W-103157,2W_2.1kWh,Kyron,KY-2409,2024-10-28,2024-11-13,2.1,32012,99.1,BMS-4.2,2025-06-15,end_of_life,61.9,False
BAT-2W-103158,2W_2.1kWh,Cellora,CE-2309,2023-07-17,2023-09-09,2.1,31679,99.1,BMS-4.1,,,80.3,False
BAT-2W-103159,2W_2.1kWh,Cellora,CE-2401,2023-12-13,2024-01-08,2.1,32107,98.7,BMS-4.2,,,80.0,False
BAT-2W-103160,2W_2.1kWh,Cellora,CE-2304,2023-03-07,2023-04-16,2.1,33581,99.7,BMS-4.0,,,81.3,False
BAT-2W-103161,2W_2.1kWh,Amptek,AM-2412,2024-10-31,2024-12-28,2.1,32395,99.6,BMS-4.1,,,80.3,False
BAT-3W-103162,3W_4.8kWh,Amptek,AM-2412,2024-12-18,2024-12-29,4.8,66692,99.1,BMS-4.1,,,85.2,False
BAT-2W-103163,2W_2.1kWh,Kyron,KY-2409,2024-10-26,2024-11-17,2.1,33589,99.0,BMS-4.0,2025-06-15,end_of_life,59.3,False
BAT-2W-103164,2W_2.1kWh,Cellora,CE-2412,2024-10-24,2024-12-13,2.1,31607,99.8,BMS-4.2,,,80.3,False
BAT-2W-103165,2W_2.1kWh,Cellora,CE-2409,2024-08-01,2024-09-18,2.1,32409,99.5,BMS-4.0,,,81.0,False
BAT-2W-103166,2W_2.1kWh,Kyron,KY-2409,2024-09-02,2024-10-17,2.1,31191,99.8,BMS-4.2,2025-06-15,end_of_life,62.3,False
BAT-2W-103167,2W_2.1kWh,Kyron,KY-2408,2024-10-23,2024-11-28,2.1,32642,99.7,BMS-4.1,2025-06-15,end_of_life,61.1,False
BAT-2W-103168,2W_2.1kWh,Cellora,CE-2410,2024-10-06,2024-10-30,2.1,32801,98.5,BMS-4.1,,,79.4,False
BAT-2W-103169,2W_2.1kWh,Cellora,CE-2307,2023-06-25,2023-07-18,2.1,31230,99.0,BMS-4.1,,,80.5,False
BAT-2W-103170,2W_2.1kWh,Amptek,AM-2503,2025-01-17,2025-03-01,2.1,30704,99.7,BMS-4.2,,,80.5,False
BAT-2W-103171,2W_2.1kWh,Cellora,CE-2401,2024-01-10,2024-01-22,2.1,31456,98.7,BMS-4.2,,,78.4,False
BAT-2W-103172,2W_2.1kWh,Amptek,AM-2405,2024-04-06,2024-05-19,2.1,29974,100.0,BMS-4.2,,,78.8,False
BAT-2W-103173,2W_2.1kWh,Amptek,AM-2408,2024-07-07,2024-08-03,2.1,33361,99.6,BMS-4.0,,,80.9,False
BAT-2W-103174,2W_2.1kWh,Kyron,KY-2407,2024-09-07,2024-10-09,2.1,32164,99.7,BMS-4.1,2025-06-15,end_of_life,59.2,False
BAT-2W-103175,2W_2.1kWh,Kyron,KY-2409,2024-10-07,2024-10-28,2.1,32646,98.4,BMS-4.1,2025-06-15,end_of_life,59.8,False
BAT-2W-103176,2W_2.1kWh,Cellora,CE-2310,2023-09-14,2023-10-16,2.1,32274,99.5,BMS-4.2,,,80.2,False
BAT-2W-103177,2W_2.1kWh,Kyron,KY-2409,2024-10-31,2024-11-24,2.1,31705,98.5,BMS-4.2,2025-06-15,end_of_life,59.3,False
BAT-2W-103178,2W_2.1kWh,Kyron,KY-2409,2024-08-15,2024-09-24,2.1,31386,99.4,BMS-4.1,2025-06-15,end_of_life,61.0,False
BAT-2W-103179,2W_2.1kWh,Kyron,KY-2409,2024-08-24,2024-09-25,2.1,31286,99.4,BMS-4.1,2025-06-15,end_of_life,60.3,False
BAT-2W-103180,2W_2.1kWh,Cellora,CE-2502,2024-12-27,2025-02-14,2.1,32626,98.9,BMS-4.1,,,79.2,False
BAT-2W-103181,2W_2.1kWh,Cellora,CE-2401,2023-11-21,2024-01-05,2.1,31574,99.4,BMS-4.1,,,80.0,False
BAT-2W-103182,2W_2.1kWh,Cellora,CE-2409,2024-08-15,2024-09-17,2.1,33399,99.1,BMS-4.1,,,80.5,False
BAT-2W-103183,2W_2.1kWh,Cellora,CE-2412,2024-11-15,2024-12-17,2.1,32561,98.7,BMS-4.2,,,79.2,False
BAT-2W-103184,2W_2.1kWh,Amptek,AM-2407,2024-06-12,2024-07-21,2.1,31198,98.4,BMS-4.0,,,79.0,False
BAT-2W-103185,2W_2.1kWh,Kyron,KY-2409,2024-10-14,2024-10-25,2.1,32779,99.8,BMS-4.1,2025-06-15,end_of_life,62.1,False
BAT-2W-103186,2W_2.1kWh,Cellora,CE-2503,2025-01-12,2025-03-07,2.1,33283,99.3,BMS-4.1,,,80.6,False
BAT-2W-103187,2W_2.1kWh,Amptek,AM-2504,2025-02-04,2025-04-01,2.1,29877,99.1,BMS-4.0,,,81.3,False
BAT-2W-103188,2W_2.1kWh,Kyron,KY-2407,2024-11-14,2024-11-26,2.1,31634,99.5,BMS-4.2,2025-06-15,end_of_life,62.1,False
BAT-3W-103189,3W_4.8kWh,Cellora,CE-2311,2023-09-29,2023-11-05,4.8,71005,99.2,BMS-4.1,,,87.6,False
BAT-2W-103190,2W_2.1kWh,Cellora,CE-2406,2024-05-16,2024-06-28,2.1,31856,99.0,BMS-4.1,,,80.2,False
BAT-3W-103191,3W_4.8kWh,Cellora,CE-2304,2023-03-14,2023-04-21,4.8,67699,99.0,BMS-4.1,,,86.9,False
BAT-2W-103192,2W_2.1kWh,Cellora,CE-2407,2024-06-13,2024-07-09,2.1,30869,99.6,BMS-4.2,,,80.7,False
BAT-3W-103193,3W_4.8kWh,Kyron,KY-2407,2024-07-04,2024-07-27,4.8,68213,99.7,BMS-4.0,2025-06-15,end_of_life,69.8,False
BAT-2W-103194,2W_2.1kWh,Cellora,CE-2303,2023-02-08,2023-03-08,2.1,32010,98.9,BMS-4.2,,,80.3,False
BAT-2W-103195,2W_2.1kWh,Cellora,CE-2505,2025-04-16,2025-05-03,2.1,34512,98.2,BMS-4.1,,,79.4,False
BAT-2W-103196,2W_2.1kWh,Cellora,CE-2502,2025-01-22,2025-02-12,2.1,33077,99.5,BMS-4.2,,,80.2,False
BAT-2W-103197,2W_2.1kWh,Cellora,CE-2312,2023-11-28,2023-12-30,2.1,31674,98.9,BMS-4.0,,,79.5,False
BAT-2W-103198,2W_2.1kWh,Cellora,CE-2405,2024-04-17,2024-05-26,2.1,32256,99.4,BMS-4.0,,,81.4,False
BAT-2W-103199,2W_2.1kWh,Cellora,CE-2311,2023-10-06,2023-11-20,2.1,33218,99.3,BMS-4.2,,,80.2,False
BAT-2W-103200,2W_2.1kWh,Kyron,KY-2408,2024-09-02,2024-10-02,2.1,31571,99.3,BMS-4.0,2025-06-15,end_of_life,60.4,False
BAT-2W-103201,2W_2.1kWh,Cellora,CE-2303,2023-02-07,2023-03-18,2.1,34527,99.0,BMS-4.2,,,80.2,False
BAT-2W-103202,2W_2.1kWh,Cellora,CE-2410,2024-08-25,2024-10-02,2.1,32174,99.6,BMS-4.0,,,81.3,False
BAT-2W-103203,2W_2.1kWh,Cellora,CE-2309,2023-07-29,2023-09-25,2.1,30844,99.4,BMS-4.2,,,78.6,False
BAT-3W-103204,3W_4.8kWh,Cellora,CE-2502,2025-01-11,2025-02-21,4.8,67076,99.6,BMS-4.0,,,86.8,False
BAT-2W-103205,2W_2.1kWh,Amptek,AM-2405,2024-03-15,2024-05-04,2.1,33260,99.1,BMS-4.1,,,78.9,False
BAT-2W-103206,2W_2.1kWh,Kyron,KY-2409,2024-10-15,2024-10-27,2.1,32811,99.1,BMS-4.1,2025-06-15,end_of_life,58.1,False
BAT-2W-103207,2W_2.1kWh,Cellora,CE-2404,2024-02-22,2024-04-17,2.1,29287,99.1,BMS-4.1,,,81.5,False
BAT-2W-103208,2W_2.1kWh,Kyron,KY-2409,2024-10-15,2024-11-22,2.1,30561,99.5,BMS-4.2,2025-06-15,end_of_life,61.5,False
BAT-2W-103209,2W_2.1kWh,Cellora,CE-2504,2025-03-04,2025-04-29,2.1,32217,98.8,BMS-4.2,,,79.6,False
BAT-2W-103210,2W_2.1kWh,Cellora,CE-2312,2023-11-03,2023-12-24,2.1,31147,99.1,BMS-4.2,,,79.7,False
BAT-2W-103211,2W_2.1kWh,Amptek,AM-2405,2024-04-21,2024-05-30,2.1,30935,99.2,BMS-4.1,,,79.3,False
BAT-2W-103212,2W_2.1kWh,Amptek,AM-2408,2024-07-25,2024-08-28,2.1,32704,98.6,BMS-4.1,,,78.3,False
BAT-2W-103213,2W_2.1kWh,Cellora,CE-2505,2025-04-30,2025-05-22,2.1,31762,99.6,BMS-4.1,,,79.8,False
BAT-3W-103214,3W_4.8kWh,Cellora,CE-2308,2023-08-15,2023-08-28,4.8,68696,99.1,BMS-4.0,,,86.0,False
BAT-2W-103215,2W_2.1kWh,Cellora,CE-2307,2023-06-28,2023-07-29,2.1,34265,99.5,BMS-4.0,,,80.1,False
BAT-2W-103216,2W_2.1kWh,Kyron,KY-2408,2024-10-04,2024-11-03,2.1,31649,98.9,BMS-4.0,2025-06-15,end_of_life,60.7,False
BAT-3W-103217,3W_4.8kWh,Cellora,CE-2312,2023-11-25,2023-12-09,4.8,65802,98.5,BMS-4.0,,,85.3,False
BAT-3W-103218,3W_4.8kWh,Cellora,CE-2305,2023-04-02,2023-05-17,4.8,70180,99.4,BMS-4.0,,,87.0,False
BAT-2W-103219,2W_2.1kWh,Kyron,KY-2407,2024-08-30,2024-09-20,2.1,32150,99.2,BMS-4.2,2025-06-15,end_of_life,61.9,False
BAT-2W-103220,2W_2.1kWh,Kyron,KY-2409,2024-09-02,2024-09-16,2.1,34287,99.4,BMS-4.0,2025-06-15,end_of_life,59.2,False
BAT-2W-103221,2W_2.1kWh,Kyron,KY-2407,2024-08-08,2024-09-24,2.1,31529,98.9,BMS-4.0,2025-06-15,end_of_life,61.7,False
BAT-2W-103222,2W_2.1kWh,Cellora,CE-2410,2024-09-14,2024-10-20,2.1,33635,98.7,BMS-4.1,,,79.1,False
BAT-3W-103223,3W_4.8kWh,Amptek,AM-2404,2024-03-26,2024-04-10,4.8,67977,99.8,BMS-4.2,,,87.4,False
BAT-2W-103224,2W_2.1kWh,Cellora,CE-2310,2023-09-09,2023-10-15,2.1,32791,99.1,BMS-4.1,,,80.1,False
BAT-2W-103225,2W_2.1kWh,Amptek,AM-2503,2025-02-03,2025-03-20,2.1,33032,99.6,BMS-4.2,,,79.4,False
BAT-2W-103226,2W_2.1kWh,Amptek,AM-2409,2024-07-14,2024-09-07,2.1,31209,99.3,BMS-4.2,,,79.4,False
BAT-2W-103227,2W_2.1kWh,Cellora,CE-2406,2024-05-15,2024-06-29,2.1,32707,99.5,BMS-4.2,,,78.3,False
BAT-2W-103228,2W_2.1kWh,Cellora,CE-2405,2024-04-03,2024-05-26,2.1,31958,99.4,BMS-4.2,,,79.1,False
BAT-2W-103229,2W_2.1kWh,Amptek,AM-2407,2024-06-07,2024-07-17,2.1,32968,99.9,BMS-4.0,,,80.6,False
BAT-2W-103230,2W_2.1kWh,Kyron,KY-2408,2024-10-18,2024-11-20,2.1,30898,98.6,BMS-4.2,2025-06-15,end_of_life,60.4,False
BAT-2W-103231,2W_2.1kWh,Amptek,AM-2502,2025-01-08,2025-02-23,2.1,32382,99.2,BMS-4.1,,,79.9,False
BAT-3W-103232,3W_4.8kWh,Cellora,CE-2404,2024-02-25,2024-04-17,4.8,65109,98.6,BMS-4.2,,,87.2,False
BAT-3W-103233,3W_4.8kWh,Cellora,CE-2501,2024-12-30,2025-01-15,4.8,71852,99.2,BMS-4.0,,,86.7,False
BAT-2W-103234,2W_2.1kWh,Cellora,CE-2303,2023-01-28,2023-03-11,2.1,31408,99.2,BMS-4.1,,,80.8,False
BAT-2W-103235,2W_2.1kWh,Kyron,KY-2408,2024-08-14,2024-09-18,2.1,32790,99.3,BMS-4.1,2025-06-15,end_of_life,63.0,False
BAT-2W-103236,2W_2.1kWh,Kyron,KY-2408,2024-10-10,2024-10-23,2.1,32290,99.2,BMS-4.2,2025-06-15,end_of_life,59.0,False
BAT-2W-103237,2W_2.1kWh,Amptek,AM-2404,2024-03-06,2024-04-05,2.1,32160,99.7,BMS-4.1,,,80.0,False
BAT-2W-103238,2W_2.1kWh,Kyron,KY-2407,2024-09-30,2024-10-18,2.1,31128,99.3,BMS-4.2,2025-06-15,end_of_life,62.9,False
BAT-2W-103239,2W_2.1kWh,Cellora,CE-2403,2024-02-21,2024-03-25,2.1,32318,98.6,BMS-4.2,,,79.6,False
BAT-2W-103240,2W_2.1kWh,Cellora,CE-2501,2024-11-29,2025-01-13,2.1,33055,98.9,BMS-4.0,,,78.4,False
BAT-2W-103241,2W_2.1kWh,Cellora,CE-2304,2023-03-09,2023-04-10,2.1,32428,99.2,BMS-4.0,,,79.9,False
BAT-2W-103242,2W_2.1kWh,Cellora,CE-2411,2024-10-13,2024-11-06,2.1,31452,99.9,BMS-4.2,,,80.1,False
BAT-2W-103243,2W_2.1kWh,Cellora,CE-2409,2024-09-02,2024-09-12,2.1,32360,99.7,BMS-4.2,,,79.2,False
BAT-2W-103244,2W_2.1kWh,Cellora,CE-2503,2025-03-06,2025-03-25,2.1,31355,99.0,BMS-4.1,,,79.6,False
BAT-2W-103245,2W_2.1kWh,Cellora,CE-2405,2024-03-08,2024-05-03,2.1,31856,98.7,BMS-4.2,,,78.7,False
BAT-2W-103246,2W_2.1kWh,Cellora,CE-2404,2024-03-24,2024-04-23,2.1,29512,99.6,BMS-4.0,,,80.8,False
BAT-2W-103247,2W_2.1kWh,Cellora,CE-2501,2024-11-25,2025-01-06,2.1,32345,99.1,BMS-4.2,,,79.1,False
BAT-2W-103248,2W_2.1kWh,Kyron,KY-2407,2024-08-25,2024-10-07,2.1,33321,99.2,BMS-4.1,2025-06-15,end_of_life,60.1,False
BAT-2W-103249,2W_2.1kWh,Amptek,AM-2407,2024-06-21,2024-07-21,2.1,30652,99.4,BMS-4.1,,,81.7,False
BAT-2W-103250,2W_2.1kWh,Amptek,AM-2411,2024-09-18,2024-11-11,2.1,33040,99.0,BMS-4.0,,,79.4,False
BAT-3W-103251,3W_4.8kWh,Amptek,AM-2504,2025-02-08,2025-04-07,4.8,68907,98.9,BMS-4.2,,,85.9,False
BAT-2W-103252,2W_2.1kWh,Cellora,CE-2504,2025-04-02,2025-04-23,2.1,31756,99.5,BMS-4.1,,,80.6,False
BAT-2W-103253,2W_2.1kWh,Kyron,KY-2407,2024-09-03,2024-10-01,2.1,32247,98.6,BMS-4.0,2025-06-15,end_of_life,62.1,False
BAT-2W-103254,2W_2.1kWh,Cellora,CE-2307,2023-05-28,2023-07-14,2.1,30809,99.2,BMS-4.2,,,81.0,False
BAT-2W-103255,2W_2.1kWh,Cellora,CE-2404,2024-02-14,2024-04-01,2.1,31564,98.5,BMS-4.2,,,79.0,False
BAT-2W-103256,2W_2.1kWh,Cellora,CE-2303,2023-02-28,2023-03-21,2.1,30667,98.6,BMS-4.1,,,79.2,False
BAT-2W-103257,2W_2.1kWh,Cellora,CE-2406,2024-05-30,2024-06-25,2.1,31714,99.7,BMS-4.2,,,80.7,False
BAT-2W-103258,2W_2.1kWh,Kyron,KY-2407,2024-09-21,2024-11-03,2.1,33400,99.3,BMS-4.2,2025-06-15,end_of_life,60.6,False
BAT-2W-103259,2W_2.1kWh,Cellora,CE-2307,2023-05-28,2023-07-19,2.1,31956,99.2,BMS-4.1,,,80.6,False
BAT-2W-103260,2W_2.1kWh,Cellora,CE-2409,2024-07-14,2024-09-08,2.1,30729,99.0,BMS-4.0,,,81.3,False
BAT-2W-103261,2W_2.1kWh,Kyron,KY-2409,2024-11-03,2024-11-18,2.1,33161,99.4,BMS-4.2,2025-06-15,end_of_life,60.3,False
BAT-2W-103262,2W_2.1kWh,Cellora,CE-2311,2023-10-08,2023-11-09,2.1,32719,99.5,BMS-4.1,,,79.2,False
BAT-2W-103263,2W_2.1kWh,Cellora,CE-2305,2023-05-07,2023-05-24,2.1,33793,99.1,BMS-4.1,,,80.3,False
BAT-2W-103264,2W_2.1kWh,Kyron,KY-2408,2024-10-02,2024-11-14,2.1,31269,99.3,BMS-4.0,2025-06-15,end_of_life,61.7,False
BAT-3W-103265,3W_4.8kWh,Cellora,CE-2311,2023-11-08,2023-11-25,4.8,68825,98.9,BMS-4.2,,,85.2,False
BAT-2W-103266,2W_2.1kWh,Kyron,KY-2408,2024-09-24,2024-10-13,2.1,32829,99.3,BMS-4.1,2025-06-15,end_of_life,62.0,False
BAT-2W-103267,2W_2.1kWh,Cellora,CE-2501,2024-12-24,2025-01-03,2.1,31692,99.3,BMS-4.0,,,79.9,False
BAT-2W-103268,2W_2.1kWh,Cellora,CE-2401,2023-11-16,2024-01-08,2.1,32248,98.9,BMS-4.1,,,80.7,False
BAT-2W-103269,2W_2.1kWh,Kyron,KY-2409,2024-10-11,2024-10-23,2.1,34845,99.5,BMS-4.2,2025-06-15,end_of_life,60.5,False
BAT-2W-103270,2W_2.1kWh,Kyron,KY-2407,2024-09-03,2024-09-30,2.1,31950,99.3,BMS-4.0,2025-06-15,end_of_life,57.5,False
BAT-2W-103271,2W_2.1kWh,Amptek,AM-2403,2024-02-09,2024-03-08,2.1,31772,99.4,BMS-4.2,,,80.8,False
BAT-3W-103272,3W_4.8kWh,Cellora,CE-2502,2024-12-12,2025-02-03,4.8,68402,99.1,BMS-4.1,,,85.5,False
BAT-2W-103273,2W_2.1kWh,Amptek,AM-2412,2024-10-30,2024-12-20,2.1,30867,99.1,BMS-4.0,,,80.1,False
BAT-2W-103274,2W_2.1kWh,Cellora,CE-2403,2024-01-25,2024-03-14,2.1,30974,99.4,BMS-4.2,,,79.9,False
BAT-2W-103275,2W_2.1kWh,Kyron,KY-2409,2024-08-07,2024-09-10,2.1,31393,99.3,BMS-4.2,2025-06-15,end_of_life,60.9,False
BAT-2W-103276,2W_2.1kWh,Amptek,AM-2504,2025-02-26,2025-04-17,2.1,30292,98.3,BMS-4.0,,,79.6,False
BAT-2W-103277,2W_2.1kWh,Cellora,CE-2405,2024-04-13,2024-05-22,2.1,30953,99.3,BMS-4.2,,,80.5,False
BAT-2W-103278,2W_2.1kWh,Cellora,CE-2404,2024-02-21,2024-04-10,2.1,33880,99.2,BMS-4.1,,,79.6,False
BAT-2W-103279,2W_2.1kWh,Cellora,CE-2404,2024-03-20,2024-04-29,2.1,33435,99.0,BMS-4.0,,,79.7,False
BAT-2W-103280,2W_2.1kWh,Kyron,KY-2407,2024-09-01,2024-10-09,2.1,31764,99.2,BMS-4.1,2025-06-15,end_of_life,61.8,False
BAT-2W-103281,2W_2.1kWh,Cellora,CE-2309,2023-08-09,2023-09-03,2.1,30504,98.9,BMS-4.2,,,79.3,False
BAT-2W-103282,2W_2.1kWh,Cellora,CE-2409,2024-08-09,2024-09-18,2.1,32214,98.8,BMS-4.0,,,80.3,False
BAT-2W-103283,2W_2.1kWh,Cellora,CE-2410,2024-10-02,2024-10-16,2.1,32224,99.6,BMS-4.2,,,79.3,False
BAT-2W-103284,2W_2.1kWh,Cellora,CE-2504,2025-02-22,2025-04-19,2.1,30788,98.3,BMS-4.1,,,79.9,False
BAT-2W-103285,2W_2.1kWh,Cellora,CE-2503,2025-03-04,2025-03-28,2.1,32129,99.0,BMS-4.2,,,79.0,False
BAT-2W-103286,2W_2.1kWh,Amptek,AM-2411,2024-10-13,2024-11-17,2.1,34093,99.2,BMS-4.0,,,79.7,False
BAT-2W-103287,2W_2.1kWh,Amptek,AM-2405,2024-03-31,2024-05-09,2.1,32425,99.1,BMS-4.1,,,79.0,False
BAT-2W-103288,2W_2.1kWh,Cellora,CE-2503,2025-02-24,2025-03-09,2.1,30394,98.7,BMS-4.1,,,78.2,False
BAT-2W-103289,2W_2.1kWh,Cellora,CE-2409,2024-08-16,2024-09-01,2.1,33452,99.2,BMS-4.1,,,81.5,False
BAT-2W-103290,2W_2.1kWh,Amptek,AM-2503,2025-02-18,2025-03-28,2.1,32582,98.7,BMS-4.2,,,79.3,False
BAT-2W-103291,2W_2.1kWh,Kyron,KY-2408,2024-09-21,2024-11-06,2.1,32562,99.5,BMS-4.0,2025-06-15,end_of_life,60.3,False
BAT-2W-103292,2W_2.1kWh,Kyron,KY-2408,2024-09-30,2024-10-27,2.1,32940,98.8,BMS-4.1,2025-06-15,end_of_life,60.1,False
BAT-2W-103293,2W_2.1kWh,Amptek,AM-2405,2024-03-31,2024-05-21,2.1,32733,98.8,BMS-4.1,,,77.2,False
BAT-2W-103294,2W_2.1kWh,Kyron,KY-2407,2024-09-01,2024-09-22,2.1,31519,98.9,BMS-4.0,2025-06-15,end_of_life,59.6,False
BAT-3W-103295,3W_4.8kWh,Cellora,CE-2402,2023-12-22,2024-02-09,4.8,69932,98.8,BMS-4.2,,,86.5,False
BAT-2W-103296,2W_2.1kWh,Cellora,CE-2312,2023-11-16,2023-12-31,2.1,32190,98.4,BMS-4.0,,,80.1,False
BAT-3W-103297,3W_4.8kWh,Cellora,CE-2304,2023-03-17,2023-04-23,4.8,68006,98.7,BMS-4.0,,,86.8,False
BAT-2W-103298,2W_2.1kWh,Cellora,CE-2406,2024-05-16,2024-06-09,2.1,32116,98.9,BMS-4.0,,,81.2,False
BAT-2W-103299,2W_2.1kWh,Cellora,CE-2504,2025-03-23,2025-04-12,2.1,29397,99.3,BMS-4.0,,,80.2,False
BAT-2W-103300,2W_2.1kWh,Cellora,CE-2504,2025-03-19,2025-04-05,2.1,32594,98.7,BMS-4.1,,,80.1,False
BAT-2W-103301,2W_2.1kWh,Kyron,KY-2409,2024-10-25,2024-11-17,2.1,31669,99.3,BMS-4.1,2025-06-15,end_of_life,62.7,False
BAT-2W-103302,2W_2.1kWh,Cellora,CE-2412,2024-12-13,2024-12-30,2.1,33131,99.4,BMS-4.1,,,81.4,False
BAT-2W-103303,2W_2.1kWh,Cellora,CE-2404,2024-02-15,2024-04-10,2.1,32738,98.8,BMS-4.2,,,80.7,False
BAT-2W-103304,2W_2.1kWh,Amptek,AM-2408,2024-06-27,2024-08-23,2.1,31011,99.5,BMS-4.2,,,79.6,False
BAT-2W-103305,2W_2.1kWh,Cellora,CE-2308,2023-07-02,2023-08-20,2.1,28350,99.4,BMS-4.1,,,79.3,False
BAT-2W-103306,2W_2.1kWh,Cellora,CE-2505,2025-04-09,2025-05-03,2.1,33772,99.5,BMS-4.2,,,80.8,False
BAT-2W-103307,2W_2.1kWh,Kyron,KY-2409,2024-10-03,2024-10-24,2.1,31956,99.3,BMS-4.0,2025-06-15,end_of_life,61.7,False
BAT-2W-103308,2W_2.1kWh,Cellora,CE-2403,2024-03-11,2024-03-29,2.1,31273,99.0,BMS-4.1,,,79.5,False
BAT-3W-103309,3W_4.8kWh,Kyron,KY-2418,2025-04-29,2025-06-01,4.8,66927,99.4,BMS-4.2,,,86.0,False
BAT-2W-103310,2W_2.1kWh,Amptek,AM-2503,2025-01-31,2025-03-23,2.1,31661,99.1,BMS-4.1,,,80.4,False
BAT-3W-103311,3W_4.8kWh,Amptek,AM-2409,2024-09-09,2024-09-25,4.8,61527,99.2,BMS-4.2,,,86.8,False
BAT-2W-103312,2W_2.1kWh,Kyron,KY-2408,2024-09-06,2024-09-29,2.1,31682,99.4,BMS-4.0,2025-06-15,end_of_life,60.0,False
BAT-2W-103313,2W_2.1kWh,Cellora,CE-2308,2023-07-11,2023-08-09,2.1,30087,99.4,BMS-4.2,,,79.6,False
BAT-2W-103314,2W_2.1kWh,Cellora,CE-2505,2025-04-13,2025-05-16,2.1,32558,99.2,BMS-4.2,,,79.6,False
BAT-3W-103315,3W_4.8kWh,Kyron,KY-2413,2024-12-08,2025-01-15,4.8,72988,99.4,BMS-4.2,,,86.5,False
BAT-2W-103316,2W_2.1kWh,Amptek,AM-2504,2025-02-26,2025-04-26,2.1,31055,99.3,BMS-4.1,,,80.4,False
BAT-2W-103317,2W_2.1kWh,Cellora,CE-2402,2023-12-28,2024-02-11,2.1,31848,98.7,BMS-4.0,,,77.8,False
BAT-2W-103318,2W_2.1kWh,Amptek,AM-2505,2025-04-03,2025-05-05,2.1,32061,99.8,BMS-4.0,,,81.1,False
BAT-2W-103319,2W_2.1kWh,Kyron,KY-2408,2024-08-25,2024-09-10,2.1,31605,99.0,BMS-4.2,2025-06-15,end_of_life,65.4,False
BAT-2W-103320,2W_2.1kWh,Amptek,AM-2501,2024-12-11,2025-01-08,2.1,29313,99.6,BMS-4.2,,,79.7,False
BAT-2W-103321,2W_2.1kWh,Cellora,CE-2309,2023-08-27,2023-09-17,2.1,33917,99.0,BMS-4.0,,,78.9,False
BAT-2W-103322,2W_2.1kWh,Cellora,CE-2404,2024-03-27,2024-04-13,2.1,33977,99.2,BMS-4.2,,,80.3,False
BAT-2W-103323,2W_2.1kWh,Cellora,CE-2304,2023-03-27,2023-04-12,2.1,33894,99.2,BMS-4.0,,,78.3,False
BAT-2W-103324,2W_2.1kWh,Kyron,KY-2409,2024-10-02,2024-11-20,2.1,34083,99.3,BMS-4.2,2025-06-15,end_of_life,58.5,False
BAT-2W-103325,2W_2.1kWh,Cellora,CE-2412,2024-11-03,2024-12-10,2.1,33721,99.3,BMS-4.0,,,80.3,False
BAT-3W-103326,3W_4.8kWh,Cellora,CE-2401,2023-11-05,2024-01-02,4.8,66844,98.9,BMS-4.2,,,86.0,False
BAT-2W-103327,2W_2.1kWh,Cellora,CE-2501,2024-11-16,2025-01-05,2.1,31780,99.3,BMS-4.1,,,79.8,False
BAT-3W-103328,3W_4.8kWh,Cellora,CE-2402,2024-01-16,2024-02-20,4.8,66875,99.4,BMS-4.1,,,87.1,False
BAT-3W-103329,3W_4.8kWh,Kyron,KY-2408,2024-08-01,2024-08-23,4.8,68690,98.9,BMS-4.1,2025-06-15,end_of_life,69.5,False
BAT-2W-103330,2W_2.1kWh,Cellora,CE-2503,2025-03-05,2025-03-25,2.1,31374,99.6,BMS-4.1,,,79.6,False
BAT-3W-103331,3W_4.8kWh,Cellora,CE-2410,2024-09-13,2024-10-24,4.8,69866,98.6,BMS-4.1,,,84.5,False
BAT-2W-103332,2W_2.1kWh,Cellora,CE-2312,2023-11-20,2023-12-01,2.1,33449,99.3,BMS-4.2,,,79.1,False
BAT-2W-103333,2W_2.1kWh,Amptek,AM-2503,2025-01-30,2025-03-25,2.1,31552,98.9,BMS-4.1,,,79.7,False
BAT-2W-103334,2W_2.1kWh,Cellora,CE-2303,2023-02-12,2023-03-25,2.1,31742,99.0,BMS-4.2,,,79.7,False
BAT-2W-103335,2W_2.1kWh,Kyron,KY-2408,2024-09-26,2024-10-20,2.1,29884,99.6,BMS-4.0,2025-06-15,end_of_life,63.4,False
BAT-2W-103336,2W_2.1kWh,Amptek,AM-2408,2024-06-25,2024-08-13,2.1,33782,99.1,BMS-4.0,,,79.5,False
BAT-2W-103337,2W_2.1kWh,Amptek,AM-2501,2025-01-04,2025-01-25,2.1,33176,99.3,BMS-4.2,,,81.2,False
BAT-2W-103338,2W_2.1kWh,Cellora,CE-2312,2023-12-10,2023-12-26,2.1,33291,99.5,BMS-4.1,,,79.9,False
BAT-2W-103339,2W_2.1kWh,Amptek,AM-2406,2024-05-08,2024-06-15,2.1,32561,99.2,BMS-4.2,,,79.6,False
BAT-3W-103340,3W_4.8kWh,Kyron,KY-2410,2024-09-29,2024-10-30,4.8,68222,99.4,BMS-4.2,,,86.3,False
BAT-2W-103341,2W_2.1kWh,Kyron,KY-2409,2024-09-23,2024-10-10,2.1,32618,100.0,BMS-4.0,2025-06-15,end_of_life,58.9,False
BAT-2W-103342,2W_2.1kWh,Amptek,AM-2501,2024-12-03,2025-01-31,2.1,31629,99.2,BMS-4.0,,,78.9,False
BAT-2W-103343,2W_2.1kWh,Cellora,CE-2307,2023-05-22,2023-07-03,2.1,32278,99.0,BMS-4.1,,,80.5,False
BAT-2W-103344,2W_2.1kWh,Cellora,CE-2408,2024-08-01,2024-08-19,2.1,31683,99.5,BMS-4.0,,,79.7,False
BAT-2W-103345,2W_2.1kWh,Cellora,CE-2307,2023-06-04,2023-07-10,2.1,31267,99.8,BMS-4.1,,,79.9,False
BAT-2W-103346,2W_2.1kWh,Amptek,AM-2412,2024-11-12,2024-12-28,2.1,31462,99.3,BMS-4.2,,,79.0,False
BAT-2W-103347,2W_2.1kWh,Amptek,AM-2407,2024-06-28,2024-07-15,2.1,34197,99.5,BMS-4.1,,,80.4,False
BAT-3W-103348,3W_4.8kWh,Kyron,KY-2408,2024-08-04,2024-08-15,4.8,70378,98.6,BMS-4.2,2025-06-15,end_of_life,67.1,False
BAT-2W-103349,2W_2.1kWh,Cellora,CE-2410,2024-08-21,2024-10-16,2.1,31611,98.7,BMS-4.1,,,80.0,False
BAT-2W-103350,2W_2.1kWh,Kyron,KY-2409,2024-09-14,2024-09-24,2.1,31780,99.6,BMS-4.2,2025-06-15,end_of_life,61.7,False
BAT-2W-103351,2W_2.1kWh,Cellora,CE-2401,2023-11-29,2024-01-05,2.1,30439,98.7,BMS-4.0,,,79.5,False
BAT-2W-103352,2W_2.1kWh,Cellora,CE-2502,2024-12-19,2025-02-10,2.1,33889,99.0,BMS-4.1,,,80.3,False
BAT-2W-103353,2W_2.1kWh,Kyron,KY-2408,2024-09-07,2024-10-12,2.1,32630,99.6,BMS-4.1,2025-06-15,end_of_life,60.9,False
BAT-2W-103354,2W_2.1kWh,Cellora,CE-2404,2024-02-21,2024-04-19,2.1,30793,99.4,BMS-4.1,,,80.2,False
BAT-2W-103355,2W_2.1kWh,Cellora,CE-2502,2025-01-20,2025-02-22,2.1,31906,99.1,BMS-4.2,,,79.0,False
BAT-2W-103356,2W_2.1kWh,Cellora,CE-2505,2025-04-04,2025-05-18,2.1,32265,99.1,BMS-4.0,,,80.1,False
BAT-2W-103357,2W_2.1kWh,Cellora,CE-2309,2023-08-06,2023-09-24,2.1,35294,98.6,BMS-4.2,,,80.5,False
BAT-2W-103358,2W_2.1kWh,Cellora,CE-2505,2025-04-16,2025-05-07,2.1,31088,98.6,BMS-4.2,,,77.8,False
BAT-2W-103359,2W_2.1kWh,Cellora,CE-2304,2023-03-18,2023-04-11,2.1,31097,99.3,BMS-4.1,,,80.2,False
BAT-2W-103360,2W_2.1kWh,Cellora,CE-2402,2024-01-19,2024-02-15,2.1,32257,99.4,BMS-4.2,,,80.8,False
BAT-2W-103361,2W_2.1kWh,Amptek,AM-2503,2025-01-24,2025-03-08,2.1,32098,99.5,BMS-4.1,,,79.9,False
BAT-2W-103362,2W_2.1kWh,Amptek,AM-2412,2024-10-12,2024-12-08,2.1,32221,98.9,BMS-4.2,,,79.5,False
BAT-2W-103363,2W_2.1kWh,Cellora,CE-2402,2024-01-26,2024-02-10,2.1,30809,99.5,BMS-4.1,,,81.6,False
BAT-2W-103364,2W_2.1kWh,Kyron,KY-2407,2024-09-28,2024-11-16,2.1,33212,99.4,BMS-4.1,2025-06-15,end_of_life,60.8,False
BAT-2W-103365,2W_2.1kWh,Cellora,CE-2410,2024-09-29,2024-10-09,2.1,30133,98.8,BMS-4.0,,,80.8,False
BAT-2W-103366,2W_2.1kWh,Cellora,CE-2404,2024-04-01,2024-04-27,2.1,32003,98.5,BMS-4.1,,,79.3,False
BAT-2W-103367,2W_2.1kWh,Cellora,CE-2310,2023-08-30,2023-10-08,2.1,31273,98.9,BMS-4.1,,,80.1,False
BAT-2W-103368,2W_2.1kWh,Cellora,CE-2407,2024-05-31,2024-07-26,2.1,31231,99.8,BMS-4.0,,,82.6,False
BAT-3W-103369,3W_4.8kWh,Cellora,CE-2403,2024-01-23,2024-03-18,4.8,68394,99.8,BMS-4.0,,,87.4,False
BAT-2W-103370,2W_2.1kWh,Cellora,CE-2404,2024-03-13,2024-04-20,2.1,32170,99.2,BMS-4.2,,,80.4,False
BAT-2W-103371,2W_2.1kWh,Amptek,AM-2404,2024-03-12,2024-04-11,2.1,34006,98.5,BMS-4.1,,,80.5,False
BAT-3W-103372,3W_4.8kWh,Kyron,KY-2411,2024-10-30,2024-11-30,4.8,69235,99.2,BMS-4.1,,,86.0,False
BAT-2W-103373,2W_2.1kWh,Cellora,CE-2401,2023-12-14,2024-01-16,2.1,29186,98.8,BMS-4.0,,,79.4,False
BAT-2W-103374,2W_2.1kWh,Cellora,CE-2305,2023-05-11,2023-05-31,2.1,31427,99.4,BMS-4.1,,,79.1,False
BAT-2W-103375,2W_2.1kWh,Amptek,AM-2410,2024-10-10,2024-10-20,2.1,33652,99.2,BMS-4.1,,,80.4,False
BAT-3W-103376,3W_4.8kWh,Cellora,CE-2405,2024-04-01,2024-05-18,4.8,68206,99.9,BMS-4.2,,,87.2,False
BAT-2W-103377,2W_2.1kWh,Amptek,AM-2503,2025-03-01,2025-03-16,2.1,30050,99.1,BMS-4.2,,,79.8,False
BAT-2W-103378,2W_2.1kWh,Cellora,CE-2410,2024-10-15,2024-10-25,2.1,31568,99.0,BMS-4.0,,,79.6,False
BAT-3W-103379,3W_4.8kWh,Cellora,CE-2402,2024-01-28,2024-02-26,4.8,67590,99.9,BMS-4.0,,,87.6,False
BAT-2W-103380,2W_2.1kWh,Amptek,AM-2504,2025-03-01,2025-04-09,2.1,32088,98.8,BMS-4.1,,,80.8,False
BAT-2W-103381,2W_2.1kWh,Cellora,CE-2307,2023-06-05,2023-07-19,2.1,32320,98.7,BMS-4.0,,,78.7,False
BAT-2W-103382,2W_2.1kWh,Cellora,CE-2308,2023-06-26,2023-08-03,2.1,31958,98.6,BMS-4.1,,,79.0,False
BAT-3W-103383,3W_4.8kWh,Kyron,KY-2408,2024-06-20,2024-08-11,4.8,65161,99.4,BMS-4.2,2025-06-15,end_of_life,66.8,False
BAT-2W-103384,2W_2.1kWh,Kyron,KY-2409,2024-09-18,2024-10-11,2.1,30543,99.3,BMS-4.2,2025-06-15,end_of_life,56.4,False
BAT-2W-103385,2W_2.1kWh,Kyron,KY-2407,2024-09-22,2024-10-12,2.1,33542,98.9,BMS-4.2,2025-06-15,end_of_life,59.8,False
BAT-2W-103386,2W_2.1kWh,Amptek,AM-2505,2025-04-24,2025-05-23,2.1,31245,99.1,BMS-4.1,,,79.8,False
BAT-2W-103387,2W_2.1kWh,Amptek,AM-2410,2024-09-01,2024-10-05,2.1,33142,99.4,BMS-4.2,,,78.3,False
BAT-3W-103388,3W_4.8kWh,Amptek,AM-2409,2024-07-28,2024-09-08,4.8,66762,99.5,BMS-4.2,,,86.6,False
BAT-2W-103389,2W_2.1kWh,Cellora,CE-2305,2023-04-19,2023-05-14,2.1,32212,99.1,BMS-4.0,,,80.5,False
BAT-2W-103390,2W_2.1kWh,Amptek,AM-2403,2024-02-23,2024-03-11,2.1,33131,100.0,BMS-4.2,,,80.7,False
BAT-2W-103391,2W_2.1kWh,Cellora,CE-2406,2024-05-29,2024-06-23,2.1,32765,99.4,BMS-4.2,,,81.8,False
BAT-2W-103392,2W_2.1kWh,Cellora,CE-2407,2024-07-11,2024-07-27,2.1,32100,99.1,BMS-4.1,,,81.5,False
BAT-2W-103393,2W_2.1kWh,Amptek,AM-2411,2024-09-16,2024-11-10,2.1,29050,99.2,BMS-4.0,,,79.0,False
BAT-2W-103394,2W_2.1kWh,Cellora,CE-2412,2024-10-30,2024-12-21,2.1,31052,99.3,BMS-4.1,,,80.9,False
BAT-2W-103395,2W_2.1kWh,Amptek,AM-2405,2024-04-26,2024-05-19,2.1,32431,98.9,BMS-4.0,,,79.8,False
BAT-2W-103396,2W_2.1kWh,Amptek,AM-2410,2024-09-13,2024-10-03,2.1,33335,99.4,BMS-4.2,,,81.7,False
BAT-2W-103397,2W_2.1kWh,Amptek,AM-2409,2024-08-02,2024-09-15,2.1,30481,99.2,BMS-4.0,,,80.9,False
BAT-2W-103398,2W_2.1kWh,Kyron,KY-2408,2024-09-10,2024-09-23,2.1,34059,99.4,BMS-4.0,2025-06-15,end_of_life,61.9,False
BAT-2W-103399,2W_2.1kWh,Kyron,KY-2408,2024-09-03,2024-10-21,2.1,32775,100.0,BMS-4.0,2025-06-15,end_of_life,61.1,False
BAT-2W-103400,2W_2.1kWh,Cellora,CE-2411,2024-09-17,2024-11-14,2.1,34308,99.1,BMS-4.1,,,80.9,False
BAT-2W-103401,2W_2.1kWh,Cellora,CE-2311,2023-09-28,2023-11-20,2.1,31880,98.9,BMS-4.1,,,78.9,False
BAT-2W-103402,2W_2.1kWh,Cellora,CE-2401,2023-12-04,2024-01-30,2.1,30122,99.0,BMS-4.0,,,79.7,False
BAT-2W-103403,2W_2.1kWh,Cellora,CE-2308,2023-08-02,2023-08-23,2.1,34191,98.9,BMS-4.0,,,78.8,False
BAT-2W-103404,2W_2.1kWh,Amptek,AM-2406,2024-04-15,2024-06-12,2.1,31936,99.4,BMS-4.0,,,79.8,False
BAT-2W-103405,2W_2.1kWh,Kyron,KY-2409,2024-09-13,2024-09-29,2.1,32996,98.3,BMS-4.2,2025-06-15,end_of_life,61.2,False
BAT-2W-103406,2W_2.1kWh,Cellora,CE-2405,2024-04-05,2024-05-19,2.1,32425,98.9,BMS-4.2,,,79.7,False
BAT-2W-103407,2W_2.1kWh,Cellora,CE-2305,2023-03-18,2023-05-12,2.1,34572,99.7,BMS-4.1,,,80.2,False
BAT-2W-103408,2W_2.1kWh,Amptek,AM-2504,2025-02-24,2025-04-03,2.1,32995,98.9,BMS-4.1,,,79.8,False
BAT-2W-103409,2W_2.1kWh,Cellora,CE-2403,2024-02-25,2024-03-13,2.1,32171,98.9,BMS-4.0,,,80.5,False
BAT-2W-103410,2W_2.1kWh,Kyron,KY-2408,2024-10-20,2024-11-21,2.1,33604,99.1,BMS-4.1,2025-06-15,end_of_life,62.8,False
BAT-2W-103411,2W_2.1kWh,Amptek,AM-2412,2024-12-03,2024-12-24,2.1,33726,99.0,BMS-4.1,,,80.1,False
BAT-2W-103412,2W_2.1kWh,Cellora,CE-2410,2024-09-08,2024-10-31,2.1,30143,99.6,BMS-4.1,,,79.3,False
BAT-2W-103413,2W_2.1kWh,Cellora,CE-2406,2024-05-26,2024-06-23,2.1,30446,99.3,BMS-4.0,,,79.3,False
BAT-2W-103414,2W_2.1kWh,Amptek,AM-2406,2024-04-30,2024-06-23,2.1,32558,99.6,BMS-4.0,,,80.5,False
BAT-2W-103415,2W_2.1kWh,Cellora,CE-2504,2025-04-10,2025-04-28,2.1,32986,99.3,BMS-4.2,,,80.3,False
BAT-2W-103416,2W_2.1kWh,Kyron,KY-2409,2024-10-27,2024-11-09,2.1,31671,99.8,BMS-4.0,2025-06-15,end_of_life,61.7,False
BAT-2W-103417,2W_2.1kWh,Kyron,KY-2408,2024-09-30,2024-10-20,2.1,29753,99.4,BMS-4.1,2025-06-15,end_of_life,59.3,False
BAT-2W-103418,2W_2.1kWh,Kyron,KY-2409,2024-08-11,2024-09-18,2.1,32243,98.5,BMS-4.1,2025-06-15,end_of_life,60.0,False
BAT-2W-103419,2W_2.1kWh,Cellora,CE-2307,2023-06-09,2023-07-25,2.1,31258,99.2,BMS-4.1,,,79.2,False
BAT-2W-103420,2W_2.1kWh,Cellora,CE-2308,2023-07-04,2023-08-21,2.1,31850,99.6,BMS-4.2,,,80.8,False
BAT-2W-103421,2W_2.1kWh,Cellora,CE-2408,2024-07-29,2024-08-25,2.1,33428,100.0,BMS-4.0,,,80.8,False
BAT-2W-103422,2W_2.1kWh,Cellora,CE-2410,2024-08-29,2024-10-21,2.1,30916,99.2,BMS-4.2,,,81.5,False
BAT-2W-103423,2W_2.1kWh,Cellora,CE-2405,2024-04-17,2024-05-25,2.1,31562,99.5,BMS-4.1,,,82.0,False
BAT-2W-103424,2W_2.1kWh,Kyron,KY-2409,2024-08-31,2024-09-23,2.1,32107,98.5,BMS-4.1,2025-06-15,end_of_life,61.7,False
BAT-3W-103425,3W_4.8kWh,Kyron,KY-2413,2024-12-10,2025-01-30,4.8,66845,99.6,BMS-4.1,,,87.4,False
BAT-2W-103426,2W_2.1kWh,Cellora,CE-2411,2024-10-12,2024-11-06,2.1,32747,99.1,BMS-4.1,,,79.7,False
BAT-2W-103427,2W_2.1kWh,Kyron,KY-2407,2024-10-15,2024-11-08,2.1,31521,99.4,BMS-4.0,2025-06-15,end_of_life,63.3,False
BAT-2W-103428,2W_2.1kWh,Amptek,AM-2404,2024-03-06,2024-04-15,2.1,32856,99.2,BMS-4.1,,,80.5,False
BAT-2W-103429,2W_2.1kWh,Cellora,CE-2305,2023-05-06,2023-05-31,2.1,33794,99.4,BMS-4.1,,,79.9,False
BAT-2W-103430,2W_2.1kWh,Cellora,CE-2412,2024-11-09,2024-12-06,2.1,33352,99.1,BMS-4.1,,,80.2,False
BAT-2W-103431,2W_2.1kWh,Cellora,CE-2505,2025-03-30,2025-05-23,2.1,30414,99.3,BMS-4.1,,,79.4,False
BAT-2W-103432,2W_2.1kWh,Cellora,CE-2502,2024-12-31,2025-02-05,2.1,32261,98.6,BMS-4.1,,,81.2,False
BAT-2W-103433,2W_2.1kWh,Amptek,AM-2504,2025-03-12,2025-04-11,2.1,31847,98.7,BMS-4.2,,,79.9,False
BAT-2W-103434,2W_2.1kWh,Amptek,AM-2410,2024-09-21,2024-10-21,2.1,32268,99.9,BMS-4.1,,,80.7,False
BAT-2W-103435,2W_2.1kWh,Cellora,CE-2411,2024-11-02,2024-11-14,2.1,31615,99.6,BMS-4.0,,,79.7,False
BAT-2W-103436,2W_2.1kWh,Cellora,CE-2505,2025-03-29,2025-05-02,2.1,33387,99.3,BMS-4.1,,,80.3,False
BAT-2W-103437,2W_2.1kWh,Amptek,AM-2504,2025-04-05,2025-04-15,2.1,32150,98.6,BMS-4.0,,,79.8,False
BAT-2W-103438,2W_2.1kWh,Cellora,CE-2407,2024-06-27,2024-07-26,2.1,31578,99.5,BMS-4.1,,,79.7,False
BAT-2W-103439,2W_2.1kWh,Kyron,KY-2407,2024-10-18,2024-11-23,2.1,31255,99.0,BMS-4.0,2025-06-15,end_of_life,61.2,False
BAT-2W-103440,2W_2.1kWh,Cellora,CE-2410,2024-10-01,2024-10-27,2.1,32061,99.9,BMS-4.1,,,80.8,False
BAT-3W-103441,3W_4.8kWh,Cellora,CE-2505,2025-03-20,2025-05-09,4.8,64252,99.0,BMS-4.2,,,87.6,False
BAT-2W-103442,2W_2.1kWh,Amptek,AM-2406,2024-04-26,2024-06-05,2.1,31004,99.1,BMS-4.2,,,78.9,False
BAT-2W-103443,2W_2.1kWh,Cellora,CE-2503,2025-02-10,2025-03-31,2.1,31362,98.9,BMS-4.0,,,80.7,False
BAT-2W-103444,2W_2.1kWh,Cellora,CE-2412,2024-11-30,2024-12-21,2.1,32287,99.0,BMS-4.1,,,80.1,False
BAT-2W-103445,2W_2.1kWh,Amptek,AM-2411,2024-10-15,2024-11-08,2.1,30966,98.9,BMS-4.0,,,80.1,False
BAT-2W-103446,2W_2.1kWh,Cellora,CE-2404,2024-03-01,2024-04-01,2.1,33650,99.0,BMS-4.2,,,78.7,False
BAT-3W-103447,3W_4.8kWh,Cellora,CE-2412,2024-12-12,2024-12-22,4.8,68496,98.1,BMS-4.1,,,85.8,False
BAT-2W-103448,2W_2.1kWh,Cellora,CE-2406,2024-05-07,2024-06-04,2.1,32627,99.4,BMS-4.2,,,79.1,False
BAT-2W-103449,2W_2.1kWh,Kyron,KY-2408,2024-10-02,2024-10-24,2.1,30495,99.5,BMS-4.1,2025-06-15,end_of_life,60.7,False
BAT-2W-103450,2W_2.1kWh,Amptek,AM-2502,2025-01-28,2025-02-25,2.1,31964,98.9,BMS-4.1,,,78.9,False
BAT-2W-103451,2W_2.1kWh,Amptek,AM-2505,2025-04-30,2025-05-13,2.1,32010,99.3,BMS-4.1,,,80.3,False
BAT-2W-103452,2W_2.1kWh,Cellora,CE-2311,2023-09-21,2023-11-13,2.1,32372,100.0,BMS-4.0,,,81.9,False
BAT-2W-103453,2W_2.1kWh,Cellora,CE-2406,2024-05-10,2024-06-25,2.1,30288,99.3,BMS-4.1,,,80.9,False
BAT-2W-103454,2W_2.1kWh,Cellora,CE-2409,2024-09-04,2024-09-25,2.1,31914,99.4,BMS-4.0,,,80.6,False
BAT-3W-103455,3W_4.8kWh,Cellora,CE-2406,2024-06-16,2024-06-26,4.8,67777,99.3,BMS-4.2,,,86.8,False
BAT-2W-103456,2W_2.1kWh,Cellora,CE-2503,2025-02-28,2025-03-28,2.1,33920,99.3,BMS-4.1,,,80.8,False
BAT-2W-103457,2W_2.1kWh,Amptek,AM-2503,2025-02-13,2025-03-20,2.1,30518,98.7,BMS-4.1,,,80.1,False
BAT-2W-103458,2W_2.1kWh,Kyron,KY-2407,2024-09-08,2024-09-27,2.1,32787,99.6,BMS-4.0,2025-06-15,end_of_life,64.1,False
BAT-2W-103459,2W_2.1kWh,Cellora,CE-2308,2023-07-22,2023-08-03,2.1,32324,99.3,BMS-4.1,,,79.8,False
BAT-2W-103460,2W_2.1kWh,Cellora,CE-2306,2023-05-23,2023-06-13,2.1,30046,98.3,BMS-4.2,,,80.0,False
BAT-2W-103461,2W_2.1kWh,Cellora,CE-2312,2023-11-13,2023-12-27,2.1,31657,98.7,BMS-4.0,,,78.3,False
BAT-2W-103462,2W_2.1kWh,Amptek,AM-2411,2024-10-19,2024-11-12,2.1,30973,98.7,BMS-4.0,,,79.3,False
BAT-2W-103463,2W_2.1kWh,Amptek,AM-2407,2024-06-19,2024-07-19,2.1,30236,98.4,BMS-4.0,,,79.8,False
BAT-2W-103464,2W_2.1kWh,Cellora,CE-2311,2023-10-21,2023-11-18,2.1,31515,99.3,BMS-4.0,,,79.9,False
BAT-2W-103465,2W_2.1kWh,Cellora,CE-2308,2023-07-08,2023-08-15,2.1,31566,98.7,BMS-4.0,,,79.2,False
BAT-2W-103466,2W_2.1kWh,Amptek,AM-2405,2024-04-24,2024-05-28,2.1,33371,99.4,BMS-4.1,,,80.3,False
BAT-2W-103467,2W_2.1kWh,Amptek,AM-2504,2025-04-04,2025-04-15,2.1,33224,98.7,BMS-4.1,,,78.5,False
BAT-3W-103468,3W_4.8kWh,Kyron,KY-2416,2025-03-07,2025-04-10,4.8,67099,99.3,BMS-4.2,,,86.5,False
BAT-2W-103469,2W_2.1kWh,Amptek,AM-2504,2025-02-26,2025-04-09,2.1,31775,99.5,BMS-4.2,,,79.3,False
BAT-2W-103470,2W_2.1kWh,Cellora,CE-2411,2024-09-14,2024-11-07,2.1,33097,98.9,BMS-4.2,,,79.0,False
BAT-2W-103471,2W_2.1kWh,Amptek,AM-2505,2025-05-12,2025-05-28,2.1,32707,99.2,BMS-4.1,,,79.2,False
BAT-3W-103472,3W_4.8kWh,Kyron,KY-2411,2024-10-22,2024-11-13,4.8,66719,99.7,BMS-4.1,,,87.7,False
BAT-2W-103473,2W_2.1kWh,Cellora,CE-2505,2025-04-23,2025-05-06,2.1,32015,98.7,BMS-4.1,,,78.3,False
BAT-2W-103474,2W_2.1kWh,Amptek,AM-2406,2024-05-21,2024-06-29,2.1,30354,99.8,BMS-4.2,,,81.6,False
BAT-2W-103475,2W_2.1kWh,Cellora,CE-2303,2023-03-02,2023-03-17,2.1,31239,99.1,BMS-4.1,,,80.2,False
BAT-2W-103476,2W_2.1kWh,Cellora,CE-2410,2024-08-31,2024-10-27,2.1,32181,99.2,BMS-4.2,,,79.0,False
BAT-2W-103477,2W_2.1kWh,Amptek,AM-2503,2025-02-25,2025-03-09,2.1,30895,98.6,BMS-4.0,,,80.3,False
BAT-2W-103478,2W_2.1kWh,Cellora,CE-2408,2024-06-24,2024-08-14,2.1,31904,99.1,BMS-4.1,,,78.7,False
BAT-3W-103479,3W_4.8kWh,Cellora,CE-2505,2025-04-02,2025-05-10,4.8,69099,98.2,BMS-4.1,,,86.4,False
BAT-2W-103480,2W_2.1kWh,Amptek,AM-2405,2024-04-22,2024-05-16,2.1,30421,98.7,BMS-4.0,,,79.1,False
BAT-2W-103481,2W_2.1kWh,Cellora,CE-2501,2024-12-13,2025-01-09,2.1,30703,99.6,BMS-4.2,,,80.5,False
BAT-2W-103482,2W_2.1kWh,Amptek,AM-2409,2024-08-16,2024-09-28,2.1,31896,99.8,BMS-4.0,,,82.1,False
BAT-2W-103483,2W_2.1kWh,Amptek,AM-2411,2024-10-11,2024-11-21,2.1,32304,99.3,BMS-4.1,,,80.2,False
BAT-2W-103484,2W_2.1kWh,Cellora,CE-2303,2023-02-22,2023-03-04,2.1,32120,99.4,BMS-4.1,,,79.8,False
BAT-3W-103485,3W_4.8kWh,Kyron,KY-2407,2024-06-28,2024-07-17,4.8,63305,98.6,BMS-4.1,2025-06-15,end_of_life,67.7,False
BAT-2W-103486,2W_2.1kWh,Kyron,KY-2408,2024-10-11,2024-11-21,2.1,33494,98.8,BMS-4.2,2025-06-15,end_of_life,62.0,False
BAT-2W-103487,2W_2.1kWh,Amptek,AM-2504,2025-02-24,2025-04-17,2.1,32442,99.3,BMS-4.2,,,79.8,False
BAT-2W-103488,2W_2.1kWh,Cellora,CE-2504,2025-02-23,2025-04-12,2.1,30864,99.3,BMS-4.1,,,81.1,False
BAT-2W-103489,2W_2.1kWh,Amptek,AM-2503,2025-01-09,2025-03-04,2.1,29900,99.5,BMS-4.0,,,81.0,False
BAT-2W-103490,2W_2.1kWh,Kyron,KY-2407,2024-10-14,2024-10-25,2.1,31225,99.0,BMS-4.2,2025-06-15,end_of_life,61.3,False
BAT-3W-103491,3W_4.8kWh,Cellora,CE-2303,2023-02-28,2023-03-23,4.8,69233,99.8,BMS-4.1,,,87.3,False
BAT-2W-103492,2W_2.1kWh,Cellora,CE-2503,2025-02-22,2025-03-19,2.1,33782,99.3,BMS-4.0,,,80.2,False
BAT-2W-103493,2W_2.1kWh,Cellora,CE-2411,2024-10-15,2024-11-05,2.1,31464,99.7,BMS-4.2,,,82.4,False
BAT-2W-103494,2W_2.1kWh,Kyron,KY-2409,2024-09-27,2024-11-04,2.1,31579,98.6,BMS-4.1,2025-06-15,end_of_life,58.5,False
BAT-2W-103495,2W_2.1kWh,Amptek,AM-2502,2024-12-16,2025-02-01,2.1,34185,98.9,BMS-4.1,,,79.7,False
BAT-2W-103496,2W_2.1kWh,Cellora,CE-2408,2024-07-13,2024-08-17,2.1,31019,99.6,BMS-4.2,,,80.7,False
BAT-2W-103497,2W_2.1kWh,Kyron,KY-2409,2024-09-08,2024-10-05,2.1,33371,99.1,BMS-4.0,2025-06-15,end_of_life,61.2,False
BAT-2W-103498,2W_2.1kWh,Cellora,CE-2411,2024-10-15,2024-11-26,2.1,34931,99.6,BMS-4.1,,,81.6,False
BAT-2W-103499,2W_2.1kWh,Cellora,CE-2303,2023-01-30,2023-03-13,2.1,33262,99.0,BMS-4.0,,,79.5,False
BAT-3W-103500,3W_4.8kWh,Amptek,AM-2505,2025-04-14,2025-05-18,4.8,72093,99.2,BMS-4.1,,,86.7,False
BAT-2W-103501,2W_2.1kWh,Kyron,KY-2409,2024-08-18,2024-09-22,2.1,32947,98.9,BMS-4.0,2025-06-15,end_of_life,61.5,False
BAT-2W-103502,2W_2.1kWh,Amptek,AM-2409,2024-08-22,2024-09-02,2.1,30675,99.3,BMS-4.1,,,79.4,False
BAT-2W-103503,2W_2.1kWh,Kyron,KY-2409,2024-09-29,2024-10-27,2.1,31285,98.4,BMS-4.2,2025-06-15,end_of_life,60.5,False
BAT-2W-103504,2W_2.1kWh,Kyron,KY-2409,2024-10-03,2024-11-16,2.1,33030,99.1,BMS-4.2,2025-06-15,end_of_life,58.6,False
BAT-3W-103505,3W_4.8kWh,Cellora,CE-2409,2024-07-27,2024-09-11,4.8,69410,99.5,BMS-4.0,,,88.2,False
BAT-2W-103506,2W_2.1kWh,Cellora,CE-2504,2025-03-07,2025-04-09,2.1,32767,99.0,BMS-4.2,,,79.3,False
BAT-2W-103507,2W_2.1kWh,Amptek,AM-2505,2025-04-06,2025-05-09,2.1,30945,99.3,BMS-4.2,,,79.2,False
BAT-2W-103508,2W_2.1kWh,Amptek,AM-2408,2024-06-26,2024-08-02,2.1,32697,98.2,BMS-4.1,,,78.8,False
BAT-2W-103509,2W_2.1kWh,Cellora,CE-2503,2025-02-18,2025-03-19,2.1,33256,99.7,BMS-4.1,,,81.1,False
BAT-2W-103510,2W_2.1kWh,Cellora,CE-2303,2023-02-28,2023-03-26,2.1,32719,99.0,BMS-4.2,,,78.9,False
BAT-2W-103511,2W_2.1kWh,Cellora,CE-2403,2024-02-14,2024-03-27,2.1,32186,99.2,BMS-4.1,,,78.2,False
BAT-2W-103512,2W_2.1kWh,Amptek,AM-2502,2024-12-21,2025-02-16,2.1,31704,98.8,BMS-4.0,,,80.3,False
BAT-2W-103513,2W_2.1kWh,Amptek,AM-2405,2024-04-25,2024-05-12,2.1,34203,99.4,BMS-4.1,,,79.0,False
BAT-2W-103514,2W_2.1kWh,Cellora,CE-2504,2025-03-02,2025-04-14,2.1,33553,100.0,BMS-4.0,,,81.3,False
BAT-2W-103515,2W_2.1kWh,Cellora,CE-2306,2023-04-20,2023-06-03,2.1,32723,98.9,BMS-4.0,,,79.8,False
BAT-3W-103516,3W_4.8kWh,Kyron,KY-2416,2025-02-23,2025-04-08,4.8,66602,98.8,BMS-4.1,,,86.0,False
BAT-2W-103517,2W_2.1kWh,Cellora,CE-2307,2023-06-26,2023-07-23,2.1,32478,98.9,BMS-4.2,,,80.1,False
BAT-2W-103518,2W_2.1kWh,Amptek,AM-2405,2024-04-12,2024-05-23,2.1,32388,99.2,BMS-4.0,,,79.9,False
BAT-2W-103519,2W_2.1kWh,Kyron,KY-2408,2024-11-03,2024-11-28,2.1,31857,98.8,BMS-4.0,2025-06-15,end_of_life,59.4,False
BAT-3W-103520,3W_4.8kWh,Kyron,KY-2410,2024-10-14,2024-10-27,4.8,68663,99.2,BMS-4.1,,,85.4,False
BAT-2W-103521,2W_2.1kWh,Cellora,CE-2306,2023-04-25,2023-06-16,2.1,31648,99.1,BMS-4.0,,,79.0,False
BAT-2W-103522,2W_2.1kWh,Amptek,AM-2503,2025-01-06,2025-03-06,2.1,33090,99.1,BMS-4.0,,,79.0,False
BAT-3W-103523,3W_4.8kWh,Cellora,CE-2408,2024-07-19,2024-08-17,4.8,69927,98.9,BMS-4.2,,,86.4,False
BAT-2W-103524,2W_2.1kWh,Cellora,CE-2505,2025-04-02,2025-05-01,2.1,33002,99.0,BMS-4.2,,,80.4,False
BAT-2W-103525,2W_2.1kWh,Kyron,KY-2409,2024-08-14,2024-09-24,2.1,33056,98.5,BMS-4.2,2025-06-15,end_of_life,58.2,False
BAT-2W-103526,2W_2.1kWh,Amptek,AM-2409,2024-08-03,2024-09-03,2.1,35280,99.0,BMS-4.2,,,80.1,False
BAT-2W-103527,2W_2.1kWh,Kyron,KY-2409,2024-10-04,2024-11-21,2.1,30842,98.9,BMS-4.1,2025-06-15,end_of_life,63.2,False
BAT-2W-103528,2W_2.1kWh,Cellora,CE-2401,2023-12-01,2024-01-29,2.1,30890,99.5,BMS-4.1,,,81.6,False
BAT-2W-103529,2W_2.1kWh,Cellora,CE-2407,2024-07-08,2024-07-30,2.1,31402,98.7,BMS-4.1,,,79.7,False
BAT-2W-103530,2W_2.1kWh,Cellora,CE-2308,2023-07-29,2023-08-12,2.1,30615,98.7,BMS-4.2,,,80.8,False
BAT-2W-103531,2W_2.1kWh,Cellora,CE-2404,2024-02-07,2024-04-05,2.1,31687,99.3,BMS-4.2,,,79.2,False
BAT-2W-103532,2W_2.1kWh,Amptek,AM-2505,2025-04-16,2025-05-12,2.1,32724,98.5,BMS-4.2,,,80.4,False
BAT-2W-103533,2W_2.1kWh,Amptek,AM-2407,2024-05-27,2024-07-03,2.1,32653,98.8,BMS-4.0,,,81.4,False
BAT-2W-103534,2W_2.1kWh,Kyron,KY-2407,2024-10-28,2024-11-09,2.1,32536,99.4,BMS-4.0,2025-06-15,end_of_life,57.6,False
BAT-2W-103535,2W_2.1kWh,Cellora,CE-2412,2024-11-02,2024-12-06,2.1,31553,99.4,BMS-4.2,,,80.2,False
BAT-2W-103536,2W_2.1kWh,Cellora,CE-2311,2023-10-20,2023-11-29,2.1,30387,98.3,BMS-4.0,,,78.7,False
BAT-2W-103537,2W_2.1kWh,Cellora,CE-2306,2023-04-20,2023-06-14,2.1,32025,99.7,BMS-4.1,,,79.3,False
BAT-2W-103538,2W_2.1kWh,Amptek,AM-2506,2025-05-14,2025-06-12,2.1,33003,100.0,BMS-4.1,,,80.5,False
BAT-2W-103539,2W_2.1kWh,Kyron,KY-2408,2024-11-05,2024-11-18,2.1,31244,98.6,BMS-4.1,2025-06-15,end_of_life,62.9,False
BAT-3W-103540,3W_4.8kWh,Cellora,CE-2404,2024-03-04,2024-04-29,4.8,67666,99.5,BMS-4.1,,,87.6,False
BAT-2W-103541,2W_2.1kWh,Cellora,CE-2310,2023-10-10,2023-10-22,2.1,32223,99.2,BMS-4.0,,,80.5,False
BAT-2W-103542,2W_2.1kWh,Cellora,CE-2407,2024-06-26,2024-07-18,2.1,31592,99.8,BMS-4.1,,,81.3,False
BAT-2W-103543,2W_2.1kWh,Cellora,CE-2502,2025-01-18,2025-02-14,2.1,33666,99.0,BMS-4.1,,,80.6,False
BAT-2W-103544,2W_2.1kWh,Cellora,CE-2404,2024-03-20,2024-04-26,2.1,32566,99.5,BMS-4.2,,,79.6,False
BAT-2W-103545,2W_2.1kWh,Cellora,CE-2504,2025-03-13,2025-04-25,2.1,31975,99.3,BMS-4.1,,,79.7,False
BAT-2W-103546,2W_2.1kWh,Kyron,KY-2408,2024-11-01,2024-11-13,2.1,32623,100.0,BMS-4.1,2025-06-15,end_of_life,60.1,False
BAT-2W-103547,2W_2.1kWh,Cellora,CE-2504,2025-02-28,2025-04-01,2.1,32007,99.2,BMS-4.1,,,79.9,False
BAT-2W-103548,2W_2.1kWh,Cellora,CE-2310,2023-09-22,2023-10-25,2.1,30280,99.1,BMS-4.0,,,79.4,False
BAT-2W-103549,2W_2.1kWh,Cellora,CE-2401,2023-12-01,2024-01-19,2.1,33167,99.0,BMS-4.1,,,79.6,False
BAT-2W-103550,2W_2.1kWh,Amptek,AM-2501,2024-12-18,2025-01-10,2.1,34687,98.5,BMS-4.2,,,79.7,False
BAT-2W-103551,2W_2.1kWh,Cellora,CE-2502,2025-02-01,2025-02-15,2.1,30353,100.0,BMS-4.0,,,81.3,False
BAT-2W-103552,2W_2.1kWh,Cellora,CE-2404,2024-03-26,2024-04-19,2.1,30961,98.7,BMS-4.0,,,80.1,False
BAT-3W-103553,3W_4.8kWh,Cellora,CE-2409,2024-08-07,2024-09-18,4.8,70707,98.6,BMS-4.1,,,85.5,False
BAT-2W-103554,2W_2.1kWh,Amptek,AM-2503,2025-02-12,2025-03-14,2.1,31725,99.4,BMS-4.1,,,81.1,False
BAT-3W-103555,3W_4.8kWh,Cellora,CE-2406,2024-05-04,2024-06-22,4.8,65484,99.2,BMS-4.0,,,87.2,False
BAT-2W-103556,2W_2.1kWh,Cellora,CE-2404,2024-03-06,2024-04-07,2.1,33248,98.6,BMS-4.0,,,79.9,False
BAT-2W-103557,2W_2.1kWh,Cellora,CE-2311,2023-10-05,2023-11-09,2.1,32289,98.7,BMS-4.2,,,80.2,False
BAT-2W-103558,2W_2.1kWh,Cellora,CE-2402,2024-01-26,2024-02-29,2.1,32858,99.8,BMS-4.2,,,79.3,False
BAT-3W-103559,3W_4.8kWh,Cellora,CE-2306,2023-05-28,2023-06-10,4.8,67843,99.4,BMS-4.1,,,87.5,False
BAT-2W-103560,2W_2.1kWh,Cellora,CE-2304,2023-03-15,2023-04-27,2.1,31637,99.0,BMS-4.2,,,79.8,False
BAT-2W-103561,2W_2.1kWh,Cellora,CE-2409,2024-08-21,2024-09-20,2.1,32010,99.3,BMS-4.0,,,79.1,False
BAT-3W-103562,3W_4.8kWh,Kyron,KY-2414,2025-01-27,2025-02-10,4.8,67699,99.6,BMS-4.2,,,87.8,False
BAT-2W-103563,2W_2.1kWh,Cellora,CE-2310,2023-09-24,2023-10-24,2.1,30633,99.8,BMS-4.2,,,80.7,False
BAT-2W-103564,2W_2.1kWh,Cellora,CE-2412,2024-11-13,2024-12-04,2.1,31325,98.8,BMS-4.0,,,79.7,False
BAT-2W-103565,2W_2.1kWh,Cellora,CE-2404,2024-03-21,2024-04-15,2.1,31190,98.7,BMS-4.2,,,79.5,False
BAT-2W-103566,2W_2.1kWh,Cellora,CE-2307,2023-05-05,2023-07-03,2.1,34409,99.1,BMS-4.2,,,79.3,False
BAT-3W-103567,3W_4.8kWh,Cellora,CE-2409,2024-07-19,2024-09-09,4.8,64929,99.6,BMS-4.1,,,87.5,False
BAT-2W-103568,2W_2.1kWh,Kyron,KY-2409,2024-10-21,2024-11-22,2.1,30718,98.7,BMS-4.2,2025-06-15,end_of_life,60.4,False
BAT-3W-103569,3W_4.8kWh,Cellora,CE-2408,2024-07-21,2024-08-12,4.8,73606,99.0,BMS-4.1,,,87.2,False
BAT-2W-103570,2W_2.1kWh,Cellora,CE-2311,2023-10-21,2023-11-04,2.1,31094,99.7,BMS-4.2,,,81.0,False
BAT-2W-103571,2W_2.1kWh,Kyron,KY-2407,2024-08-27,2024-10-10,2.1,31696,98.7,BMS-4.1,2025-06-15,end_of_life,58.8,False
BAT-2W-103572,2W_2.1kWh,Cellora,CE-2404,2024-03-02,2024-04-05,2.1,30954,98.6,BMS-4.0,,,79.9,False
BAT-2W-103573,2W_2.1kWh,Kyron,KY-2407,2024-09-10,2024-10-04,2.1,32099,99.7,BMS-4.1,2025-06-15,end_of_life,64.4,False
BAT-2W-103574,2W_2.1kWh,Cellora,CE-2404,2024-03-21,2024-04-20,2.1,35386,99.1,BMS-4.1,,,81.9,False
BAT-2W-103575,2W_2.1kWh,Kyron,KY-2407,2024-08-26,2024-09-27,2.1,31283,98.7,BMS-4.0,2025-06-15,end_of_life,57.4,False
BAT-2W-103576,2W_2.1kWh,Cellora,CE-2401,2023-12-24,2024-01-15,2.1,30879,99.7,BMS-4.1,,,80.3,False
BAT-3W-103577,3W_4.8kWh,Cellora,CE-2501,2024-12-17,2025-01-06,4.8,69055,99.7,BMS-4.1,,,87.1,False
BAT-2W-103578,2W_2.1kWh,Amptek,AM-2411,2024-10-20,2024-11-02,2.1,31329,99.0,BMS-4.2,,,78.8,False
BAT-3W-103579,3W_4.8kWh,Cellora,CE-2406,2024-05-02,2024-06-30,4.8,65601,99.2,BMS-4.2,,,87.1,False
BAT-2W-103580,2W_2.1kWh,Cellora,CE-2411,2024-11-05,2024-11-26,2.1,30655,99.2,BMS-4.1,,,80.2,False
BAT-2W-103581,2W_2.1kWh,Cellora,CE-2404,2024-03-04,2024-04-22,2.1,32630,99.0,BMS-4.2,,,80.0,False
BAT-2W-103582,2W_2.1kWh,Cellora,CE-2505,2025-04-10,2025-05-04,2.1,31033,99.1,BMS-4.1,,,81.0,False
BAT-3W-103583,3W_4.8kWh,Kyron,KY-2414,2025-01-04,2025-02-16,4.8,69373,99.9,BMS-4.0,,,86.0,False
BAT-3W-103584,3W_4.8kWh,Cellora,CE-2412,2024-11-18,2024-12-14,4.8,71834,99.7,BMS-4.1,,,87.9,False
BAT-2W-103585,2W_2.1kWh,Kyron,KY-2408,2024-10-09,2024-11-06,2.1,29607,99.7,BMS-4.1,2025-06-15,end_of_life,63.3,False
BAT-3W-103586,3W_4.8kWh,Cellora,CE-2502,2025-01-28,2025-02-23,4.8,67489,99.3,BMS-4.0,,,86.2,False
BAT-2W-103587,2W_2.1kWh,Kyron,KY-2408,2024-09-21,2024-11-02,2.1,32071,99.5,BMS-4.2,2025-06-15,end_of_life,62.4,False
BAT-2W-103588,2W_2.1kWh,Amptek,AM-2501,2025-01-02,2025-01-29,2.1,31286,99.8,BMS-4.1,,,80.5,False
BAT-2W-103589,2W_2.1kWh,Kyron,KY-2408,2024-11-18,2024-11-30,2.1,32255,99.1,BMS-4.1,2025-06-15,end_of_life,59.2,False
BAT-2W-103590,2W_2.1kWh,Cellora,CE-2410,2024-09-28,2024-10-27,2.1,31915,99.5,BMS-4.1,,,80.3,False
BAT-2W-103591,2W_2.1kWh,Cellora,CE-2501,2024-12-12,2025-01-13,2.1,31941,99.5,BMS-4.1,,,80.7,False
BAT-2W-103592,2W_2.1kWh,Cellora,CE-2409,2024-08-01,2024-09-22,2.1,30672,100.0,BMS-4.0,,,80.9,False
BAT-3W-103593,3W_4.8kWh,Cellora,CE-2411,2024-10-18,2024-11-07,4.8,68895,99.1,BMS-4.1,,,85.6,False
BAT-2W-103594,2W_2.1kWh,Kyron,KY-2409,2024-09-12,2024-10-03,2.1,33355,99.1,BMS-4.2,2025-06-15,end_of_life,64.3,False
BAT-2W-103595,2W_2.1kWh,Cellora,CE-2407,2024-06-16,2024-07-26,2.1,32118,99.7,BMS-4.2,,,80.5,False
BAT-2W-103596,2W_2.1kWh,Cellora,CE-2305,2023-03-31,2023-05-17,2.1,29608,99.1,BMS-4.0,,,79.2,False
BAT-2W-103597,2W_2.1kWh,Cellora,CE-2303,2023-03-11,2023-03-31,2.1,31495,98.7,BMS-4.0,,,79.1,False
BAT-2W-103598,2W_2.1kWh,Cellora,CE-2503,2025-02-08,2025-03-08,2.1,31550,99.4,BMS-4.0,,,80.2,False
BAT-2W-103599,2W_2.1kWh,Cellora,CE-2410,2024-08-29,2024-10-17,2.1,29571,99.5,BMS-4.2,,,81.1,False
BAT-2W-103600,2W_2.1kWh,Cellora,CE-2307,2023-06-23,2023-07-05,2.1,32389,99.6,BMS-4.0,,,81.3,False
BAT-2W-103601,2W_2.1kWh,Cellora,CE-2409,2024-09-01,2024-09-19,2.1,31261,99.2,BMS-4.0,,,80.1,False
BAT-2W-103602,2W_2.1kWh,Amptek,AM-2404,2024-03-18,2024-04-17,2.1,30545,99.0,BMS-4.0,,,78.6,False
BAT-2W-103603,2W_2.1kWh,Amptek,AM-2408,2024-06-21,2024-08-05,2.1,33766,99.2,BMS-4.0,,,79.6,False
BAT-2W-103604,2W_2.1kWh,Cellora,CE-2402,2023-12-25,2024-02-09,2.1,32645,100.0,BMS-4.0,,,80.7,False
BAT-2W-103605,2W_2.1kWh,Cellora,CE-2406,2024-05-03,2024-06-22,2.1,32467,99.0,BMS-4.2,,,79.9,False
BAT-2W-103606,2W_2.1kWh,Cellora,CE-2407,2024-06-23,2024-07-18,2.1,30997,98.8,BMS-4.1,,,78.2,False
BAT-3W-103607,3W_4.8kWh,Cellora,CE-2503,2025-03-09,2025-03-20,4.8,67553,99.6,BMS-4.0,,,86.5,False
BAT-2W-103608,2W_2.1kWh,Amptek,AM-2505,2025-05-02,2025-05-14,2.1,33035,99.1,BMS-4.1,,,80.5,False
BAT-2W-103609,2W_2.1kWh,Cellora,CE-2411,2024-10-10,2024-11-29,2.1,31860,99.8,BMS-4.2,,,80.0,False
BAT-2W-103610,2W_2.1kWh,Kyron,KY-2407,2024-10-18,2024-11-12,2.1,31797,99.2,BMS-4.1,2025-06-15,end_of_life,62.1,False
BAT-2W-103611,2W_2.1kWh,Amptek,AM-2406,2024-06-14,2024-06-30,2.1,33369,99.9,BMS-4.2,,,79.5,False
BAT-2W-103612,2W_2.1kWh,Kyron,KY-2409,2024-09-03,2024-10-17,2.1,33666,99.1,BMS-4.2,2025-06-15,end_of_life,60.8,False
BAT-2W-103613,2W_2.1kWh,Amptek,AM-2501,2024-11-14,2025-01-08,2.1,31622,98.9,BMS-4.0,,,80.0,False
BAT-2W-103614,2W_2.1kWh,Amptek,AM-2411,2024-10-17,2024-11-01,2.1,30061,99.8,BMS-4.2,,,81.2,False
BAT-3W-103615,3W_4.8kWh,Kyron,KY-2408,2024-08-11,2024-08-30,4.8,69833,98.9,BMS-4.0,,,71.3,False
BAT-2W-103616,2W_2.1kWh,Amptek,AM-2412,2024-12-10,2024-12-25,2.1,31071,99.4,BMS-4.0,,,81.2,False
BAT-2W-103617,2W_2.1kWh,Cellora,CE-2308,2023-07-14,2023-08-25,2.1,31384,99.8,BMS-4.2,,,80.2,False
BAT-2W-103618,2W_2.1kWh,Kyron,KY-2408,2024-11-04,2024-11-17,2.1,32144,99.8,BMS-4.1,2025-06-15,end_of_life,61.1,False
BAT-2W-103619,2W_2.1kWh,Cellora,CE-2307,2023-07-08,2023-07-23,2.1,35062,99.9,BMS-4.2,,,80.2,False
BAT-2W-103620,2W_2.1kWh,Amptek,AM-2412,2024-10-15,2024-12-07,2.1,29305,99.6,BMS-4.2,,,79.9,False
BAT-2W-103621,2W_2.1kWh,Cellora,CE-2503,2025-02-14,2025-03-30,2.1,31518,99.2,BMS-4.0,,,81.3,False
BAT-2W-103622,2W_2.1kWh,Kyron,KY-2407,2024-09-15,2024-10-10,2.1,30901,99.4,BMS-4.1,2025-06-15,end_of_life,62.5,False
BAT-2W-103623,2W_2.1kWh,Kyron,KY-2408,2024-10-01,2024-11-13,2.1,31329,98.9,BMS-4.1,2025-06-15,end_of_life,60.5,False
BAT-3W-103624,3W_4.8kWh,Amptek,AM-2407,2024-06-08,2024-07-10,4.8,69954,99.0,BMS-4.1,,,86.9,False
BAT-3W-103625,3W_4.8kWh,Cellora,CE-2308,2023-07-16,2023-08-02,4.8,69166,98.9,BMS-4.2,,,87.7,False
BAT-2W-103626,2W_2.1kWh,Amptek,AM-2501,2025-01-14,2025-01-26,2.1,32095,98.9,BMS-4.0,,,80.6,False
BAT-2W-103627,2W_2.1kWh,Cellora,CE-2412,2024-11-04,2024-12-07,2.1,30838,99.5,BMS-4.2,,,80.0,False
BAT-3W-103628,3W_4.8kWh,Cellora,CE-2407,2024-06-21,2024-07-30,4.8,66738,99.3,BMS-4.2,,,86.4,False
BAT-2W-103629,2W_2.1kWh,Kyron,KY-2409,2024-09-05,2024-09-26,2.1,33272,98.8,BMS-4.2,2025-06-15,end_of_life,57.4,False
BAT-3W-103630,3W_4.8kWh,Amptek,AM-2505,2025-04-17,2025-05-14,4.8,69518,98.8,BMS-4.1,,,86.7,False
BAT-2W-103631,2W_2.1kWh,Cellora,CE-2405,2024-05-10,2024-05-31,2.1,33152,98.9,BMS-4.2,,,80.5,False
BAT-2W-103632,2W_2.1kWh,Amptek,AM-2501,2025-01-09,2025-01-27,2.1,31432,99.3,BMS-4.0,,,80.3,False
BAT-2W-103633,2W_2.1kWh,Amptek,AM-2409,2024-09-06,2024-09-22,2.1,30117,99.2,BMS-4.0,,,79.7,False
BAT-2W-103634,2W_2.1kWh,Cellora,CE-2309,2023-08-01,2023-09-23,2.1,31625,98.9,BMS-4.1,,,79.8,False
BAT-3W-103635,3W_4.8kWh,Cellora,CE-2406,2024-04-13,2024-06-02,4.8,68968,99.7,BMS-4.2,,,86.5,False
BAT-2W-103636,2W_2.1kWh,Cellora,CE-2407,2024-05-18,2024-07-05,2.1,32580,99.7,BMS-4.2,,,81.2,False
BAT-2W-103637,2W_2.1kWh,Cellora,CE-2404,2024-02-28,2024-04-25,2.1,32282,99.3,BMS-4.0,,,80.0,False
BAT-2W-103638,2W_2.1kWh,Cellora,CE-2403,2024-02-28,2024-03-23,2.1,31207,99.5,BMS-4.2,,,79.0,False
BAT-3W-103639,3W_4.8kWh,Cellora,CE-2409,2024-08-16,2024-09-29,4.8,70648,99.3,BMS-4.0,,,86.7,False
BAT-2W-103640,2W_2.1kWh,Amptek,AM-2404,2024-03-25,2024-04-30,2.1,32903,98.3,BMS-4.0,,,79.8,False
BAT-2W-103641,2W_2.1kWh,Kyron,KY-2407,2024-08-28,2024-09-16,2.1,32701,99.5,BMS-4.0,2025-06-15,end_of_life,59.4,False
BAT-2W-103642,2W_2.1kWh,Amptek,AM-2403,2024-01-21,2024-03-08,2.1,29232,98.8,BMS-4.2,,,80.5,False
BAT-2W-103643,2W_2.1kWh,Cellora,CE-2303,2023-02-25,2023-03-22,2.1,32903,98.7,BMS-4.0,,,79.4,False
BAT-2W-103644,2W_2.1kWh,Amptek,AM-2403,2024-02-18,2024-03-05,2.1,33180,98.8,BMS-4.2,,,81.3,False
BAT-2W-103645,2W_2.1kWh,Cellora,CE-2402,2024-01-25,2024-02-06,2.1,33462,98.9,BMS-4.2,,,80.1,False
BAT-2W-103646,2W_2.1kWh,Amptek,AM-2409,2024-07-30,2024-09-18,2.1,32627,99.1,BMS-4.1,,,79.1,False
BAT-2W-103647,2W_2.1kWh,Amptek,AM-2503,2025-03-06,2025-03-21,2.1,31876,99.3,BMS-4.1,,,80.2,False
BAT-2W-103648,2W_2.1kWh,Amptek,AM-2412,2024-11-12,2024-12-13,2.1,29817,99.4,BMS-4.1,,,79.5,False
BAT-2W-103649,2W_2.1kWh,Cellora,CE-2502,2025-01-01,2025-02-14,2.1,33313,99.3,BMS-4.1,,,81.7,False
BAT-3W-103650,3W_4.8kWh,Kyron,KY-2412,2024-11-29,2024-12-14,4.8,68632,99.4,BMS-4.0,,,86.5,False
BAT-2W-103651,2W_2.1kWh,Amptek,AM-2505,2025-04-11,2025-05-18,2.1,30580,99.3,BMS-4.2,,,80.0,False
BAT-2W-103652,2W_2.1kWh,Cellora,CE-2409,2024-09-19,2024-09-30,2.1,32226,98.7,BMS-4.2,,,79.2,False
BAT-2W-103653,2W_2.1kWh,Cellora,CE-2407,2024-06-19,2024-07-19,2.1,31325,99.4,BMS-4.0,,,81.8,False
BAT-2W-103654,2W_2.1kWh,Kyron,KY-2409,2024-08-29,2024-10-17,2.1,30840,99.5,BMS-4.1,2025-06-15,end_of_life,59.6,False
BAT-2W-103655,2W_2.1kWh,Cellora,CE-2410,2024-09-12,2024-10-03,2.1,28108,99.4,BMS-4.0,,,79.9,False
BAT-2W-103656,2W_2.1kWh,Cellora,CE-2405,2024-04-09,2024-05-17,2.1,33169,99.2,BMS-4.2,,,79.7,False
BAT-2W-103657,2W_2.1kWh,Amptek,AM-2403,2024-01-24,2024-03-10,2.1,33893,99.2,BMS-4.1,,,80.6,False
BAT-2W-103658,2W_2.1kWh,Cellora,CE-2412,2024-11-22,2024-12-14,2.1,32829,100.0,BMS-4.0,,,81.6,False
BAT-2W-103659,2W_2.1kWh,Kyron,KY-2407,2024-09-04,2024-10-01,2.1,31079,98.6,BMS-4.1,2025-06-15,end_of_life,59.2,False
BAT-2W-103660,2W_2.1kWh,Amptek,AM-2403,2024-01-21,2024-03-02,2.1,29869,98.7,BMS-4.0,,,80.0,False
BAT-2W-103661,2W_2.1kWh,Cellora,CE-2306,2023-05-29,2023-06-16,2.1,32333,99.5,BMS-4.0,,,79.3,False
BAT-2W-103662,2W_2.1kWh,Cellora,CE-2309,2023-08-27,2023-09-17,2.1,31629,99.0,BMS-4.0,,,80.1,False
BAT-2W-103663,2W_2.1kWh,Cellora,CE-2401,2023-12-08,2024-01-22,2.1,33514,99.5,BMS-4.0,,,80.0,False
BAT-2W-103664,2W_2.1kWh,Cellora,CE-2502,2025-01-27,2025-02-20,2.1,30331,99.8,BMS-4.0,,,79.8,False
BAT-2W-103665,2W_2.1kWh,Cellora,CE-2307,2023-07-07,2023-07-22,2.1,31924,99.5,BMS-4.2,,,80.4,False
BAT-3W-103666,3W_4.8kWh,Cellora,CE-2402,2024-01-22,2024-02-21,4.8,65660,98.9,BMS-4.0,,,85.7,False
BAT-2W-103667,2W_2.1kWh,Kyron,KY-2408,2024-09-03,2024-10-11,2.1,31105,100.0,BMS-4.1,2025-06-15,end_of_life,58.3,False
BAT-2W-103668,2W_2.1kWh,Kyron,KY-2409,2024-10-10,2024-11-17,2.1,30127,99.1,BMS-4.1,2025-06-15,end_of_life,58.9,False
BAT-2W-103669,2W_2.1kWh,Cellora,CE-2307,2023-06-23,2023-07-13,2.1,30219,99.3,BMS-4.2,,,79.9,False
BAT-2W-103670,2W_2.1kWh,Cellora,CE-2311,2023-10-07,2023-11-22,2.1,30385,98.6,BMS-4.2,,,80.3,False
BAT-2W-103671,2W_2.1kWh,Cellora,CE-2410,2024-08-29,2024-10-03,2.1,31617,99.5,BMS-4.2,,,81.1,False
BAT-2W-103672,2W_2.1kWh,Amptek,AM-2503,2025-02-14,2025-03-27,2.1,32444,99.7,BMS-4.2,,,79.9,False
BAT-2W-103673,2W_2.1kWh,Cellora,CE-2505,2025-04-19,2025-05-05,2.1,30882,99.1,BMS-4.0,,,79.6,False
BAT-3W-103674,3W_4.8kWh,Cellora,CE-2407,2024-05-19,2024-07-07,4.8,69377,99.3,BMS-4.1,,,85.9,False
BAT-2W-103675,2W_2.1kWh,Cellora,CE-2404,2024-03-28,2024-04-28,2.1,32180,98.9,BMS-4.2,,,80.1,False
BAT-2W-103676,2W_2.1kWh,Cellora,CE-2306,2023-05-17,2023-06-30,2.1,31320,99.3,BMS-4.0,,,80.6,False
BAT-2W-103677,2W_2.1kWh,Cellora,CE-2409,2024-08-30,2024-09-30,2.1,31145,98.5,BMS-4.2,,,80.1,False
BAT-3W-103678,3W_4.8kWh,Kyron,KY-2411,2024-09-24,2024-11-20,4.8,68688,99.8,BMS-4.1,,,86.4,False
BAT-3W-103679,3W_4.8kWh,Cellora,CE-2501,2024-12-08,2025-01-16,4.8,72440,99.8,BMS-4.1,,,88.1,False
BAT-2W-103680,2W_2.1kWh,Cellora,CE-2309,2023-09-12,2023-09-25,2.1,33438,99.1,BMS-4.0,,,80.2,False
BAT-2W-103681,2W_2.1kWh,Cellora,CE-2308,2023-07-22,2023-08-30,2.1,29755,98.4,BMS-4.1,,,79.3,False
BAT-2W-103682,2W_2.1kWh,Kyron,KY-2409,2024-09-16,2024-10-06,2.1,33213,100.0,BMS-4.0,2025-06-15,end_of_life,57.7,False
BAT-3W-103683,3W_4.8kWh,Kyron,KY-2414,2025-01-07,2025-02-28,4.8,66724,98.8,BMS-4.1,,,85.0,False
BAT-2W-103684,2W_2.1kWh,Kyron,KY-2408,2024-07-31,2024-09-14,2.1,32121,99.6,BMS-4.0,2025-06-15,end_of_life,62.3,False
BAT-2W-103685,2W_2.1kWh,Cellora,CE-2410,2024-10-11,2024-10-31,2.1,34298,99.1,BMS-4.0,,,79.2,False
BAT-3W-103686,3W_4.8kWh,Kyron,KY-2416,2025-02-02,2025-04-02,4.8,67825,98.9,BMS-4.0,,,86.6,False
BAT-2W-103687,2W_2.1kWh,Kyron,KY-2407,2024-10-19,2024-11-20,2.1,32508,99.1,BMS-4.0,2025-06-15,end_of_life,60.0,False
BAT-2W-103688,2W_2.1kWh,Cellora,CE-2401,2023-12-10,2024-01-08,2.1,31481,99.0,BMS-4.0,,,80.4,False
BAT-2W-103689,2W_2.1kWh,Cellora,CE-2307,2023-05-29,2023-07-25,2.1,33219,99.7,BMS-4.2,,,80.8,False
BAT-2W-103690,2W_2.1kWh,Cellora,CE-2402,2023-12-31,2024-02-10,2.1,32854,98.9,BMS-4.1,,,79.6,False
BAT-2W-103691,2W_2.1kWh,Cellora,CE-2306,2023-05-15,2023-06-09,2.1,33856,99.0,BMS-4.1,,,79.8,False
BAT-2W-103692,2W_2.1kWh,Cellora,CE-2402,2024-01-04,2024-02-24,2.1,30026,99.1,BMS-4.2,,,80.5,False
BAT-2W-103693,2W_2.1kWh,Amptek,AM-2502,2025-01-27,2025-02-15,2.1,32325,99.2,BMS-4.2,,,80.0,False
BAT-2W-103694,2W_2.1kWh,Kyron,KY-2409,2024-08-27,2024-10-12,2.1,32260,99.6,BMS-4.1,2025-06-15,end_of_life,62.1,False
BAT-2W-103695,2W_2.1kWh,Kyron,KY-2407,2024-09-18,2024-10-15,2.1,31328,99.0,BMS-4.1,2025-06-15,end_of_life,62.2,False
BAT-2W-103696,2W_2.1kWh,Cellora,CE-2405,2024-04-18,2024-05-06,2.1,33132,98.8,BMS-4.2,,,79.8,False
BAT-2W-103697,2W_2.1kWh,Cellora,CE-2311,2023-10-03,2023-11-03,2.1,30723,99.2,BMS-4.2,,,80.0,False
BAT-2W-103698,2W_2.1kWh,Cellora,CE-2409,2024-07-28,2024-09-18,2.1,32148,98.8,BMS-4.0,,,78.7,False
BAT-2W-103699,2W_2.1kWh,Cellora,CE-2312,2023-11-13,2023-12-12,2.1,33670,98.8,BMS-4.0,,,79.9,False
BAT-3W-103700,3W_4.8kWh,Cellora,CE-2409,2024-08-21,2024-09-10,4.8,65930,99.1,BMS-4.0,,,87.6,False
BAT-2W-103701,2W_2.1kWh,Cellora,CE-2308,2023-08-14,2023-08-29,2.1,33210,98.9,BMS-4.1,,,79.5,False
BAT-3W-103702,3W_4.8kWh,Kyron,KY-2414,2024-12-26,2025-02-20,4.8,67561,99.0,BMS-4.2,,,86.8,False
BAT-2W-103703,2W_2.1kWh,Cellora,CE-2406,2024-05-19,2024-06-24,2.1,33557,99.0,BMS-4.1,,,78.7,False
BAT-2W-103704,2W_2.1kWh,Kyron,KY-2407,2024-10-02,2024-10-22,2.1,31673,99.0,BMS-4.1,2025-06-15,end_of_life,61.2,False
BAT-2W-103705,2W_2.1kWh,Cellora,CE-2402,2024-01-25,2024-02-25,2.1,34707,99.4,BMS-4.1,,,81.1,False
BAT-2W-103706,2W_2.1kWh,Cellora,CE-2403,2024-03-08,2024-03-26,2.1,33356,98.5,BMS-4.0,,,79.8,False
BAT-2W-103707,2W_2.1kWh,Cellora,CE-2405,2024-03-31,2024-05-03,2.1,32914,99.4,BMS-4.0,,,81.1,False
BAT-2W-103708,2W_2.1kWh,Kyron,KY-2408,2024-08-18,2024-10-02,2.1,30993,99.6,BMS-4.2,2025-06-15,end_of_life,61.2,False
BAT-2W-103709,2W_2.1kWh,Amptek,AM-2503,2025-01-13,2025-03-12,2.1,33578,99.1,BMS-4.0,,,80.4,False
BAT-3W-103710,3W_4.8kWh,Kyron,KY-2408,2024-07-03,2024-08-16,4.8,71734,99.3,BMS-4.1,2025-06-15,end_of_life,68.1,False
BAT-2W-103711,2W_2.1kWh,Kyron,KY-2409,2024-09-04,2024-09-20,2.1,28921,98.8,BMS-4.2,2025-06-15,end_of_life,61.2,False
BAT-3W-103712,3W_4.8kWh,Amptek,AM-2504,2025-02-02,2025-04-01,4.8,69408,100.0,BMS-4.2,,,87.3,False
BAT-2W-103713,2W_2.1kWh,Kyron,KY-2409,2024-10-10,2024-11-05,2.1,32756,98.8,BMS-4.2,2025-06-15,end_of_life,61.6,False
BAT-2W-103714,2W_2.1kWh,Kyron,KY-2409,2024-09-07,2024-10-03,2.1,32474,98.9,BMS-4.2,2025-06-15,end_of_life,60.0,False
BAT-2W-103715,2W_2.1kWh,Kyron,KY-2407,2024-10-06,2024-11-19,2.1,32783,98.9,BMS-4.2,2025-06-15,end_of_life,60.5,False
BAT-2W-103716,2W_2.1kWh,Cellora,CE-2404,2024-02-18,2024-04-02,2.1,31440,99.2,BMS-4.2,,,79.7,False
BAT-3W-103717,3W_4.8kWh,Cellora,CE-2405,2024-03-21,2024-05-05,4.8,68767,98.3,BMS-4.2,,,85.9,False
BAT-2W-103718,2W_2.1kWh,Cellora,CE-2304,2023-03-13,2023-04-25,2.1,30788,99.3,BMS-4.2,,,80.3,False
BAT-2W-103719,2W_2.1kWh,Cellora,CE-2307,2023-07-07,2023-07-27,2.1,32966,99.1,BMS-4.0,,,80.9,False
BAT-3W-103720,3W_4.8kWh,Kyron,KY-2407,2024-05-14,2024-07-05,4.8,65324,99.4,BMS-4.1,,,70.6,False
BAT-3W-103721,3W_4.8kWh,Amptek,AM-2409,2024-08-25,2024-09-14,4.8,65898,99.5,BMS-4.0,,,87.6,False
BAT-3W-103722,3W_4.8kWh,Kyron,KY-2411,2024-09-28,2024-11-16,4.8,65433,99.6,BMS-4.0,,,86.5,False
BAT-2W-103723,2W_2.1kWh,Cellora,CE-2504,2025-02-26,2025-04-07,2.1,31392,99.1,BMS-4.0,,,80.1,False
BAT-2W-103724,2W_2.1kWh,Cellora,CE-2309,2023-08-15,2023-09-03,2.1,31918,99.0,BMS-4.1,,,79.6,False
BAT-2W-103725,2W_2.1kWh,Kyron,KY-2409,2024-09-02,2024-10-06,2.1,31913,99.6,BMS-4.0,2025-06-15,end_of_life,61.2,False
BAT-2W-103726,2W_2.1kWh,Kyron,KY-2409,2024-09-30,2024-10-18,2.1,33855,99.2,BMS-4.0,2025-06-15,end_of_life,59.4,False
BAT-2W-103727,2W_2.1kWh,Kyron,KY-2407,2024-08-15,2024-09-21,2.1,32319,98.8,BMS-4.2,2025-06-15,end_of_life,60.7,False
BAT-2W-103728,2W_2.1kWh,Kyron,KY-2408,2024-10-23,2024-11-12,2.1,29963,99.3,BMS-4.1,2025-06-15,end_of_life,59.8,False
BAT-3W-103729,3W_4.8kWh,Kyron,KY-2415,2025-02-12,2025-03-08,4.8,69841,99.2,BMS-4.2,,,85.8,False
BAT-2W-103730,2W_2.1kWh,Kyron,KY-2408,2024-09-15,2024-10-26,2.1,32497,99.7,BMS-4.2,2025-06-15,end_of_life,62.3,False
BAT-2W-103731,2W_2.1kWh,Cellora,CE-2502,2025-01-21,2025-02-03,2.1,33239,98.7,BMS-4.0,,,78.5,False
BAT-2W-103732,2W_2.1kWh,Cellora,CE-2501,2024-12-26,2025-01-16,2.1,30970,98.7,BMS-4.0,,,78.8,False
BAT-2W-103733,2W_2.1kWh,Kyron,KY-2407,2024-09-15,2024-10-16,2.1,31962,98.9,BMS-4.2,2025-06-15,end_of_life,61.7,False
BAT-3W-103734,3W_4.8kWh,Kyron,KY-2412,2024-10-12,2024-12-09,4.8,64649,99.7,BMS-4.0,,,87.5,False
BAT-3W-103735,3W_4.8kWh,Cellora,CE-2406,2024-05-03,2024-06-09,4.8,60331,98.8,BMS-4.0,,,86.0,False
BAT-2W-103736,2W_2.1kWh,Cellora,CE-2405,2024-03-15,2024-05-08,2.1,31222,98.9,BMS-4.2,,,77.2,False
BAT-2W-103737,2W_2.1kWh,Cellora,CE-2407,2024-06-17,2024-07-06,2.1,30774,99.4,BMS-4.0,,,80.0,False
BAT-2W-103738,2W_2.1kWh,Cellora,CE-2503,2025-01-23,2025-03-13,2.1,31056,98.8,BMS-4.1,,,79.8,False
BAT-2W-103739,2W_2.1kWh,Cellora,CE-2310,2023-10-05,2023-10-26,2.1,33087,99.0,BMS-4.2,,,80.6,False
BAT-2W-103740,2W_2.1kWh,Cellora,CE-2501,2024-12-01,2025-01-20,2.1,33212,99.7,BMS-4.0,,,81.0,False
BAT-2W-103741,2W_2.1kWh,Cellora,CE-2308,2023-07-22,2023-08-30,2.1,31182,99.1,BMS-4.0,,,80.4,False
BAT-2W-103742,2W_2.1kWh,Cellora,CE-2405,2024-04-27,2024-05-22,2.1,33647,99.3,BMS-4.0,,,79.1,False
BAT-2W-103743,2W_2.1kWh,Cellora,CE-2504,2025-03-13,2025-04-25,2.1,32578,99.2,BMS-4.0,,,80.3,False
BAT-2W-103744,2W_2.1kWh,Cellora,CE-2306,2023-06-03,2023-06-18,2.1,29959,99.8,BMS-4.2,,,80.5,False
BAT-2W-103745,2W_2.1kWh,Kyron,KY-2409,2024-10-02,2024-10-31,2.1,31346,99.0,BMS-4.0,2025-06-15,end_of_life,56.4,False
BAT-2W-103746,2W_2.1kWh,Kyron,KY-2407,2024-10-22,2024-11-29,2.1,33911,98.9,BMS-4.2,2025-06-15,end_of_life,57.6,False
BAT-2W-103747,2W_2.1kWh,Cellora,CE-2503,2025-02-18,2025-03-26,2.1,30812,98.6,BMS-4.2,,,79.9,False
BAT-2W-103748,2W_2.1kWh,Cellora,CE-2310,2023-09-05,2023-10-10,2.1,31470,99.6,BMS-4.2,,,81.7,False
BAT-2W-103749,2W_2.1kWh,Cellora,CE-2406,2024-05-19,2024-06-14,2.1,31395,99.4,BMS-4.1,,,80.1,False
BAT-2W-103750,2W_2.1kWh,Cellora,CE-2401,2023-12-23,2024-01-29,2.1,33010,98.7,BMS-4.2,,,77.9,False
BAT-2W-103751,2W_2.1kWh,Kyron,KY-2409,2024-08-20,2024-10-05,2.1,32630,99.2,BMS-4.1,2025-06-15,end_of_life,60.0,False
BAT-2W-103752,2W_2.1kWh,Amptek,AM-2403,2024-02-12,2024-03-10,2.1,33116,99.7,BMS-4.0,,,80.7,False
BAT-2W-103753,2W_2.1kWh,Amptek,AM-2405,2024-03-27,2024-05-16,2.1,31330,99.2,BMS-4.2,,,79.8,False
BAT-2W-103754,2W_2.1kWh,Amptek,AM-2501,2024-12-04,2025-01-26,2.1,31995,99.5,BMS-4.1,,,80.3,False
BAT-2W-103755,2W_2.1kWh,Kyron,KY-2407,2024-08-27,2024-10-03,2.1,34064,99.2,BMS-4.1,2025-06-15,end_of_life,59.8,False
BAT-2W-103756,2W_2.1kWh,Cellora,CE-2505,2025-05-10,2025-05-30,2.1,33043,99.4,BMS-4.1,,,79.6,False
BAT-3W-103757,3W_4.8kWh,Cellora,CE-2304,2023-02-28,2023-04-14,4.8,66051,98.8,BMS-4.2,,,85.7,False
BAT-2W-103758,2W_2.1kWh,Kyron,KY-2409,2024-10-14,2024-11-20,2.1,30689,98.8,BMS-4.1,2025-06-15,end_of_life,57.7,False
BAT-2W-103759,2W_2.1kWh,Cellora,CE-2312,2023-10-11,2023-12-06,2.1,32740,99.2,BMS-4.1,,,79.7,False
BAT-2W-103760,2W_2.1kWh,Cellora,CE-2407,2024-05-27,2024-07-19,2.1,32812,99.1,BMS-4.0,,,78.9,False
BAT-2W-103761,2W_2.1kWh,Cellora,CE-2503,2025-02-25,2025-03-11,2.1,32774,99.5,BMS-4.0,,,81.0,False
BAT-2W-103762,2W_2.1kWh,Kyron,KY-2407,2024-09-01,2024-10-05,2.1,30591,99.0,BMS-4.0,2025-06-15,end_of_life,61.9,False
BAT-2W-103763,2W_2.1kWh,Cellora,CE-2503,2025-02-12,2025-03-12,2.1,32509,99.2,BMS-4.0,,,79.9,False
BAT-2W-103764,2W_2.1kWh,Cellora,CE-2411,2024-09-18,2024-11-11,2.1,30018,99.0,BMS-4.0,,,80.2,False
BAT-2W-103765,2W_2.1kWh,Cellora,CE-2402,2023-12-17,2024-02-03,2.1,32817,99.1,BMS-4.0,,,79.7,False
BAT-2W-103766,2W_2.1kWh,Kyron,KY-2408,2024-10-17,2024-10-29,2.1,31508,99.8,BMS-4.2,2025-06-15,end_of_life,62.1,False
BAT-2W-103767,2W_2.1kWh,Kyron,KY-2408,2024-09-25,2024-11-09,2.1,31986,99.5,BMS-4.1,2025-06-15,end_of_life,62.1,False
BAT-2W-103768,2W_2.1kWh,Cellora,CE-2406,2024-05-13,2024-06-02,2.1,32581,99.0,BMS-4.1,,,79.3,False
BAT-2W-103769,2W_2.1kWh,Amptek,AM-2408,2024-07-14,2024-08-03,2.1,32810,98.7,BMS-4.0,,,79.9,False
BAT-2W-103770,2W_2.1kWh,Amptek,AM-2504,2025-03-14,2025-04-17,2.1,32650,98.6,BMS-4.2,,,78.9,False
BAT-2W-103771,2W_2.1kWh,Cellora,CE-2304,2023-03-12,2023-04-08,2.1,31971,99.0,BMS-4.1,,,80.1,False
BAT-2W-103772,2W_2.1kWh,Cellora,CE-2405,2024-04-23,2024-05-04,2.1,32124,98.9,BMS-4.0,,,80.1,False
BAT-2W-103773,2W_2.1kWh,Cellora,CE-2501,2024-12-20,2025-01-30,2.1,33908,100.0,BMS-4.0,,,80.4,False
BAT-2W-103774,2W_2.1kWh,Amptek,AM-2403,2024-02-05,2024-03-28,2.1,31147,98.9,BMS-4.0,,,79.7,False
BAT-2W-103775,2W_2.1kWh,Kyron,KY-2407,2024-10-15,2024-11-06,2.1,30982,99.2,BMS-4.2,2025-06-15,end_of_life,60.5,False
BAT-2W-103776,2W_2.1kWh,Amptek,AM-2403,2024-01-21,2024-03-02,2.1,33123,99.1,BMS-4.2,,,77.4,False
BAT-2W-103777,2W_2.1kWh,Amptek,AM-2502,2024-12-30,2025-02-18,2.1,32739,99.2,BMS-4.0,,,80.3,False
BAT-2W-103778,2W_2.1kWh,Cellora,CE-2309,2023-08-17,2023-09-09,2.1,31641,99.8,BMS-4.1,,,80.7,False
BAT-2W-103779,2W_2.1kWh,Kyron,KY-2409,2024-08-14,2024-09-19,2.1,31704,99.4,BMS-4.1,2025-06-15,end_of_life,64.1,False
BAT-2W-103780,2W_2.1kWh,Cellora,CE-2310,2023-09-03,2023-10-18,2.1,30857,99.0,BMS-4.1,,,80.6,False
BAT-2W-103781,2W_2.1kWh,Kyron,KY-2408,2024-10-28,2024-11-22,2.1,30505,99.3,BMS-4.0,2025-06-15,end_of_life,60.3,False
BAT-2W-103782,2W_2.1kWh,Cellora,CE-2405,2024-04-04,2024-05-27,2.1,31487,99.6,BMS-4.0,,,80.0,False
BAT-2W-103783,2W_2.1kWh,Cellora,CE-2504,2025-02-06,2025-04-05,2.1,30863,98.2,BMS-4.2,,,78.7,False
BAT-2W-103784,2W_2.1kWh,Cellora,CE-2310,2023-09-04,2023-10-10,2.1,32165,99.4,BMS-4.0,,,80.0,False
BAT-2W-103785,2W_2.1kWh,Kyron,KY-2408,2024-09-26,2024-11-06,2.1,31355,99.4,BMS-4.0,2025-06-15,end_of_life,60.7,False
BAT-2W-103786,2W_2.1kWh,Kyron,KY-2407,2024-10-16,2024-11-03,2.1,33695,99.2,BMS-4.2,2025-06-15,end_of_life,61.4,False
BAT-2W-103787,2W_2.1kWh,Kyron,KY-2408,2024-08-17,2024-10-01,2.1,31174,99.5,BMS-4.2,2025-06-15,end_of_life,63.6,False
BAT-3W-103788,3W_4.8kWh,Cellora,CE-2410,2024-09-15,2024-10-24,4.8,65823,99.1,BMS-4.0,,,85.5,False
BAT-2W-103789,2W_2.1kWh,Cellora,CE-2405,2024-04-04,2024-05-09,2.1,32990,99.5,BMS-4.2,,,81.0,False
BAT-2W-103790,2W_2.1kWh,Kyron,KY-2408,2024-09-25,2024-11-12,2.1,29667,99.4,BMS-4.2,2025-06-15,end_of_life,64.1,False
BAT-2W-103791,2W_2.1kWh,Amptek,AM-2405,2024-03-19,2024-05-07,2.1,32329,98.9,BMS-4.1,,,78.0,False
BAT-2W-103792,2W_2.1kWh,Cellora,CE-2411,2024-09-19,2024-11-09,2.1,33746,99.6,BMS-4.2,,,81.1,False
BAT-2W-103793,2W_2.1kWh,Cellora,CE-2501,2024-11-27,2025-01-16,2.1,31957,99.5,BMS-4.1,,,79.4,False
BAT-2W-103794,2W_2.1kWh,Cellora,CE-2308,2023-07-29,2023-08-14,2.1,33677,99.2,BMS-4.2,,,79.1,False
BAT-2W-103795,2W_2.1kWh,Kyron,KY-2408,2024-08-17,2024-09-24,2.1,31633,99.6,BMS-4.1,2025-06-15,end_of_life,61.5,False
BAT-2W-103796,2W_2.1kWh,Amptek,AM-2406,2024-04-27,2024-06-01,2.1,30187,100.0,BMS-4.0,,,79.8,False
BAT-2W-103797,2W_2.1kWh,Kyron,KY-2407,2024-09-13,2024-10-15,2.1,34412,98.7,BMS-4.2,2025-06-15,end_of_life,60.0,False
BAT-2W-103798,2W_2.1kWh,Cellora,CE-2312,2023-10-24,2023-12-11,2.1,33183,99.0,BMS-4.1,,,79.7,False
BAT-2W-103799,2W_2.1kWh,Kyron,KY-2408,2024-09-16,2024-10-13,2.1,34176,99.2,BMS-4.2,2025-06-15,end_of_life,62.1,False
BAT-2W-103800,2W_2.1kWh,Kyron,KY-2407,2024-09-14,2024-10-28,2.1,29112,100.0,BMS-4.2,2025-06-15,end_of_life,60.3,False
BAT-2W-103801,2W_2.1kWh,Cellora,CE-2403,2024-01-29,2024-03-19,2.1,33874,99.1,BMS-4.1,,,81.3,False
BAT-2W-103802,2W_2.1kWh,Cellora,CE-2403,2024-02-16,2024-03-26,2.1,29863,99.8,BMS-4.0,,,79.3,False
BAT-2W-103803,2W_2.1kWh,Cellora,CE-2504,2025-04-17,2025-04-30,2.1,32260,98.8,BMS-4.0,,,78.8,False
BAT-2W-103804,2W_2.1kWh,Amptek,AM-2506,2025-05-28,2025-06-14,2.1,34822,99.3,BMS-4.0,,,80.7,False
BAT-2W-103805,2W_2.1kWh,Cellora,CE-2311,2023-10-11,2023-11-20,2.1,32320,99.6,BMS-4.1,,,80.8,False
BAT-2W-103806,2W_2.1kWh,Cellora,CE-2501,2024-12-23,2025-01-27,2.1,31774,99.5,BMS-4.0,,,79.5,False
BAT-2W-103807,2W_2.1kWh,Cellora,CE-2408,2024-07-08,2024-08-13,2.1,30822,98.5,BMS-4.1,,,80.4,False
BAT-2W-103808,2W_2.1kWh,Kyron,KY-2407,2024-07-31,2024-09-10,2.1,33253,100.0,BMS-4.1,2025-06-15,end_of_life,61.4,False
BAT-2W-103809,2W_2.1kWh,Cellora,CE-2402,2024-01-10,2024-02-25,2.1,31805,98.8,BMS-4.2,,,80.9,False
BAT-3W-103810,3W_4.8kWh,Cellora,CE-2407,2024-06-09,2024-07-25,4.8,69842,99.3,BMS-4.1,,,85.9,False
BAT-2W-103811,2W_2.1kWh,Cellora,CE-2501,2024-12-01,2025-01-08,2.1,30551,99.7,BMS-4.0,,,80.8,False
BAT-3W-103812,3W_4.8kWh,Amptek,AM-2403,2024-02-12,2024-03-24,4.8,66701,99.6,BMS-4.1,,,87.4,False
BAT-2W-103813,2W_2.1kWh,Amptek,AM-2406,2024-05-22,2024-06-30,2.1,34529,98.9,BMS-4.1,,,79.6,False
BAT-2W-103814,2W_2.1kWh,Cellora,CE-2406,2024-05-25,2024-06-28,2.1,33244,100.0,BMS-4.0,,,80.3,False
BAT-3W-103815,3W_4.8kWh,Cellora,CE-2407,2024-05-19,2024-07-04,4.8,66879,99.2,BMS-4.0,,,86.4,False
BAT-2W-103816,2W_2.1kWh,Cellora,CE-2306,2023-05-14,2023-06-29,2.1,33440,99.2,BMS-4.0,,,79.4,False
BAT-2W-103817,2W_2.1kWh,Cellora,CE-2406,2024-04-21,2024-06-17,2.1,32193,99.7,BMS-4.2,,,81.8,False
BAT-3W-103818,3W_4.8kWh,Cellora,CE-2504,2025-03-13,2025-04-11,4.8,70628,99.5,BMS-4.2,,,88.3,False
BAT-2W-103819,2W_2.1kWh,Cellora,CE-2406,2024-05-14,2024-06-27,2.1,31927,99.0,BMS-4.2,,,79.2,False
BAT-2W-103820,2W_2.1kWh,Cellora,CE-2412,2024-11-01,2024-12-07,2.1,33357,99.2,BMS-4.0,,,80.7,False
BAT-2W-103821,2W_2.1kWh,Amptek,AM-2409,2024-07-25,2024-09-21,2.1,33521,99.0,BMS-4.0,,,79.9,False
BAT-2W-103822,2W_2.1kWh,Kyron,KY-2409,2024-09-22,2024-10-21,2.1,33231,99.8,BMS-4.0,2025-06-15,end_of_life,61.8,False
BAT-2W-103823,2W_2.1kWh,Kyron,KY-2409,2024-10-17,2024-10-29,2.1,32931,98.9,BMS-4.1,2025-06-15,end_of_life,65.5,False
BAT-3W-103824,3W_4.8kWh,Cellora,CE-2401,2023-11-20,2024-01-14,4.8,66608,99.3,BMS-4.1,,,87.3,False
BAT-2W-103825,2W_2.1kWh,Amptek,AM-2409,2024-07-30,2024-09-03,2.1,32217,99.3,BMS-4.1,,,80.8,False
BAT-2W-103826,2W_2.1kWh,Amptek,AM-2404,2024-04-09,2024-04-29,2.1,32264,99.0,BMS-4.2,,,80.2,False
BAT-2W-103827,2W_2.1kWh,Cellora,CE-2410,2024-09-24,2024-10-15,2.1,32406,99.0,BMS-4.0,,,79.0,False
BAT-3W-103828,3W_4.8kWh,Kyron,KY-2412,2024-11-08,2024-12-28,4.8,72398,99.3,BMS-4.1,,,87.1,False
BAT-2W-103829,2W_2.1kWh,Cellora,CE-2409,2024-08-06,2024-09-18,2.1,30944,99.4,BMS-4.2,,,81.0,False
BAT-2W-103830,2W_2.1kWh,Cellora,CE-2304,2023-03-22,2023-04-06,2.1,31524,98.5,BMS-4.2,,,79.8,False
BAT-2W-103831,2W_2.1kWh,Amptek,AM-2501,2024-12-31,2025-01-22,2.1,31675,98.6,BMS-4.2,,,79.9,False
BAT-2W-103832,2W_2.1kWh,Kyron,KY-2408,2024-08-15,2024-09-12,2.1,32336,99.2,BMS-4.2,2025-06-15,end_of_life,59.1,False
BAT-2W-103833,2W_2.1kWh,Cellora,CE-2412,2024-11-05,2024-12-22,2.1,32695,99.2,BMS-4.0,,,79.1,False
BAT-2W-103834,2W_2.1kWh,Cellora,CE-2401,2023-11-22,2024-01-06,2.1,30962,99.6,BMS-4.2,,,80.1,False
BAT-2W-103835,2W_2.1kWh,Cellora,CE-2308,2023-08-04,2023-08-20,2.1,33011,98.6,BMS-4.2,,,78.1,False
BAT-3W-103836,3W_4.8kWh,Cellora,CE-2505,2025-04-25,2025-05-12,4.8,70206,99.2,BMS-4.2,,,87.5,False
BAT-2W-103837,2W_2.1kWh,Amptek,AM-2407,2024-06-12,2024-07-13,2.1,31336,99.8,BMS-4.2,,,80.8,False
BAT-3W-103838,3W_4.8kWh,Kyron,KY-2408,2024-07-21,2024-08-13,4.8,72420,99.7,BMS-4.0,,,70.7,False
BAT-2W-103839,2W_2.1kWh,Cellora,CE-2310,2023-09-01,2023-10-12,2.1,31294,99.5,BMS-4.0,,,80.3,False
BAT-2W-103840,2W_2.1kWh,Amptek,AM-2412,2024-11-21,2024-12-23,2.1,32989,99.4,BMS-4.0,,,80.8,False
BAT-3W-103841,3W_4.8kWh,Amptek,AM-2407,2024-06-28,2024-07-22,4.8,71153,99.7,BMS-4.1,,,87.7,False
BAT-2W-103842,2W_2.1kWh,Kyron,KY-2409,2024-08-07,2024-09-16,2.1,32582,99.3,BMS-4.0,2025-06-15,end_of_life,62.4,False
BAT-2W-103843,2W_2.1kWh,Cellora,CE-2504,2025-03-23,2025-04-17,2.1,32458,99.1,BMS-4.1,,,80.2,False
BAT-2W-103844,2W_2.1kWh,Kyron,KY-2407,2024-09-19,2024-10-05,2.1,31954,99.0,BMS-4.0,2025-06-15,end_of_life,60.8,False
BAT-2W-103845,2W_2.1kWh,Amptek,AM-2408,2024-07-02,2024-08-27,2.1,32380,98.7,BMS-4.1,,,79.7,False
BAT-2W-103846,2W_2.1kWh,Kyron,KY-2409,2024-08-28,2024-09-19,2.1,33660,98.9,BMS-4.1,2025-06-15,end_of_life,58.9,False
BAT-2W-103847,2W_2.1kWh,Cellora,CE-2309,2023-09-11,2023-09-25,2.1,30458,99.2,BMS-4.0,,,81.1,False
BAT-2W-103848,2W_2.1kWh,Amptek,AM-2409,2024-08-26,2024-09-13,2.1,32003,99.0,BMS-4.0,,,79.7,False
BAT-2W-103849,2W_2.1kWh,Kyron,KY-2407,2024-08-21,2024-09-14,2.1,32478,99.3,BMS-4.0,2025-06-15,end_of_life,59.6,False
BAT-2W-103850,2W_2.1kWh,Amptek,AM-2412,2024-11-19,2024-12-14,2.1,32415,99.3,BMS-4.0,,,79.3,False
BAT-2W-103851,2W_2.1kWh,Cellora,CE-2505,2025-04-06,2025-05-27,2.1,33197,99.3,BMS-4.2,,,79.0,False
BAT-2W-103852,2W_2.1kWh,Kyron,KY-2407,2024-10-12,2024-11-22,2.1,32848,99.0,BMS-4.0,2025-06-15,end_of_life,59.8,False
BAT-2W-103853,2W_2.1kWh,Kyron,KY-2407,2024-10-17,2024-11-11,2.1,31402,99.0,BMS-4.2,2025-06-15,end_of_life,60.4,False
BAT-3W-103854,3W_4.8kWh,Amptek,AM-2409,2024-07-10,2024-09-02,4.8,66167,98.7,BMS-4.1,,,85.4,False
BAT-2W-103855,2W_2.1kWh,Cellora,CE-2303,2023-02-10,2023-03-21,2.1,32005,99.2,BMS-4.1,,,79.4,False
BAT-2W-103856,2W_2.1kWh,Cellora,CE-2410,2024-08-26,2024-10-18,2.1,30947,99.2,BMS-4.0,,,81.0,False
BAT-2W-103857,2W_2.1kWh,Amptek,AM-2408,2024-07-21,2024-08-23,2.1,33396,100.0,BMS-4.2,,,80.3,False
BAT-2W-103858,2W_2.1kWh,Amptek,AM-2409,2024-08-17,2024-09-19,2.1,34373,98.9,BMS-4.1,,,79.7,False
BAT-2W-103859,2W_2.1kWh,Kyron,KY-2408,2024-09-17,2024-10-19,2.1,33986,99.3,BMS-4.0,2025-06-15,end_of_life,59.3,False
BAT-2W-103860,2W_2.1kWh,Cellora,CE-2403,2024-02-13,2024-03-01,2.1,30872,99.7,BMS-4.2,,,81.7,False
BAT-2W-103861,2W_2.1kWh,Amptek,AM-2501,2024-12-08,2025-01-03,2.1,31310,99.4,BMS-4.2,,,78.8,False
BAT-2W-103862,2W_2.1kWh,Amptek,AM-2406,2024-05-18,2024-06-21,2.1,30819,98.7,BMS-4.2,,,79.3,False
BAT-2W-103863,2W_2.1kWh,Kyron,KY-2407,2024-10-05,2024-11-16,2.1,33049,99.8,BMS-4.1,2025-06-15,end_of_life,61.3,False
BAT-2W-103864,2W_2.1kWh,Cellora,CE-2303,2023-02-08,2023-03-24,2.1,32271,99.5,BMS-4.2,,,78.5,False
BAT-2W-103865,2W_2.1kWh,Cellora,CE-2401,2023-11-07,2024-01-01,2.1,31989,99.1,BMS-4.0,,,79.4,False
BAT-3W-103866,3W_4.8kWh,Cellora,CE-2409,2024-08-19,2024-09-29,4.8,64581,98.9,BMS-4.2,,,86.2,False
BAT-2W-103867,2W_2.1kWh,Cellora,CE-2309,2023-08-01,2023-09-20,2.1,34156,98.8,BMS-4.1,,,80.7,False
BAT-2W-103868,2W_2.1kWh,Cellora,CE-2306,2023-04-17,2023-06-15,2.1,33456,99.3,BMS-4.1,,,78.9,False
BAT-2W-103869,2W_2.1kWh,Cellora,CE-2410,2024-09-17,2024-10-07,2.1,31880,98.5,BMS-4.0,,,79.3,False
BAT-2W-103870,2W_2.1kWh,Cellora,CE-2307,2023-05-11,2023-07-05,2.1,32246,99.6,BMS-4.1,,,80.9,False
BAT-2W-103871,2W_2.1kWh,Amptek,AM-2412,2024-10-24,2024-12-11,2.1,32057,99.6,BMS-4.1,,,80.4,False
BAT-2W-103872,2W_2.1kWh,Kyron,KY-2408,2024-11-04,2024-11-18,2.1,28702,99.6,BMS-4.0,2025-06-15,end_of_life,60.5,False
BAT-2W-103873,2W_2.1kWh,Kyron,KY-2408,2024-11-05,2024-11-18,2.1,33096,99.3,BMS-4.0,2025-06-15,end_of_life,60.2,False
BAT-2W-103874,2W_2.1kWh,Cellora,CE-2311,2023-09-28,2023-11-23,2.1,30170,100.0,BMS-4.0,,,80.7,False
BAT-3W-103875,3W_4.8kWh,Kyron,KY-2409,2024-08-30,2024-09-15,4.8,64311,99.2,BMS-4.0,,,72.0,False
BAT-2W-103876,2W_2.1kWh,Cellora,CE-2405,2024-04-04,2024-05-15,2.1,32889,98.9,BMS-4.2,,,79.2,False
BAT-2W-103877,2W_2.1kWh,Cellora,CE-2407,2024-05-13,2024-07-09,2.1,31484,98.8,BMS-4.2,,,79.6,False
BAT-2W-103878,2W_2.1kWh,Kyron,KY-2407,2024-09-11,2024-10-13,2.1,32020,98.9,BMS-4.0,2025-06-15,end_of_life,60.3,False
BAT-2W-103879,2W_2.1kWh,Cellora,CE-2311,2023-10-13,2023-11-18,2.1,33524,99.2,BMS-4.0,,,80.7,False
BAT-3W-103880,3W_4.8kWh,Cellora,CE-2504,2025-03-09,2025-04-06,4.8,70484,98.9,BMS-4.0,,,86.9,False
BAT-2W-103881,2W_2.1kWh,Cellora,CE-2312,2023-11-29,2023-12-14,2.1,29960,98.9,BMS-4.0,,,80.7,False
BAT-3W-103882,3W_4.8kWh,Amptek,AM-2411,2024-11-15,2024-11-29,4.8,65914,98.9,BMS-4.2,,,86.7,False
BAT-2W-103883,2W_2.1kWh,Amptek,AM-2405,2024-04-18,2024-05-01,2.1,31660,98.8,BMS-4.0,,,81.4,False
BAT-3W-103884,3W_4.8kWh,Cellora,CE-2502,2025-01-07,2025-02-23,4.8,68915,98.9,BMS-4.2,,,86.4,False
BAT-2W-103885,2W_2.1kWh,Kyron,KY-2407,2024-11-13,2024-11-25,2.1,32340,99.6,BMS-4.2,2025-06-15,end_of_life,62.4,False
BAT-2W-103886,2W_2.1kWh,Cellora,CE-2503,2025-02-08,2025-03-11,2.1,32606,99.2,BMS-4.0,,,81.6,False
BAT-2W-103887,2W_2.1kWh,Kyron,KY-2408,2024-10-19,2024-11-07,2.1,31983,98.8,BMS-4.0,2025-06-15,end_of_life,59.5,False
BAT-2W-103888,2W_2.1kWh,Kyron,KY-2409,2024-11-01,2024-11-13,2.1,30909,98.9,BMS-4.0,2025-06-15,end_of_life,59.5,False
BAT-2W-103889,2W_2.1kWh,Amptek,AM-2407,2024-06-20,2024-07-28,2.1,32989,99.2,BMS-4.1,,,78.2,False
BAT-3W-103890,3W_4.8kWh,Amptek,AM-2411,2024-09-11,2024-11-06,4.8,67738,99.4,BMS-4.1,,,87.0,False
BAT-2W-103891,2W_2.1kWh,Amptek,AM-2410,2024-10-07,2024-10-19,2.1,31827,99.0,BMS-4.1,,,79.0,False
BAT-2W-103892,2W_2.1kWh,Kyron,KY-2408,2024-11-14,2024-11-25,2.1,33154,98.8,BMS-4.2,2025-06-15,end_of_life,57.6,False
BAT-2W-103893,2W_2.1kWh,Cellora,CE-2411,2024-10-03,2024-11-23,2.1,31437,98.1,BMS-4.1,,,78.7,False
BAT-2W-103894,2W_2.1kWh,Kyron,KY-2409,2024-09-19,2024-11-04,2.1,30946,99.0,BMS-4.0,2025-06-15,end_of_life,57.2,False
BAT-2W-103895,2W_2.1kWh,Cellora,CE-2408,2024-06-26,2024-08-05,2.1,32778,99.6,BMS-4.0,,,79.7,False
BAT-2W-103896,2W_2.1kWh,Kyron,KY-2409,2024-09-06,2024-09-21,2.1,30638,98.5,BMS-4.0,2025-06-15,end_of_life,61.5,False
BAT-2W-103897,2W_2.1kWh,Cellora,CE-2406,2024-04-17,2024-06-07,2.1,32427,99.9,BMS-4.2,,,80.3,False
BAT-2W-103898,2W_2.1kWh,Amptek,AM-2405,2024-04-16,2024-05-19,2.1,32579,98.9,BMS-4.0,,,80.4,False
BAT-2W-103899,2W_2.1kWh,Cellora,CE-2405,2024-03-12,2024-05-08,2.1,30865,99.0,BMS-4.1,,,81.4,False
BAT-2W-103900,2W_2.1kWh,Kyron,KY-2409,2024-08-16,2024-09-14,2.1,31946,99.6,BMS-4.1,2025-06-15,end_of_life,60.4,False
BAT-2W-103901,2W_2.1kWh,Amptek,AM-2405,2024-04-29,2024-05-30,2.1,33188,98.6,BMS-4.1,,,80.2,False
BAT-2W-103902,2W_2.1kWh,Cellora,CE-2306,2023-05-03,2023-06-09,2.1,33540,99.0,BMS-4.1,,,80.7,False
BAT-2W-103903,2W_2.1kWh,Cellora,CE-2401,2023-12-29,2024-01-08,2.1,31140,99.3,BMS-4.2,,,79.2,False
BAT-2W-103904,2W_2.1kWh,Cellora,CE-2304,2023-03-30,2023-04-18,2.1,31841,98.9,BMS-4.1,,,79.1,False
BAT-3W-103905,3W_4.8kWh,Kyron,KY-2416,2025-02-04,2025-04-01,4.8,67583,99.3,BMS-4.0,,,87.9,False
BAT-2W-103906,2W_2.1kWh,Cellora,CE-2410,2024-10-06,2024-10-27,2.1,33289,98.7,BMS-4.0,,,79.4,False
BAT-2W-103907,2W_2.1kWh,Cellora,CE-2401,2023-12-23,2024-01-27,2.1,33035,99.4,BMS-4.0,,,81.5,False
BAT-3W-103908,3W_4.8kWh,Kyron,KY-2410,2024-08-23,2024-10-03,4.8,73687,99.6,BMS-4.2,,,86.3,False
BAT-3W-103909,3W_4.8kWh,Kyron,KY-2418,2025-05-17,2025-06-12,4.8,68437,99.0,BMS-4.0,,,86.9,False
BAT-2W-103910,2W_2.1kWh,Cellora,CE-2504,2025-03-07,2025-04-12,2.1,30787,100.0,BMS-4.2,,,79.0,False
BAT-2W-103911,2W_2.1kWh,Amptek,AM-2408,2024-06-27,2024-08-12,2.1,30079,99.2,BMS-4.2,,,80.0,False
BAT-2W-103912,2W_2.1kWh,Kyron,KY-2408,2024-08-21,2024-09-15,2.1,32550,99.7,BMS-4.1,2025-06-15,end_of_life,62.0,False
BAT-2W-103913,2W_2.1kWh,Cellora,CE-2304,2023-03-09,2023-04-03,2.1,33226,99.1,BMS-4.2,,,79.8,False
BAT-2W-103914,2W_2.1kWh,Cellora,CE-2405,2024-03-31,2024-05-07,2.1,31807,99.1,BMS-4.1,,,79.7,False
BAT-2W-103915,2W_2.1kWh,Cellora,CE-2305,2023-04-06,2023-05-05,2.1,32595,99.0,BMS-4.1,,,79.8,False
BAT-2W-103916,2W_2.1kWh,Kyron,KY-2407,2024-10-29,2024-11-28,2.1,30327,99.0,BMS-4.1,2025-06-15,end_of_life,59.7,False
BAT-3W-103917,3W_4.8kWh,Cellora,CE-2407,2024-05-11,2024-07-09,4.8,70515,99.5,BMS-4.1,,,87.5,False
BAT-2W-103918,2W_2.1kWh,Cellora,CE-2405,2024-05-07,2024-05-25,2.1,31185,99.6,BMS-4.0,,,81.1,False
BAT-2W-103919,2W_2.1kWh,Cellora,CE-2407,2024-06-19,2024-07-14,2.1,34765,98.7,BMS-4.0,,,78.5,False
BAT-2W-103920,2W_2.1kWh,Kyron,KY-2408,2024-09-09,2024-10-02,2.1,32686,99.4,BMS-4.0,2025-06-15,end_of_life,59.0,False
BAT-2W-103921,2W_2.1kWh,Amptek,AM-2505,2025-03-28,2025-05-11,2.1,31128,99.2,BMS-4.2,,,78.8,False
BAT-2W-103922,2W_2.1kWh,Cellora,CE-2406,2024-05-14,2024-06-08,2.1,32539,99.4,BMS-4.2,,,81.5,False
BAT-2W-103923,2W_2.1kWh,Cellora,CE-2309,2023-08-30,2023-09-23,2.1,33110,98.9,BMS-4.1,,,80.6,False
BAT-3W-103924,3W_4.8kWh,Amptek,AM-2409,2024-09-02,2024-09-27,4.8,67910,99.1,BMS-4.1,,,86.4,False
BAT-3W-103925,3W_4.8kWh,Cellora,CE-2405,2024-04-24,2024-05-21,4.8,69500,99.1,BMS-4.2,,,85.4,False
BAT-2W-103926,2W_2.1kWh,Cellora,CE-2311,2023-10-09,2023-11-13,2.1,32184,98.7,BMS-4.1,,,79.2,False
BAT-2W-103927,2W_2.1kWh,Kyron,KY-2408,2024-09-14,2024-10-02,2.1,33424,99.8,BMS-4.2,2025-06-15,end_of_life,63.1,False
BAT-2W-103928,2W_2.1kWh,Cellora,CE-2310,2023-10-02,2023-10-13,2.1,34408,99.1,BMS-4.1,,,79.2,False
BAT-2W-103929,2W_2.1kWh,Kyron,KY-2408,2024-10-24,2024-11-07,2.1,34116,99.2,BMS-4.0,2025-06-15,end_of_life,59.0,False
BAT-2W-103930,2W_2.1kWh,Amptek,AM-2505,2025-04-15,2025-05-29,2.1,31784,99.4,BMS-4.2,,,79.9,False
BAT-2W-103931,2W_2.1kWh,Cellora,CE-2504,2025-03-10,2025-04-16,2.1,33171,98.8,BMS-4.0,,,78.9,False
BAT-2W-103932,2W_2.1kWh,Cellora,CE-2405,2024-05-05,2024-05-29,2.1,29227,99.6,BMS-4.2,,,79.4,False
BAT-2W-103933,2W_2.1kWh,Kyron,KY-2407,2024-08-22,2024-09-11,2.1,33796,99.2,BMS-4.1,2025-06-15,end_of_life,59.6,False
BAT-2W-103934,2W_2.1kWh,Cellora,CE-2309,2023-09-18,2023-09-29,2.1,32081,99.3,BMS-4.0,,,79.3,False
BAT-2W-103935,2W_2.1kWh,Amptek,AM-2407,2024-06-28,2024-07-10,2.1,30282,99.1,BMS-4.0,,,79.0,False
BAT-2W-103936,2W_2.1kWh,Cellora,CE-2406,2024-06-06,2024-06-18,2.1,30582,99.2,BMS-4.0,,,79.5,False
BAT-2W-103937,2W_2.1kWh,Cellora,CE-2410,2024-09-16,2024-10-21,2.1,32852,100.0,BMS-4.1,,,80.5,False
BAT-2W-103938,2W_2.1kWh,Cellora,CE-2405,2024-04-18,2024-05-17,2.1,30343,98.9,BMS-4.2,,,78.3,False
BAT-2W-103939,2W_2.1kWh,Amptek,AM-2403,2024-02-05,2024-03-22,2.1,33512,99.5,BMS-4.0,,,80.3,False
BAT-2W-103940,2W_2.1kWh,Kyron,KY-2409,2024-07-28,2024-09-14,2.1,31076,98.9,BMS-4.2,2025-06-15,end_of_life,59.1,False
BAT-2W-103941,2W_2.1kWh,Cellora,CE-2505,2025-03-23,2025-05-13,2.1,30853,98.9,BMS-4.1,,,79.6,False
BAT-2W-103942,2W_2.1kWh,Kyron,KY-2408,2024-09-23,2024-10-08,2.1,32676,98.4,BMS-4.1,2025-06-15,end_of_life,57.3,False
BAT-2W-103943,2W_2.1kWh,Kyron,KY-2407,2024-10-27,2024-11-14,2.1,33002,99.9,BMS-4.1,2025-06-15,end_of_life,60.4,False
BAT-2W-103944,2W_2.1kWh,Amptek,AM-2503,2025-01-04,2025-03-02,2.1,32455,99.5,BMS-4.1,,,80.9,False
BAT-2W-103945,2W_2.1kWh,Amptek,AM-2412,2024-11-11,2024-12-12,2.1,29542,99.2,BMS-4.2,,,79.9,False
BAT-2W-103946,2W_2.1kWh,Cellora,CE-2503,2025-01-24,2025-03-06,2.1,31139,100.0,BMS-4.1,,,80.4,False
BAT-3W-103947,3W_4.8kWh,Cellora,CE-2406,2024-05-07,2024-06-14,4.8,61026,99.1,BMS-4.2,,,86.7,False
BAT-2W-103948,2W_2.1kWh,Cellora,CE-2402,2024-02-03,2024-02-27,2.1,32846,98.2,BMS-4.0,,,78.8,False
BAT-2W-103949,2W_2.1kWh,Cellora,CE-2502,2025-01-15,2025-02-08,2.1,31726,98.8,BMS-4.0,,,79.9,False
BAT-2W-103950,2W_2.1kWh,Amptek,AM-2409,2024-08-18,2024-09-05,2.1,30954,98.9,BMS-4.1,,,78.1,False
BAT-2W-103951,2W_2.1kWh,Cellora,CE-2306,2023-05-30,2023-06-25,2.1,33203,98.8,BMS-4.0,,,79.1,False
BAT-2W-103952,2W_2.1kWh,Kyron,KY-2407,2024-09-15,2024-11-01,2.1,33079,98.7,BMS-4.1,2025-06-15,end_of_life,57.5,False
BAT-2W-103953,2W_2.1kWh,Cellora,CE-2305,2023-05-09,2023-05-22,2.1,32204,99.5,BMS-4.0,,,80.1,False
BAT-2W-103954,2W_2.1kWh,Cellora,CE-2404,2024-03-05,2024-04-22,2.1,33074,99.6,BMS-4.0,,,80.7,False
BAT-2W-103955,2W_2.1kWh,Kyron,KY-2407,2024-09-17,2024-10-31,2.1,31321,99.1,BMS-4.0,2025-06-15,end_of_life,61.0,False
BAT-3W-103956,3W_4.8kWh,Kyron,KY-2415,2025-03-01,2025-03-16,4.8,65097,98.7,BMS-4.2,,,85.3,False
BAT-3W-103957,3W_4.8kWh,Cellora,CE-2412,2024-10-23,2024-12-08,4.8,70006,99.6,BMS-4.0,,,87.4,False
BAT-3W-103958,3W_4.8kWh,Kyron,KY-2412,2024-11-14,2024-12-02,4.8,63379,99.2,BMS-4.2,,,87.2,False
BAT-2W-103959,2W_2.1kWh,Cellora,CE-2402,2024-01-29,2024-02-14,2.1,33417,98.7,BMS-4.0,,,79.4,False
BAT-2W-103960,2W_2.1kWh,Cellora,CE-2303,2023-02-04,2023-03-09,2.1,32259,99.5,BMS-4.0,,,79.6,False
BAT-2W-103961,2W_2.1kWh,Kyron,KY-2408,2024-08-29,2024-09-28,2.1,31285,98.9,BMS-4.2,2025-06-15,end_of_life,62.9,False
BAT-2W-103962,2W_2.1kWh,Cellora,CE-2410,2024-08-12,2024-10-07,2.1,29732,98.6,BMS-4.0,,,79.6,False
BAT-2W-103963,2W_2.1kWh,Kyron,KY-2408,2024-09-21,2024-10-09,2.1,32830,98.5,BMS-4.1,2025-06-15,end_of_life,58.4,False
BAT-2W-103964,2W_2.1kWh,Cellora,CE-2406,2024-05-05,2024-06-25,2.1,32424,99.8,BMS-4.2,,,79.7,False
BAT-2W-103965,2W_2.1kWh,Kyron,KY-2409,2024-10-17,2024-11-16,2.1,31624,99.0,BMS-4.0,2025-06-15,end_of_life,61.5,False
BAT-3W-103966,3W_4.8kWh,Kyron,KY-2414,2025-01-28,2025-02-22,4.8,68536,99.3,BMS-4.0,,,86.6,False
BAT-2W-103967,2W_2.1kWh,Amptek,AM-2505,2025-04-11,2025-05-20,2.1,33118,99.2,BMS-4.1,,,80.1,False
BAT-2W-103968,2W_2.1kWh,Cellora,CE-2501,2024-12-03,2025-01-31,2.1,31761,99.5,BMS-4.0,,,79.5,False
BAT-2W-103969,2W_2.1kWh,Cellora,CE-2401,2023-12-07,2024-01-15,2.1,32102,98.8,BMS-4.2,,,80.5,False
BAT-2W-103970,2W_2.1kWh,Cellora,CE-2501,2024-12-14,2025-01-10,2.1,30259,99.1,BMS-4.0,,,78.9,False
BAT-2W-103971,2W_2.1kWh,Cellora,CE-2312,2023-11-13,2023-12-01,2.1,31891,98.4,BMS-4.2,,,77.4,False
BAT-3W-103972,3W_4.8kWh,Cellora,CE-2402,2024-01-04,2024-02-06,4.8,64831,99.1,BMS-4.0,,,85.7,False
BAT-2W-103973,2W_2.1kWh,Amptek,AM-2405,2024-03-15,2024-05-06,2.1,31747,98.9,BMS-4.1,,,79.2,False
BAT-2W-103974,2W_2.1kWh,Cellora,CE-2501,2024-11-27,2025-01-20,2.1,32417,99.5,BMS-4.2,,,79.3,False
BAT-2W-103975,2W_2.1kWh,Cellora,CE-2505,2025-03-27,2025-05-24,2.1,33170,99.9,BMS-4.2,,,81.7,False
BAT-2W-103976,2W_2.1kWh,Amptek,AM-2504,2025-03-10,2025-04-05,2.1,32571,99.1,BMS-4.0,,,78.8,False
BAT-2W-103977,2W_2.1kWh,Cellora,CE-2312,2023-11-29,2023-12-24,2.1,34887,98.9,BMS-4.0,,,78.9,False
BAT-2W-103978,2W_2.1kWh,Amptek,AM-2405,2024-04-20,2024-05-23,2.1,31734,99.0,BMS-4.0,,,79.0,False
BAT-2W-103979,2W_2.1kWh,Cellora,CE-2505,2025-04-14,2025-05-27,2.1,32598,99.3,BMS-4.2,,,81.1,False
BAT-3W-103980,3W_4.8kWh,Kyron,KY-2410,2024-09-07,2024-10-18,4.8,66480,99.2,BMS-4.1,,,86.0,False
BAT-2W-103981,2W_2.1kWh,Amptek,AM-2409,2024-08-18,2024-09-22,2.1,33608,100.0,BMS-4.0,,,80.9,False
BAT-2W-103982,2W_2.1kWh,Kyron,KY-2408,2024-11-07,2024-11-18,2.1,33682,99.2,BMS-4.2,2025-06-15,end_of_life,58.4,False
BAT-2W-103983,2W_2.1kWh,Amptek,AM-2410,2024-10-07,2024-10-29,2.1,30922,99.0,BMS-4.2,,,80.2,False
BAT-3W-103984,3W_4.8kWh,Kyron,KY-2416,2025-03-28,2025-04-15,4.8,73337,99.4,BMS-4.2,,,86.2,False
BAT-2W-103985,2W_2.1kWh,Amptek,AM-2409,2024-07-19,2024-09-14,2.1,33629,99.7,BMS-4.2,,,80.1,False
BAT-2W-103986,2W_2.1kWh,Kyron,KY-2408,2024-08-18,2024-09-16,2.1,30259,100.0,BMS-4.1,2025-06-15,end_of_life,59.6,False
BAT-2W-103987,2W_2.1kWh,Cellora,CE-2401,2023-12-15,2024-01-05,2.1,32035,99.3,BMS-4.2,,,78.6,False
BAT-3W-103988,3W_4.8kWh,Amptek,AM-2407,2024-06-23,2024-07-20,4.8,68367,98.9,BMS-4.0,,,85.4,False
BAT-2W-103989,2W_2.1kWh,Kyron,KY-2407,2024-09-28,2024-10-20,2.1,32588,98.3,BMS-4.2,2025-06-15,end_of_life,59.2,False
BAT-2W-103990,2W_2.1kWh,Kyron,KY-2409,2024-11-04,2024-11-24,2.1,31858,99.0,BMS-4.1,2025-06-15,end_of_life,59.9,False
BAT-2W-103991,2W_2.1kWh,Cellora,CE-2407,2024-06-25,2024-07-28,2.1,32641,98.8,BMS-4.2,,,79.5,False
BAT-2W-103992,2W_2.1kWh,Kyron,KY-2408,2024-09-03,2024-09-30,2.1,31065,99.4,BMS-4.0,2025-06-15,end_of_life,60.7,False
BAT-2W-103993,2W_2.1kWh,Amptek,AM-2405,2024-04-28,2024-05-12,2.1,31630,100.0,BMS-4.1,,,80.1,False
BAT-3W-103994,3W_4.8kWh,Cellora,CE-2503,2025-01-28,2025-03-09,4.8,67982,99.2,BMS-4.0,,,86.1,False
BAT-2W-103995,2W_2.1kWh,Cellora,CE-2404,2024-02-21,2024-04-14,2.1,30756,98.5,BMS-4.0,,,80.5,False
BAT-2W-103996,2W_2.1kWh,Cellora,CE-2503,2025-02-09,2025-03-05,2.1,32161,99.6,BMS-4.2,,,80.7,False
BAT-3W-103997,3W_4.8kWh,Amptek,AM-2504,2025-03-08,2025-04-28,4.8,67848,99.8,BMS-4.0,,,87.7,False
BAT-2W-103998,2W_2.1kWh,Cellora,CE-2309,2023-07-25,2023-09-08,2.1,33827,98.7,BMS-4.0,,,79.0,False
BAT-2W-103999,2W_2.1kWh,Cellora,CE-2505,2025-05-09,2025-05-23,2.1,32612,99.7,BMS-4.1,,,80.3,False
BAT-2W-104000,2W_2.1kWh,Cellora,CE-2406,2024-05-01,2024-06-01,2.1,31298,99.3,BMS-4.2,,,78.8,False
BAT-2W-104001,2W_2.1kWh,Kyron,KY-2409,2024-11-15,2024-11-30,2.1,30482,99.1,BMS-4.0,2025-06-15,end_of_life,57.1,False
BAT-2W-104002,2W_2.1kWh,Cellora,CE-2410,2024-09-25,2024-10-11,2.1,31333,99.7,BMS-4.0,,,81.3,False
BAT-2W-104003,2W_2.1kWh,Cellora,CE-2402,2024-01-13,2024-02-22,2.1,31807,99.5,BMS-4.1,,,80.8,False
BAT-2W-104004,2W_2.1kWh,Cellora,CE-2410,2024-09-10,2024-10-05,2.1,30877,100.0,BMS-4.2,,,82.3,False
BAT-2W-104005,2W_2.1kWh,Cellora,CE-2408,2024-06-27,2024-08-07,2.1,33705,99.3,BMS-4.0,,,80.3,False
BAT-3W-104006,3W_4.8kWh,Amptek,AM-2503,2025-01-28,2025-03-10,4.8,64632,99.3,BMS-4.1,,,85.5,False
BAT-2W-104007,2W_2.1kWh,Kyron,KY-2408,2024-09-15,2024-11-03,2.1,32956,99.4,BMS-4.2,2025-06-15,end_of_life,61.8,False
BAT-2W-104008,2W_2.1kWh,Cellora,CE-2408,2024-06-27,2024-08-20,2.1,31312,99.6,BMS-4.2,,,79.9,False
BAT-2W-104009,2W_2.1kWh,Amptek,AM-2409,2024-08-17,2024-09-11,2.1,32728,99.0,BMS-4.2,,,79.4,False
BAT-2W-104010,2W_2.1kWh,Cellora,CE-2410,2024-08-26,2024-10-11,2.1,31717,99.0,BMS-4.1,,,80.5,False
BAT-2W-104011,2W_2.1kWh,Amptek,AM-2505,2025-04-27,2025-05-30,2.1,33595,98.7,BMS-4.1,,,79.0,False
BAT-3W-104012,3W_4.8kWh,Kyron,KY-2413,2024-12-06,2025-01-06,4.8,65934,100.0,BMS-4.0,,,87.7,False
BAT-2W-104013,2W_2.1kWh,Cellora,CE-2401,2024-01-10,2024-01-23,2.1,32631,98.6,BMS-4.1,,,78.4,False
BAT-2W-104014,2W_2.1kWh,Amptek,AM-2403,2024-02-05,2024-03-02,2.1,31486,99.2,BMS-4.2,,,79.5,False
BAT-3W-104015,3W_4.8kWh,Cellora,CE-2503,2025-01-20,2025-03-04,4.8,61133,99.0,BMS-4.2,,,86.5,False
BAT-2W-104016,2W_2.1kWh,Cellora,CE-2308,2023-06-20,2023-08-01,2.1,32570,99.1,BMS-4.2,,,80.9,False
BAT-2W-104017,2W_2.1kWh,Cellora,CE-2501,2024-12-21,2025-01-13,2.1,33748,99.5,BMS-4.2,,,78.9,False
BAT-2W-104018,2W_2.1kWh,Amptek,AM-2409,2024-08-01,2024-09-26,2.1,30704,99.2,BMS-4.2,,,80.3,False
BAT-3W-104019,3W_4.8kWh,Amptek,AM-2408,2024-07-05,2024-08-13,4.8,70086,98.9,BMS-4.0,,,87.1,False
BAT-2W-104020,2W_2.1kWh,Cellora,CE-2505,2025-04-21,2025-05-04,2.1,32741,98.8,BMS-4.2,,,81.1,False
BAT-2W-104021,2W_2.1kWh,Cellora,CE-2410,2024-09-11,2024-10-05,2.1,33144,99.3,BMS-4.2,,,79.1,False
BAT-2W-104022,2W_2.1kWh,Kyron,KY-2409,2024-10-12,2024-11-22,2.1,31182,98.8,BMS-4.1,2025-06-15,end_of_life,60.5,False
BAT-2W-104023,2W_2.1kWh,Cellora,CE-2303,2023-01-21,2023-03-18,2.1,31006,99.2,BMS-4.1,,,79.8,False
BAT-2W-104024,2W_2.1kWh,Amptek,AM-2409,2024-08-02,2024-09-11,2.1,33428,99.5,BMS-4.1,,,79.2,False
BAT-2W-104025,2W_2.1kWh,Cellora,CE-2501,2024-11-23,2025-01-03,2.1,32509,99.5,BMS-4.1,,,80.7,False
BAT-3W-104026,3W_4.8kWh,Cellora,CE-2305,2023-04-03,2023-05-09,4.8,67241,99.3,BMS-4.1,,,87.1,False
BAT-2W-104027,2W_2.1kWh,Kyron,KY-2408,2024-10-28,2024-11-25,2.1,30579,98.7,BMS-4.2,2025-06-15,end_of_life,60.1,False
BAT-2W-104028,2W_2.1kWh,Cellora,CE-2412,2024-11-19,2024-12-16,2.1,31559,99.1,BMS-4.2,,,79.7,False
BAT-2W-104029,2W_2.1kWh,Cellora,CE-2403,2024-03-14,2024-03-24,2.1,30902,99.4,BMS-4.1,,,80.4,False
BAT-2W-104030,2W_2.1kWh,Kyron,KY-2407,2024-10-02,2024-10-29,2.1,32553,98.8,BMS-4.1,2025-06-15,end_of_life,61.3,False
BAT-2W-104031,2W_2.1kWh,Cellora,CE-2410,2024-08-20,2024-10-01,2.1,31790,99.1,BMS-4.0,,,79.8,False
BAT-2W-104032,2W_2.1kWh,Amptek,AM-2410,2024-08-13,2024-10-09,2.1,29279,99.4,BMS-4.0,,,82.1,False
BAT-2W-104033,2W_2.1kWh,Cellora,CE-2505,2025-04-10,2025-05-06,2.1,31009,99.4,BMS-4.1,,,80.1,False
BAT-2W-104034,2W_2.1kWh,Kyron,KY-2409,2024-09-24,2024-10-06,2.1,34184,98.0,BMS-4.2,2025-06-15,end_of_life,57.1,False
BAT-2W-104035,2W_2.1kWh,Amptek,AM-2412,2024-10-27,2024-12-06,2.1,33695,98.7,BMS-4.1,,,79.0,False
BAT-2W-104036,2W_2.1kWh,Kyron,KY-2409,2024-08-25,2024-09-23,2.1,32407,99.2,BMS-4.2,2025-06-15,end_of_life,59.6,False
BAT-2W-104037,2W_2.1kWh,Cellora,CE-2308,2023-06-14,2023-08-08,2.1,32891,99.4,BMS-4.1,,,80.4,False
BAT-2W-104038,2W_2.1kWh,Amptek,AM-2408,2024-07-14,2024-08-06,2.1,33016,99.1,BMS-4.1,,,81.1,False
BAT-2W-104039,2W_2.1kWh,Kyron,KY-2408,2024-09-22,2024-10-17,2.1,30785,99.2,BMS-4.1,2025-06-15,end_of_life,58.5,False
BAT-3W-104040,3W_4.8kWh,Cellora,CE-2402,2024-01-10,2024-02-01,4.8,69548,99.4,BMS-4.1,,,88.3,False
BAT-2W-104041,2W_2.1kWh,Cellora,CE-2407,2024-05-18,2024-07-03,2.1,33070,99.2,BMS-4.0,,,79.7,False
BAT-3W-104042,3W_4.8kWh,Cellora,CE-2403,2024-02-28,2024-03-21,4.8,68349,99.4,BMS-4.0,,,86.2,False
BAT-2W-104043,2W_2.1kWh,Cellora,CE-2309,2023-08-22,2023-09-29,2.1,30947,98.7,BMS-4.1,,,79.6,False
BAT-2W-104044,2W_2.1kWh,Cellora,CE-2307,2023-06-04,2023-07-23,2.1,30758,98.4,BMS-4.0,,,79.6,False
BAT-2W-104045,2W_2.1kWh,Cellora,CE-2305,2023-04-04,2023-05-28,2.1,32957,99.5,BMS-4.2,,,80.2,False
BAT-2W-104046,2W_2.1kWh,Cellora,CE-2304,2023-03-04,2023-04-28,2.1,30644,99.4,BMS-4.2,,,80.5,False
BAT-2W-104047,2W_2.1kWh,Cellora,CE-2406,2024-05-26,2024-06-25,2.1,31783,99.2,BMS-4.0,,,80.6,False
BAT-2W-104048,2W_2.1kWh,Cellora,CE-2411,2024-10-21,2024-11-03,2.1,31527,98.6,BMS-4.2,,,79.6,False
BAT-2W-104049,2W_2.1kWh,Cellora,CE-2309,2023-07-29,2023-09-09,2.1,30879,99.0,BMS-4.0,,,79.6,False
BAT-2W-104050,2W_2.1kWh,Cellora,CE-2310,2023-09-12,2023-10-05,2.1,31482,98.9,BMS-4.0,,,77.8,False
BAT-2W-104051,2W_2.1kWh,Amptek,AM-2505,2025-05-09,2025-05-31,2.1,31524,99.9,BMS-4.1,,,81.2,False
BAT-3W-104052,3W_4.8kWh,Cellora,CE-2410,2024-09-15,2024-10-25,4.8,67251,99.1,BMS-4.1,,,86.2,False
BAT-2W-104053,2W_2.1kWh,Cellora,CE-2308,2023-08-07,2023-08-22,2.1,32524,99.1,BMS-4.1,,,80.0,False
BAT-2W-104054,2W_2.1kWh,Cellora,CE-2408,2024-08-07,2024-08-29,2.1,32057,100.0,BMS-4.1,,,79.8,False
BAT-3W-104055,3W_4.8kWh,Kyron,KY-2407,2024-07-05,2024-07-21,4.8,70660,99.4,BMS-4.0,2025-06-15,end_of_life,69.5,False
BAT-2W-104056,2W_2.1kWh,Cellora,CE-2312,2023-10-15,2023-12-03,2.1,32442,99.3,BMS-4.0,,,79.8,False
BAT-2W-104057,2W_2.1kWh,Kyron,KY-2408,2024-09-13,2024-10-18,2.1,34949,98.6,BMS-4.0,2025-06-15,end_of_life,59.3,False
BAT-2W-104058,2W_2.1kWh,Cellora,CE-2406,2024-06-06,2024-06-27,2.1,31304,99.2,BMS-4.1,,,80.6,False
BAT-2W-104059,2W_2.1kWh,Cellora,CE-2403,2024-01-29,2024-03-17,2.1,30358,99.8,BMS-4.0,,,80.5,False
BAT-2W-104060,2W_2.1kWh,Kyron,KY-2407,2024-09-04,2024-10-01,2.1,32588,98.9,BMS-4.0,2025-06-15,end_of_life,62.0,False
BAT-2W-104061,2W_2.1kWh,Cellora,CE-2408,2024-08-06,2024-08-18,2.1,30076,99.5,BMS-4.1,,,81.6,False
BAT-2W-104062,2W_2.1kWh,Cellora,CE-2406,2024-05-27,2024-06-29,2.1,33696,98.9,BMS-4.2,,,78.1,False
BAT-2W-104063,2W_2.1kWh,Cellora,CE-2401,2024-01-01,2024-01-13,2.1,31280,99.6,BMS-4.2,,,79.3,False
BAT-2W-104064,2W_2.1kWh,Kyron,KY-2407,2024-08-21,2024-09-25,2.1,34191,99.7,BMS-4.0,2025-06-15,end_of_life,62.1,False
BAT-2W-104065,2W_2.1kWh,Cellora,CE-2403,2024-03-01,2024-03-24,2.1,31593,99.3,BMS-4.1,,,80.3,False
BAT-2W-104066,2W_2.1kWh,Kyron,KY-2408,2024-08-20,2024-09-30,2.1,32534,99.7,BMS-4.2,2025-06-15,end_of_life,62.2,False
BAT-2W-104067,2W_2.1kWh,Cellora,CE-2403,2024-01-26,2024-03-23,2.1,34509,98.6,BMS-4.1,,,78.9,False
BAT-2W-104068,2W_2.1kWh,Cellora,CE-2309,2023-08-05,2023-09-10,2.1,30788,99.3,BMS-4.0,,,80.2,False
BAT-2W-104069,2W_2.1kWh,Cellora,CE-2406,2024-05-30,2024-06-25,2.1,34914,99.3,BMS-4.0,,,80.8,False
BAT-2W-104070,2W_2.1kWh,Cellora,CE-2403,2024-02-03,2024-03-16,2.1,31854,99.2,BMS-4.1,,,79.3,False
BAT-2W-104071,2W_2.1kWh,Kyron,KY-2407,2024-09-13,2024-10-22,2.1,30361,99.4,BMS-4.1,2025-06-15,end_of_life,63.7,False
BAT-2W-104072,2W_2.1kWh,Kyron,KY-2407,2024-11-12,2024-11-29,2.1,32435,99.3,BMS-4.0,2025-06-15,end_of_life,62.8,False
BAT-2W-104073,2W_2.1kWh,Cellora,CE-2404,2024-03-12,2024-04-15,2.1,29650,98.4,BMS-4.0,,,80.3,False
BAT-2W-104074,2W_2.1kWh,Amptek,AM-2408,2024-07-24,2024-08-17,2.1,31919,99.2,BMS-4.1,,,79.6,False
BAT-2W-104075,2W_2.1kWh,Amptek,AM-2410,2024-09-13,2024-10-24,2.1,32050,98.8,BMS-4.2,,,78.6,False
BAT-2W-104076,2W_2.1kWh,Amptek,AM-2502,2025-02-16,2025-02-26,2.1,30196,99.6,BMS-4.1,,,81.2,False
BAT-2W-104077,2W_2.1kWh,Cellora,CE-2310,2023-08-22,2023-10-07,2.1,32236,100.0,BMS-4.1,,,81.5,False
BAT-2W-104078,2W_2.1kWh,Amptek,AM-2408,2024-07-22,2024-08-29,2.1,31794,99.2,BMS-4.2,,,81.0,False
BAT-2W-104079,2W_2.1kWh,Kyron,KY-2407,2024-09-16,2024-10-15,2.1,30526,98.2,BMS-4.1,2025-06-15,end_of_life,60.6,False
BAT-2W-104080,2W_2.1kWh,Cellora,CE-2409,2024-09-02,2024-09-28,2.1,31874,99.0,BMS-4.0,,,79.7,False
BAT-2W-104081,2W_2.1kWh,Cellora,CE-2312,2023-11-11,2023-12-18,2.1,32965,98.4,BMS-4.0,,,79.0,False
BAT-2W-104082,2W_2.1kWh,Amptek,AM-2406,2024-05-10,2024-06-05,2.1,29805,98.2,BMS-4.2,,,79.2,False
BAT-2W-104083,2W_2.1kWh,Cellora,CE-2304,2023-03-25,2023-04-20,2.1,32470,99.0,BMS-4.0,,,79.4,False
BAT-2W-104084,2W_2.1kWh,Kyron,KY-2409,2024-07-25,2024-09-11,2.1,31058,99.8,BMS-4.0,2025-06-15,end_of_life,63.1,False
BAT-2W-104085,2W_2.1kWh,Amptek,AM-2504,2025-04-03,2025-04-23,2.1,33200,98.5,BMS-4.0,,,80.9,False
BAT-2W-104086,2W_2.1kWh,Amptek,AM-2408,2024-07-25,2024-08-23,2.1,33141,99.3,BMS-4.1,,,80.2,False
BAT-2W-104087,2W_2.1kWh,Cellora,CE-2308,2023-07-28,2023-08-28,2.1,30063,98.4,BMS-4.0,,,79.8,False
BAT-2W-104088,2W_2.1kWh,Cellora,CE-2411,2024-10-28,2024-11-07,2.1,32881,98.8,BMS-4.2,,,78.8,False
BAT-3W-104089,3W_4.8kWh,Cellora,CE-2305,2023-03-26,2023-05-11,4.8,66872,98.7,BMS-4.1,,,85.6,False
BAT-3W-104090,3W_4.8kWh,Cellora,CE-2403,2024-02-06,2024-03-12,4.8,68326,99.5,BMS-4.2,,,88.2,False
BAT-2W-104091,2W_2.1kWh,Cellora,CE-2308,2023-07-07,2023-08-06,2.1,33168,99.9,BMS-4.1,,,80.7,False
BAT-2W-104092,2W_2.1kWh,Cellora,CE-2502,2025-01-30,2025-02-23,2.1,31631,99.9,BMS-4.0,,,80.9,False
BAT-2W-104093,2W_2.1kWh,Cellora,CE-2306,2023-04-24,2023-06-03,2.1,31860,99.5,BMS-4.0,,,79.7,False
BAT-2W-104094,2W_2.1kWh,Amptek,AM-2408,2024-08-03,2024-08-17,2.1,32688,99.2,BMS-4.0,,,81.9,False
BAT-2W-104095,2W_2.1kWh,Amptek,AM-2405,2024-04-30,2024-05-21,2.1,33201,99.7,BMS-4.0,,,79.9,False
BAT-2W-104096,2W_2.1kWh,Kyron,KY-2408,2024-10-02,2024-11-10,2.1,32439,99.5,BMS-4.2,2025-06-15,end_of_life,61.4,False
BAT-2W-104097,2W_2.1kWh,Cellora,CE-2412,2024-11-21,2024-12-04,2.1,31775,99.9,BMS-4.0,,,83.1,False
BAT-2W-104098,2W_2.1kWh,Kyron,KY-2409,2024-09-28,2024-10-29,2.1,30912,99.8,BMS-4.0,2025-06-15,end_of_life,59.9,False
BAT-2W-104099,2W_2.1kWh,Cellora,CE-2501,2025-01-14,2025-01-29,2.1,31492,99.3,BMS-4.1,,,79.1,False
BAT-2W-104100,2W_2.1kWh,Cellora,CE-2305,2023-04-06,2023-05-17,2.1,31194,99.1,BMS-4.2,,,79.7,False
BAT-2W-104101,2W_2.1kWh,Amptek,AM-2412,2024-10-31,2024-12-06,2.1,29123,99.4,BMS-4.2,,,81.1,False
BAT-2W-104102,2W_2.1kWh,Cellora,CE-2308,2023-07-09,2023-08-17,2.1,31001,98.6,BMS-4.2,,,77.7,False
BAT-2W-104103,2W_2.1kWh,Kyron,KY-2409,2024-08-17,2024-09-14,2.1,31589,99.9,BMS-4.2,2025-06-15,end_of_life,61.5,False
BAT-2W-104104,2W_2.1kWh,Kyron,KY-2409,2024-10-14,2024-11-04,2.1,30135,99.6,BMS-4.0,2025-06-15,end_of_life,63.0,False
BAT-2W-104105,2W_2.1kWh,Kyron,KY-2408,2024-09-03,2024-09-20,2.1,30620,99.9,BMS-4.1,2025-06-15,end_of_life,61.5,False
BAT-2W-104106,2W_2.1kWh,Cellora,CE-2412,2024-12-10,2024-12-27,2.1,32614,99.7,BMS-4.0,,,81.1,False
BAT-3W-104107,3W_4.8kWh,Cellora,CE-2412,2024-11-19,2024-12-21,4.8,67152,99.2,BMS-4.1,,,85.6,False
BAT-2W-104108,2W_2.1kWh,Amptek,AM-2404,2024-03-23,2024-04-10,2.1,32368,99.1,BMS-4.1,,,80.0,False
BAT-2W-104109,2W_2.1kWh,Amptek,AM-2504,2025-03-13,2025-04-12,2.1,32639,99.2,BMS-4.1,,,80.4,False
BAT-2W-104110,2W_2.1kWh,Cellora,CE-2504,2025-03-20,2025-04-22,2.1,31691,99.1,BMS-4.2,,,81.7,False
BAT-2W-104111,2W_2.1kWh,Kyron,KY-2408,2024-10-15,2024-11-07,2.1,32665,98.7,BMS-4.1,2025-06-15,end_of_life,60.4,False
BAT-3W-104112,3W_4.8kWh,Cellora,CE-2307,2023-05-24,2023-07-03,4.8,69236,99.9,BMS-4.2,,,87.1,False
BAT-2W-104113,2W_2.1kWh,Kyron,KY-2407,2024-09-12,2024-09-23,2.1,32864,99.4,BMS-4.2,2025-06-15,end_of_life,62.8,False
BAT-2W-104114,2W_2.1kWh,Amptek,AM-2406,2024-05-25,2024-06-26,2.1,31836,99.2,BMS-4.1,,,79.9,False
BAT-2W-104115,2W_2.1kWh,Kyron,KY-2407,2024-09-02,2024-10-02,2.1,33146,99.3,BMS-4.2,2025-06-15,end_of_life,62.5,False
BAT-2W-104116,2W_2.1kWh,Amptek,AM-2412,2024-10-26,2024-12-06,2.1,32500,98.9,BMS-4.1,,,79.8,False
BAT-2W-104117,2W_2.1kWh,Amptek,AM-2501,2025-01-06,2025-01-20,2.1,32242,99.4,BMS-4.2,,,81.0,False
BAT-2W-104118,2W_2.1kWh,Amptek,AM-2409,2024-07-31,2024-09-06,2.1,33207,99.3,BMS-4.1,,,80.1,False
BAT-2W-104119,2W_2.1kWh,Cellora,CE-2311,2023-10-04,2023-11-16,2.1,32937,99.5,BMS-4.2,,,79.6,False
BAT-2W-104120,2W_2.1kWh,Cellora,CE-2305,2023-04-26,2023-05-11,2.1,30676,98.8,BMS-4.1,,,80.1,False
BAT-2W-104121,2W_2.1kWh,Amptek,AM-2409,2024-07-17,2024-09-13,2.1,32658,99.7,BMS-4.2,,,81.1,False
BAT-2W-104122,2W_2.1kWh,Kyron,KY-2407,2024-08-15,2024-09-25,2.1,31925,99.2,BMS-4.1,2025-06-15,end_of_life,62.6,False
BAT-2W-104123,2W_2.1kWh,Kyron,KY-2407,2024-10-16,2024-11-03,2.1,31755,98.6,BMS-4.1,2025-06-15,end_of_life,58.7,False
BAT-2W-104124,2W_2.1kWh,Kyron,KY-2407,2024-10-24,2024-11-19,2.1,32400,99.4,BMS-4.0,2025-06-15,end_of_life,58.8,False
BAT-2W-104125,2W_2.1kWh,Cellora,CE-2311,2023-10-17,2023-11-22,2.1,31637,99.2,BMS-4.0,,,78.7,False
BAT-3W-104126,3W_4.8kWh,Cellora,CE-2311,2023-11-12,2023-11-28,4.8,67382,98.5,BMS-4.0,,,85.3,False
BAT-3W-104127,3W_4.8kWh,Kyron,KY-2408,2024-08-01,2024-08-20,4.8,67240,100.0,BMS-4.1,,,71.0,False
BAT-2W-104128,2W_2.1kWh,Cellora,CE-2503,2025-01-29,2025-03-05,2.1,30850,98.8,BMS-4.1,,,80.6,False
BAT-2W-104129,2W_2.1kWh,Cellora,CE-2312,2023-12-06,2023-12-24,2.1,29492,99.3,BMS-4.2,,,80.4,False
BAT-2W-104130,2W_2.1kWh,Amptek,AM-2408,2024-07-19,2024-08-16,2.1,31600,98.7,BMS-4.1,,,80.2,False
BAT-2W-104131,2W_2.1kWh,Cellora,CE-2312,2023-11-08,2023-12-01,2.1,31786,99.6,BMS-4.2,,,80.7,False
BAT-2W-104132,2W_2.1kWh,Amptek,AM-2403,2024-03-08,2024-03-31,2.1,31503,99.1,BMS-4.0,,,79.5,False
BAT-2W-104133,2W_2.1kWh,Cellora,CE-2309,2023-08-01,2023-09-22,2.1,32254,99.1,BMS-4.2,,,77.7,False
BAT-2W-104134,2W_2.1kWh,Kyron,KY-2408,2024-10-26,2024-11-16,2.1,32057,99.1,BMS-4.2,2025-06-15,end_of_life,59.4,False
BAT-2W-104135,2W_2.1kWh,Cellora,CE-2403,2024-02-09,2024-03-12,2.1,33911,99.4,BMS-4.1,,,81.2,False
BAT-2W-104136,2W_2.1kWh,Kyron,KY-2409,2024-09-07,2024-10-23,2.1,30348,99.3,BMS-4.0,2025-06-15,end_of_life,58.0,False
BAT-2W-104137,2W_2.1kWh,Amptek,AM-2405,2024-04-11,2024-05-26,2.1,31106,98.8,BMS-4.1,,,79.9,False
BAT-2W-104138,2W_2.1kWh,Kyron,KY-2409,2024-10-06,2024-11-07,2.1,35448,98.3,BMS-4.2,2025-06-15,end_of_life,59.0,False
BAT-3W-104139,3W_4.8kWh,Amptek,AM-2505,2025-04-02,2025-05-30,4.8,68339,99.1,BMS-4.2,,,86.4,False
BAT-2W-104140,2W_2.1kWh,Cellora,CE-2411,2024-10-09,2024-11-07,2.1,32354,99.1,BMS-4.1,,,81.3,False
BAT-2W-104141,2W_2.1kWh,Kyron,KY-2409,2024-09-24,2024-11-04,2.1,31255,99.3,BMS-4.2,2025-06-15,end_of_life,62.9,False
BAT-3W-104142,3W_4.8kWh,Kyron,KY-2413,2024-12-03,2025-01-20,4.8,67206,100.0,BMS-4.0,,,87.6,False
BAT-2W-104143,2W_2.1kWh,Cellora,CE-2306,2023-05-29,2023-06-21,2.1,30264,98.6,BMS-4.2,,,79.7,False
BAT-2W-104144,2W_2.1kWh,Cellora,CE-2405,2024-04-15,2024-05-02,2.1,31966,98.6,BMS-4.1,,,80.2,False
BAT-2W-104145,2W_2.1kWh,Amptek,AM-2412,2024-11-18,2024-12-22,2.1,32747,98.7,BMS-4.1,,,80.4,False
BAT-2W-104146,2W_2.1kWh,Amptek,AM-2407,2024-06-04,2024-07-28,2.1,33557,98.1,BMS-4.1,,,78.3,False
BAT-2W-104147,2W_2.1kWh,Kyron,KY-2407,2024-08-20,2024-09-15,2.1,30681,98.5,BMS-4.1,2025-06-15,end_of_life,58.9,False
BAT-2W-104148,2W_2.1kWh,Cellora,CE-2406,2024-05-02,2024-06-12,2.1,32590,98.7,BMS-4.2,,,78.9,False
BAT-2W-104149,2W_2.1kWh,Kyron,KY-2408,2024-08-18,2024-09-21,2.1,29658,98.5,BMS-4.2,2025-06-15,end_of_life,58.6,False
BAT-2W-104150,2W_2.1kWh,Amptek,AM-2501,2024-12-01,2025-01-04,2.1,32506,98.6,BMS-4.0,,,78.9,False
BAT-2W-104151,2W_2.1kWh,Cellora,CE-2503,2025-01-09,2025-03-06,2.1,34704,99.7,BMS-4.0,,,80.4,False
BAT-2W-104152,2W_2.1kWh,Cellora,CE-2504,2025-02-08,2025-04-06,2.1,33196,98.2,BMS-4.2,,,78.9,False
BAT-2W-104153,2W_2.1kWh,Cellora,CE-2303,2023-02-11,2023-03-19,2.1,31750,99.2,BMS-4.1,,,80.7,False
BAT-3W-104154,3W_4.8kWh,Kyron,KY-2409,2024-08-14,2024-09-10,4.8,69000,98.6,BMS-4.1,2025-06-15,end_of_life,67.5,False
BAT-2W-104155,2W_2.1kWh,Cellora,CE-2305,2023-04-26,2023-05-28,2.1,31995,98.9,BMS-4.2,,,80.0,False
BAT-2W-104156,2W_2.1kWh,Amptek,AM-2501,2024-12-15,2025-01-29,2.1,31618,100.0,BMS-4.1,,,80.8,False
BAT-2W-104157,2W_2.1kWh,Kyron,KY-2407,2024-09-03,2024-09-23,2.1,33103,99.3,BMS-4.2,2025-06-15,end_of_life,59.1,False
BAT-2W-104158,2W_2.1kWh,Cellora,CE-2401,2023-12-05,2024-01-23,2.1,32128,98.4,BMS-4.0,,,78.6,False
BAT-2W-104159,2W_2.1kWh,Cellora,CE-2406,2024-05-21,2024-06-27,2.1,31486,99.2,BMS-4.1,,,79.8,False
BAT-2W-104160,2W_2.1kWh,Amptek,AM-2403,2024-01-13,2024-03-06,2.1,30361,99.1,BMS-4.2,,,80.4,False
BAT-2W-104161,2W_2.1kWh,Cellora,CE-2308,2023-07-07,2023-08-22,2.1,32836,99.0,BMS-4.0,,,79.3,False
BAT-2W-104162,2W_2.1kWh,Amptek,AM-2408,2024-06-23,2024-08-01,2.1,31223,99.5,BMS-4.0,,,80.7,False
BAT-3W-104163,3W_4.8kWh,Cellora,CE-2404,2024-03-11,2024-04-04,4.8,68517,99.7,BMS-4.2,,,85.9,False
BAT-2W-104164,2W_2.1kWh,Cellora,CE-2308,2023-08-01,2023-08-15,2.1,30861,99.9,BMS-4.0,,,80.4,False
BAT-2W-104165,2W_2.1kWh,Cellora,CE-2312,2023-10-25,2023-12-02,2.1,33698,99.7,BMS-4.2,,,79.7,False
BAT-3W-104166,3W_4.8kWh,Amptek,AM-2406,2024-04-18,2024-06-09,4.8,70830,99.5,BMS-4.2,,,87.5,False
BAT-2W-104167,2W_2.1kWh,Kyron,KY-2408,2024-08-22,2024-09-10,2.1,31609,99.5,BMS-4.1,2025-06-15,end_of_life,62.9,False
BAT-2W-104168,2W_2.1kWh,Kyron,KY-2408,2024-08-16,2024-09-18,2.1,34695,98.9,BMS-4.1,2025-06-15,end_of_life,59.6,False
BAT-2W-104169,2W_2.1kWh,Amptek,AM-2404,2024-02-21,2024-04-06,2.1,32262,98.7,BMS-4.1,,,79.2,False
BAT-2W-104170,2W_2.1kWh,Cellora,CE-2308,2023-08-19,2023-08-31,2.1,31467,99.1,BMS-4.2,,,79.5,False
BAT-2W-104171,2W_2.1kWh,Amptek,AM-2407,2024-05-30,2024-07-15,2.1,31532,98.7,BMS-4.1,,,78.4,False
BAT-2W-104172,2W_2.1kWh,Kyron,KY-2408,2024-10-15,2024-11-15,2.1,30765,99.0,BMS-4.2,2025-06-15,end_of_life,60.7,False
BAT-2W-104173,2W_2.1kWh,Kyron,KY-2409,2024-09-14,2024-09-25,2.1,32962,99.6,BMS-4.1,2025-06-15,end_of_life,61.5,False
BAT-3W-104174,3W_4.8kWh,Amptek,AM-2504,2025-03-23,2025-04-21,4.8,67438,99.2,BMS-4.0,,,86.4,False
BAT-2W-104175,2W_2.1kWh,Kyron,KY-2408,2024-09-25,2024-10-29,2.1,32398,99.5,BMS-4.2,2025-06-15,end_of_life,63.3,False
BAT-2W-104176,2W_2.1kWh,Cellora,CE-2307,2023-06-15,2023-07-19,2.1,31693,99.0,BMS-4.0,,,79.9,False
BAT-2W-104177,2W_2.1kWh,Cellora,CE-2308,2023-08-10,2023-08-31,2.1,32269,98.7,BMS-4.0,,,79.4,False
BAT-3W-104178,3W_4.8kWh,Cellora,CE-2304,2023-03-03,2023-04-20,4.8,65151,99.0,BMS-4.2,,,86.8,False
BAT-2W-104179,2W_2.1kWh,Cellora,CE-2405,2024-03-14,2024-05-12,2.1,30198,98.9,BMS-4.1,,,80.1,False
BAT-2W-104180,2W_2.1kWh,Kyron,KY-2407,2024-10-13,2024-11-08,2.1,33456,99.8,BMS-4.0,2025-06-15,end_of_life,59.7,False
BAT-3W-104181,3W_4.8kWh,Cellora,CE-2304,2023-03-06,2023-04-28,4.8,69306,98.9,BMS-4.1,,,86.4,False
BAT-2W-104182,2W_2.1kWh,Cellora,CE-2312,2023-11-05,2023-12-10,2.1,31285,98.9,BMS-4.0,,,79.9,False
BAT-2W-104183,2W_2.1kWh,Amptek,AM-2405,2024-05-07,2024-05-26,2.1,33479,99.2,BMS-4.1,,,79.6,False
BAT-3W-104184,3W_4.8kWh,Cellora,CE-2401,2023-11-07,2024-01-05,4.8,66384,99.6,BMS-4.0,,,86.3,False
BAT-2W-104185,2W_2.1kWh,Amptek,AM-2409,2024-08-27,2024-09-20,2.1,31882,98.9,BMS-4.0,,,80.4,False
BAT-2W-104186,2W_2.1kWh,Kyron,KY-2407,2024-10-31,2024-11-10,2.1,30450,99.4,BMS-4.1,2025-06-15,end_of_life,58.1,False
BAT-2W-104187,2W_2.1kWh,Cellora,CE-2311,2023-10-12,2023-11-24,2.1,30324,99.6,BMS-4.1,,,80.4,False
BAT-2W-104188,2W_2.1kWh,Kyron,KY-2408,2024-08-03,2024-09-17,2.1,30860,99.5,BMS-4.1,2025-06-15,end_of_life,59.6,False
BAT-2W-104189,2W_2.1kWh,Amptek,AM-2407,2024-05-27,2024-07-09,2.1,30686,99.2,BMS-4.0,,,78.7,False
BAT-2W-104190,2W_2.1kWh,Cellora,CE-2412,2024-11-27,2024-12-25,2.1,30934,99.5,BMS-4.2,,,79.5,False
BAT-2W-104191,2W_2.1kWh,Cellora,CE-2312,2023-12-10,2023-12-25,2.1,30850,99.0,BMS-4.0,,,80.2,False
BAT-2W-104192,2W_2.1kWh,Kyron,KY-2407,2024-11-03,2024-11-27,2.1,33997,98.9,BMS-4.2,2025-06-15,end_of_life,57.8,False
BAT-2W-104193,2W_2.1kWh,Cellora,CE-2501,2024-12-06,2025-01-21,2.1,31777,99.7,BMS-4.0,,,80.0,False
BAT-2W-104194,2W_2.1kWh,Cellora,CE-2303,2023-02-28,2023-03-10,2.1,32161,99.3,BMS-4.2,,,80.5,False
BAT-2W-104195,2W_2.1kWh,Kyron,KY-2407,2024-09-25,2024-11-09,2.1,32378,99.5,BMS-4.1,2025-06-15,end_of_life,63.8,False
BAT-2W-104196,2W_2.1kWh,Kyron,KY-2409,2024-10-07,2024-11-18,2.1,33345,99.3,BMS-4.2,2025-06-15,end_of_life,62.9,False
BAT-2W-104197,2W_2.1kWh,Cellora,CE-2304,2023-03-18,2023-04-21,2.1,29985,98.8,BMS-4.1,,,79.8,False
BAT-3W-104198,3W_4.8kWh,Cellora,CE-2504,2025-03-13,2025-04-02,4.8,67412,99.3,BMS-4.1,,,87.5,False
BAT-2W-104199,2W_2.1kWh,Cellora,CE-2412,2024-10-24,2024-12-16,2.1,32127,98.8,BMS-4.0,,,79.2,False
BAT-2W-104200,2W_2.1kWh,Cellora,CE-2404,2024-04-01,2024-04-21,2.1,33654,98.9,BMS-4.2,,,81.1,False
BAT-2W-104201,2W_2.1kWh,Cellora,CE-2312,2023-11-21,2023-12-26,2.1,30457,99.2,BMS-4.0,,,79.8,False
BAT-2W-104202,2W_2.1kWh,Amptek,AM-2409,2024-09-05,2024-09-26,2.1,32219,100.0,BMS-4.0,,,81.6,False
BAT-2W-104203,2W_2.1kWh,Cellora,CE-2303,2023-02-09,2023-03-25,2.1,30360,99.3,BMS-4.2,,,80.7,False
BAT-2W-104204,2W_2.1kWh,Cellora,CE-2305,2023-04-03,2023-05-08,2.1,32111,99.4,BMS-4.0,,,81.9,False
BAT-2W-104205,2W_2.1kWh,Cellora,CE-2505,2025-04-04,2025-05-10,2.1,30262,98.5,BMS-4.0,,,78.6,False
BAT-2W-104206,2W_2.1kWh,Kyron,KY-2407,2024-08-11,2024-09-15,2.1,33075,99.3,BMS-4.1,2025-06-15,end_of_life,62.2,False
BAT-2W-104207,2W_2.1kWh,Cellora,CE-2503,2025-02-08,2025-03-08,2.1,33663,99.7,BMS-4.2,,,81.5,False
BAT-2W-104208,2W_2.1kWh,Cellora,CE-2501,2024-12-30,2025-01-19,2.1,30580,99.5,BMS-4.1,,,79.6,False
BAT-2W-104209,2W_2.1kWh,Kyron,KY-2407,2024-11-03,2024-11-24,2.1,31484,99.4,BMS-4.1,2025-06-15,end_of_life,62.1,False
BAT-2W-104210,2W_2.1kWh,Cellora,CE-2408,2024-07-27,2024-08-06,2.1,31623,98.8,BMS-4.2,,,79.0,False
BAT-2W-104211,2W_2.1kWh,Amptek,AM-2408,2024-06-23,2024-08-11,2.1,35111,98.7,BMS-4.1,,,79.2,False
BAT-3W-104212,3W_4.8kWh,Cellora,CE-2409,2024-08-15,2024-09-17,4.8,66473,98.6,BMS-4.1,,,85.8,False
BAT-3W-104213,3W_4.8kWh,Cellora,CE-2309,2023-09-04,2023-09-29,4.8,66600,98.7,BMS-4.1,,,87.7,False
BAT-2W-104214,2W_2.1kWh,Kyron,KY-2407,2024-09-21,2024-10-13,2.1,31301,98.9,BMS-4.2,2025-06-15,end_of_life,59.6,False
BAT-2W-104215,2W_2.1kWh,Cellora,CE-2307,2023-06-03,2023-07-01,2.1,29488,99.5,BMS-4.2,,,79.9,False
BAT-2W-104216,2W_2.1kWh,Cellora,CE-2501,2024-12-25,2025-01-11,2.1,30508,99.1,BMS-4.1,,,79.5,False
BAT-2W-104217,2W_2.1kWh,Cellora,CE-2406,2024-05-03,2024-06-01,2.1,30203,98.8,BMS-4.0,,,79.6,False
BAT-2W-104218,2W_2.1kWh,Kyron,KY-2408,2024-11-06,2024-11-30,2.1,32619,99.2,BMS-4.2,2025-06-15,end_of_life,58.0,False
BAT-2W-104219,2W_2.1kWh,Cellora,CE-2406,2024-04-10,2024-06-07,2.1,32582,98.9,BMS-4.1,,,79.7,False
BAT-3W-104220,3W_4.8kWh,Cellora,CE-2311,2023-10-19,2023-11-21,4.8,70691,99.6,BMS-4.1,,,86.1,False
BAT-2W-104221,2W_2.1kWh,Kyron,KY-2407,2024-08-15,2024-09-12,2.1,32895,99.4,BMS-4.0,2025-06-15,end_of_life,62.2,False
BAT-2W-104222,2W_2.1kWh,Amptek,AM-2505,2025-04-08,2025-05-06,2.1,33638,99.4,BMS-4.2,,,80.4,False
BAT-2W-104223,2W_2.1kWh,Kyron,KY-2408,2024-09-22,2024-10-21,2.1,32269,99.5,BMS-4.0,2025-06-15,end_of_life,61.9,False
BAT-2W-104224,2W_2.1kWh,Amptek,AM-2406,2024-05-01,2024-06-05,2.1,32188,99.5,BMS-4.0,,,81.4,False
BAT-2W-104225,2W_2.1kWh,Amptek,AM-2406,2024-04-11,2024-06-09,2.1,32067,98.9,BMS-4.1,,,78.8,False
BAT-2W-104226,2W_2.1kWh,Kyron,KY-2407,2024-10-01,2024-10-19,2.1,32780,98.9,BMS-4.0,2025-06-15,end_of_life,64.5,False
BAT-2W-104227,2W_2.1kWh,Cellora,CE-2307,2023-06-12,2023-07-03,2.1,30702,99.0,BMS-4.0,,,78.5,False
BAT-2W-104228,2W_2.1kWh,Cellora,CE-2408,2024-06-13,2024-08-08,2.1,31273,99.0,BMS-4.1,,,78.8,False
BAT-2W-104229,2W_2.1kWh,Cellora,CE-2312,2023-11-02,2023-12-15,2.1,31499,99.1,BMS-4.0,,,80.8,False
BAT-2W-104230,2W_2.1kWh,Amptek,AM-2406,2024-06-04,2024-06-29,2.1,33291,98.6,BMS-4.1,,,78.8,False
BAT-2W-104231,2W_2.1kWh,Amptek,AM-2405,2024-05-04,2024-05-17,2.1,32932,99.1,BMS-4.2,,,79.4,False
BAT-2W-104232,2W_2.1kWh,Cellora,CE-2308,2023-07-08,2023-08-03,2.1,34124,99.8,BMS-4.0,,,78.8,False
BAT-2W-104233,2W_2.1kWh,Cellora,CE-2312,2023-10-27,2023-12-05,2.1,32572,99.3,BMS-4.2,,,79.8,False
BAT-2W-104234,2W_2.1kWh,Amptek,AM-2407,2024-06-12,2024-07-09,2.1,34657,99.3,BMS-4.1,,,81.4,False
BAT-2W-104235,2W_2.1kWh,Kyron,KY-2407,2024-09-19,2024-09-29,2.1,31095,99.0,BMS-4.0,2025-06-15,end_of_life,59.3,False
BAT-2W-104236,2W_2.1kWh,Cellora,CE-2502,2025-02-03,2025-02-15,2.1,31121,98.5,BMS-4.2,,,80.0,False
BAT-2W-104237,2W_2.1kWh,Cellora,CE-2503,2025-02-06,2025-03-30,2.1,29538,99.7,BMS-4.0,,,79.9,False
BAT-2W-104238,2W_2.1kWh,Cellora,CE-2504,2025-04-03,2025-04-21,2.1,32938,99.3,BMS-4.2,,,78.3,False
BAT-2W-104239,2W_2.1kWh,Cellora,CE-2504,2025-03-29,2025-04-30,2.1,32178,98.9,BMS-4.0,,,80.7,False
BAT-2W-104240,2W_2.1kWh,Cellora,CE-2310,2023-09-21,2023-10-16,2.1,32569,99.7,BMS-4.1,,,79.8,False
BAT-2W-104241,2W_2.1kWh,Cellora,CE-2503,2025-01-15,2025-03-05,2.1,30420,98.9,BMS-4.0,,,80.2,False
BAT-3W-104242,3W_4.8kWh,Cellora,CE-2404,2024-03-06,2024-04-10,4.8,71790,99.5,BMS-4.2,,,87.1,False
BAT-2W-104243,2W_2.1kWh,Amptek,AM-2502,2025-01-08,2025-02-09,2.1,31462,99.1,BMS-4.1,,,80.7,False
BAT-2W-104244,2W_2.1kWh,Cellora,CE-2407,2024-05-14,2024-07-04,2.1,32818,99.1,BMS-4.0,,,81.3,False
BAT-2W-104245,2W_2.1kWh,Amptek,AM-2410,2024-09-30,2024-10-20,2.1,32778,98.6,BMS-4.0,,,80.3,False
BAT-2W-104246,2W_2.1kWh,Cellora,CE-2503,2025-02-24,2025-03-24,2.1,31320,99.0,BMS-4.0,,,79.3,False
BAT-2W-104247,2W_2.1kWh,Kyron,KY-2409,2024-10-14,2024-11-06,2.1,32793,99.9,BMS-4.2,2025-06-15,end_of_life,63.3,False
BAT-2W-104248,2W_2.1kWh,Amptek,AM-2406,2024-04-28,2024-06-11,2.1,31106,99.2,BMS-4.2,,,80.4,False
BAT-2W-104249,2W_2.1kWh,Kyron,KY-2409,2024-08-21,2024-10-03,2.1,30846,99.2,BMS-4.1,2025-06-15,end_of_life,55.5,False
BAT-2W-104250,2W_2.1kWh,Amptek,AM-2505,2025-03-30,2025-05-10,2.1,32446,99.4,BMS-4.2,,,80.7,False
BAT-2W-104251,2W_2.1kWh,Amptek,AM-2405,2024-04-16,2024-05-23,2.1,30486,99.2,BMS-4.0,,,79.9,False
BAT-2W-104252,2W_2.1kWh,Cellora,CE-2411,2024-11-01,2024-11-26,2.1,34286,99.0,BMS-4.2,,,80.1,False
BAT-2W-104253,2W_2.1kWh,Amptek,AM-2410,2024-10-09,2024-10-26,2.1,31005,99.9,BMS-4.2,,,80.7,False
BAT-2W-104254,2W_2.1kWh,Cellora,CE-2409,2024-07-22,2024-09-01,2.1,30214,99.7,BMS-4.0,,,79.1,False
BAT-2W-104255,2W_2.1kWh,Kyron,KY-2409,2024-10-10,2024-11-16,2.1,30835,99.6,BMS-4.2,2025-06-15,end_of_life,60.9,False
BAT-2W-104256,2W_2.1kWh,Cellora,CE-2505,2025-04-30,2025-05-20,2.1,30090,99.6,BMS-4.1,,,81.2,False
BAT-2W-104257,2W_2.1kWh,Cellora,CE-2403,2024-02-19,2024-03-12,2.1,32815,99.4,BMS-4.0,,,80.6,False
BAT-3W-104258,3W_4.8kWh,Cellora,CE-2406,2024-05-13,2024-06-18,4.8,64162,98.8,BMS-4.2,,,85.5,False
BAT-2W-104259,2W_2.1kWh,Kyron,KY-2409,2024-11-06,2024-11-27,2.1,29298,98.9,BMS-4.0,2025-06-15,end_of_life,60.1,False
BAT-2W-104260,2W_2.1kWh,Amptek,AM-2405,2024-04-27,2024-05-14,2.1,31187,99.9,BMS-4.0,,,79.7,False
BAT-3W-104261,3W_4.8kWh,Cellora,CE-2305,2023-04-20,2023-05-04,4.8,65197,99.3,BMS-4.0,,,85.9,False
BAT-2W-104262,2W_2.1kWh,Cellora,CE-2412,2024-11-22,2024-12-09,2.1,30709,99.3,BMS-4.1,,,81.4,False
BAT-2W-104263,2W_2.1kWh,Kyron,KY-2409,2024-09-09,2024-09-28,2.1,32321,99.2,BMS-4.0,2025-06-15,end_of_life,60.4,False
BAT-3W-104264,3W_4.8kWh,Cellora,CE-2303,2023-01-16,2023-03-11,4.8,67159,98.5,BMS-4.0,,,85.5,False
BAT-2W-104265,2W_2.1kWh,Amptek,AM-2411,2024-09-16,2024-11-03,2.1,31587,99.5,BMS-4.2,,,78.2,False
BAT-2W-104266,2W_2.1kWh,Amptek,AM-2405,2024-03-08,2024-05-03,2.1,33027,98.8,BMS-4.0,,,78.1,False
BAT-2W-104267,2W_2.1kWh,Cellora,CE-2312,2023-11-05,2023-12-19,2.1,30709,99.0,BMS-4.2,,,78.9,False
BAT-2W-104268,2W_2.1kWh,Amptek,AM-2505,2025-03-12,2025-05-10,2.1,32175,98.7,BMS-4.0,,,78.4,False
BAT-2W-104269,2W_2.1kWh,Cellora,CE-2408,2024-07-14,2024-08-06,2.1,31097,99.5,BMS-4.1,,,80.1,False
BAT-2W-104270,2W_2.1kWh,Cellora,CE-2405,2024-04-22,2024-05-10,2.1,30913,99.5,BMS-4.2,,,81.8,False
BAT-2W-104271,2W_2.1kWh,Kyron,KY-2407,2024-08-30,2024-10-02,2.1,31197,99.8,BMS-4.2,2025-06-15,end_of_life,62.2,False
BAT-2W-104272,2W_2.1kWh,Kyron,KY-2407,2024-08-07,2024-09-24,2.1,31568,99.0,BMS-4.0,2025-06-15,end_of_life,58.6,False
BAT-2W-104273,2W_2.1kWh,Kyron,KY-2409,2024-09-20,2024-10-03,2.1,33756,99.2,BMS-4.0,2025-06-15,end_of_life,60.2,False
BAT-2W-104274,2W_2.1kWh,Cellora,CE-2306,2023-05-24,2023-06-19,2.1,31600,99.3,BMS-4.0,,,79.3,False
BAT-2W-104275,2W_2.1kWh,Cellora,CE-2309,2023-07-29,2023-09-04,2.1,30094,98.6,BMS-4.1,,,80.0,False
BAT-2W-104276,2W_2.1kWh,Cellora,CE-2505,2025-05-07,2025-05-20,2.1,32010,99.0,BMS-4.2,,,80.2,False
BAT-2W-104277,2W_2.1kWh,Amptek,AM-2406,2024-05-21,2024-06-28,2.1,32750,99.3,BMS-4.1,,,80.2,False
BAT-2W-104278,2W_2.1kWh,Amptek,AM-2411,2024-09-16,2024-11-13,2.1,31937,99.7,BMS-4.1,,,80.9,False
BAT-2W-104279,2W_2.1kWh,Cellora,CE-2504,2025-02-15,2025-04-08,2.1,30260,99.4,BMS-4.2,,,79.4,False
BAT-2W-104280,2W_2.1kWh,Cellora,CE-2410,2024-10-01,2024-10-19,2.1,30444,99.5,BMS-4.2,,,80.2,False
BAT-2W-104281,2W_2.1kWh,Cellora,CE-2501,2024-12-08,2025-01-06,2.1,28868,98.1,BMS-4.0,,,78.8,False
BAT-2W-104282,2W_2.1kWh,Amptek,AM-2409,2024-08-16,2024-09-17,2.1,32906,98.8,BMS-4.1,,,79.8,False
BAT-2W-104283,2W_2.1kWh,Cellora,CE-2405,2024-04-16,2024-05-08,2.1,32857,99.5,BMS-4.2,,,81.8,False
BAT-2W-104284,2W_2.1kWh,Amptek,AM-2411,2024-10-02,2024-11-20,2.1,30138,99.5,BMS-4.1,,,79.3,False
BAT-2W-104285,2W_2.1kWh,Amptek,AM-2404,2024-03-02,2024-04-15,2.1,33555,99.3,BMS-4.2,,,80.3,False
BAT-2W-104286,2W_2.1kWh,Kyron,KY-2407,2024-08-19,2024-09-12,2.1,30773,99.0,BMS-4.1,2025-06-15,end_of_life,62.0,False
BAT-3W-104287,3W_4.8kWh,Kyron,KY-2415,2025-03-11,2025-03-26,4.8,67727,98.9,BMS-4.2,,,85.5,False
BAT-2W-104288,2W_2.1kWh,Cellora,CE-2409,2024-07-27,2024-09-24,2.1,32198,99.0,BMS-4.0,,,79.9,False
BAT-2W-104289,2W_2.1kWh,Kyron,KY-2409,2024-08-29,2024-09-24,2.1,30457,99.0,BMS-4.0,2025-06-15,end_of_life,59.7,False
BAT-2W-104290,2W_2.1kWh,Amptek,AM-2403,2024-01-21,2024-03-12,2.1,33668,99.4,BMS-4.2,,,80.7,False
BAT-2W-104291,2W_2.1kWh,Amptek,AM-2501,2024-11-12,2025-01-09,2.1,32539,98.9,BMS-4.2,,,80.6,False
BAT-2W-104292,2W_2.1kWh,Kyron,KY-2407,2024-09-18,2024-11-02,2.1,32346,98.9,BMS-4.2,2025-06-15,end_of_life,61.0,False
BAT-2W-104293,2W_2.1kWh,Kyron,KY-2407,2024-09-22,2024-10-16,2.1,31656,99.4,BMS-4.0,2025-06-15,end_of_life,59.8,False
BAT-2W-104294,2W_2.1kWh,Kyron,KY-2409,2024-08-09,2024-09-11,2.1,35670,98.8,BMS-4.2,2025-06-15,end_of_life,60.2,False
BAT-2W-104295,2W_2.1kWh,Kyron,KY-2408,2024-10-16,2024-11-22,2.1,34345,100.0,BMS-4.1,2025-06-15,end_of_life,62.1,False
BAT-2W-104296,2W_2.1kWh,Cellora,CE-2502,2025-01-31,2025-02-22,2.1,31650,98.7,BMS-4.1,,,80.8,False
BAT-2W-104297,2W_2.1kWh,Cellora,CE-2503,2025-02-05,2025-03-16,2.1,29740,99.5,BMS-4.2,,,80.4,False
BAT-2W-104298,2W_2.1kWh,Kyron,KY-2409,2024-11-03,2024-11-24,2.1,31322,99.7,BMS-4.1,2025-06-15,end_of_life,60.8,False
BAT-2W-104299,2W_2.1kWh,Cellora,CE-2305,2023-05-01,2023-05-22,2.1,32958,99.2,BMS-4.0,,,81.4,False
BAT-2W-104300,2W_2.1kWh,Kyron,KY-2407,2024-09-10,2024-09-20,2.1,32664,99.3,BMS-4.0,2025-06-15,end_of_life,58.3,False
BAT-3W-104301,3W_4.8kWh,Amptek,AM-2411,2024-10-31,2024-11-20,4.8,66470,98.8,BMS-4.0,,,87.1,False
BAT-2W-104302,2W_2.1kWh,Amptek,AM-2403,2024-03-07,2024-03-18,2.1,31737,99.4,BMS-4.0,,,79.4,False
BAT-2W-104303,2W_2.1kWh,Cellora,CE-2410,2024-08-24,2024-10-04,2.1,30078,99.6,BMS-4.0,,,79.6,False
BAT-2W-104304,2W_2.1kWh,Cellora,CE-2401,2023-11-26,2024-01-08,2.1,30561,98.7,BMS-4.1,,,79.7,False
BAT-2W-104305,2W_2.1kWh,Amptek,AM-2503,2025-01-22,2025-03-06,2.1,30927,100.0,BMS-4.2,,,80.2,False
BAT-2W-104306,2W_2.1kWh,Kyron,KY-2408,2024-10-06,2024-11-16,2.1,31297,98.9,BMS-4.1,2025-06-15,end_of_life,61.6,False
BAT-2W-104307,2W_2.1kWh,Amptek,AM-2403,2024-03-05,2024-03-28,2.1,31688,99.0,BMS-4.2,,,79.4,False
BAT-2W-104308,2W_2.1kWh,Cellora,CE-2401,2023-11-20,2024-01-06,2.1,30482,97.9,BMS-4.1,,,80.3,False
BAT-2W-104309,2W_2.1kWh,Kyron,KY-2408,2024-10-10,2024-11-13,2.1,30460,99.9,BMS-4.2,2025-06-15,end_of_life,60.4,False
BAT-2W-104310,2W_2.1kWh,Cellora,CE-2304,2023-04-15,2023-04-29,2.1,33515,99.0,BMS-4.1,,,79.2,False
BAT-2W-104311,2W_2.1kWh,Kyron,KY-2409,2024-09-07,2024-10-03,2.1,29540,99.8,BMS-4.2,2025-06-15,end_of_life,58.9,False
BAT-2W-104312,2W_2.1kWh,Kyron,KY-2408,2024-09-07,2024-10-18,2.1,30109,99.3,BMS-4.0,2025-06-15,end_of_life,60.3,False
BAT-2W-104313,2W_2.1kWh,Amptek,AM-2408,2024-07-13,2024-08-04,2.1,30591,99.4,BMS-4.2,,,79.5,False
BAT-2W-104314,2W_2.1kWh,Cellora,CE-2411,2024-10-10,2024-11-18,2.1,32445,100.0,BMS-4.0,,,81.2,False
BAT-2W-104315,2W_2.1kWh,Amptek,AM-2410,2024-10-17,2024-10-27,2.1,33337,99.2,BMS-4.2,,,79.1,False
BAT-3W-104316,3W_4.8kWh,Amptek,AM-2503,2025-03-02,2025-03-13,4.8,64729,99.3,BMS-4.0,,,85.3,False
BAT-3W-104317,3W_4.8kWh,Cellora,CE-2305,2023-03-28,2023-05-25,4.8,70386,99.8,BMS-4.2,,,87.1,False
BAT-2W-104318,2W_2.1kWh,Cellora,CE-2307,2023-06-02,2023-07-31,2.1,30636,98.7,BMS-4.2,,,80.0,False
BAT-2W-104319,2W_2.1kWh,Cellora,CE-2305,2023-04-30,2023-05-23,2.1,33843,99.5,BMS-4.1,,,80.8,False
BAT-2W-104320,2W_2.1kWh,Cellora,CE-2504,2025-02-15,2025-04-07,2.1,31006,98.9,BMS-4.1,,,80.3,False
BAT-3W-104321,3W_4.8kWh,Cellora,CE-2409,2024-08-10,2024-09-02,4.8,73087,99.4,BMS-4.0,,,88.6,False
BAT-2W-104322,2W_2.1kWh,Amptek,AM-2403,2024-02-02,2024-03-02,2.1,31434,99.5,BMS-4.1,,,79.5,False
BAT-2W-104323,2W_2.1kWh,Amptek,AM-2501,2025-01-01,2025-01-14,2.1,31583,98.6,BMS-4.2,,,79.2,False
BAT-2W-104324,2W_2.1kWh,Cellora,CE-2307,2023-06-22,2023-07-27,2.1,33596,99.6,BMS-4.2,,,82.1,False
BAT-2W-104325,2W_2.1kWh,Cellora,CE-2404,2024-02-20,2024-04-08,2.1,32052,99.8,BMS-4.2,,,81.3,False
BAT-2W-104326,2W_2.1kWh,Amptek,AM-2403,2024-01-23,2024-03-15,2.1,32907,100.0,BMS-4.1,,,79.7,False
BAT-2W-104327,2W_2.1kWh,Amptek,AM-2504,2025-03-24,2025-04-24,2.1,31150,98.9,BMS-4.1,,,78.6,False
BAT-2W-104328,2W_2.1kWh,Cellora,CE-2505,2025-04-19,2025-05-23,2.1,30342,99.2,BMS-4.1,,,80.8,False
BAT-2W-104329,2W_2.1kWh,Amptek,AM-2405,2024-03-25,2024-05-08,2.1,33022,99.7,BMS-4.1,,,79.3,False
BAT-2W-104330,2W_2.1kWh,Kyron,KY-2407,2024-09-14,2024-09-30,2.1,33232,98.6,BMS-4.2,2025-06-15,end_of_life,55.9,False
BAT-3W-104331,3W_4.8kWh,Amptek,AM-2410,2024-09-17,2024-10-21,4.8,71541,99.6,BMS-4.1,,,87.1,False
BAT-2W-104332,2W_2.1kWh,Cellora,CE-2504,2025-03-16,2025-04-07,2.1,32999,99.3,BMS-4.0,,,81.1,False
BAT-2W-104333,2W_2.1kWh,Cellora,CE-2310,2023-10-17,2023-10-28,2.1,30922,98.8,BMS-4.0,,,79.6,False
BAT-2W-104334,2W_2.1kWh,Kyron,KY-2408,2024-09-26,2024-10-29,2.1,33198,98.8,BMS-4.1,2025-06-15,end_of_life,59.3,False
BAT-2W-104335,2W_2.1kWh,Cellora,CE-2405,2024-05-10,2024-05-22,2.1,32645,99.6,BMS-4.1,,,79.5,False
BAT-2W-104336,2W_2.1kWh,Kyron,KY-2407,2024-10-18,2024-11-29,2.1,32799,99.5,BMS-4.0,2025-06-15,end_of_life,59.1,False
BAT-2W-104337,2W_2.1kWh,Cellora,CE-2403,2024-03-16,2024-03-29,2.1,31825,99.2,BMS-4.2,,,79.7,False
BAT-2W-104338,2W_2.1kWh,Kyron,KY-2409,2024-10-11,2024-11-09,2.1,33431,99.8,BMS-4.2,2025-06-15,end_of_life,58.5,False
BAT-2W-104339,2W_2.1kWh,Kyron,KY-2407,2024-09-02,2024-10-06,2.1,32632,99.7,BMS-4.1,2025-06-15,end_of_life,59.0,False
BAT-2W-104340,2W_2.1kWh,Cellora,CE-2505,2025-03-26,2025-05-13,2.1,29734,99.5,BMS-4.2,,,79.9,False
BAT-3W-104341,3W_4.8kWh,Cellora,CE-2503,2025-02-10,2025-03-22,4.8,68731,98.6,BMS-4.2,,,86.2,False
BAT-2W-104342,2W_2.1kWh,Kyron,KY-2409,2024-09-15,2024-10-17,2.1,30615,99.2,BMS-4.1,2025-06-15,end_of_life,60.9,False
BAT-2W-104343,2W_2.1kWh,Kyron,KY-2408,2024-09-02,2024-10-18,2.1,33537,99.1,BMS-4.0,2025-06-15,end_of_life,59.3,False
BAT-3W-104344,3W_4.8kWh,Kyron,KY-2409,2024-08-13,2024-09-27,4.8,68119,98.7,BMS-4.1,2025-06-15,end_of_life,68.4,False
BAT-2W-104345,2W_2.1kWh,Cellora,CE-2304,2023-02-27,2023-04-23,2.1,33737,99.2,BMS-4.2,,,80.3,False
BAT-2W-104346,2W_2.1kWh,Cellora,CE-2405,2024-05-05,2024-05-15,2.1,33262,100.0,BMS-4.0,,,81.5,False
BAT-2W-104347,2W_2.1kWh,Kyron,KY-2408,2024-10-12,2024-11-25,2.1,33849,98.5,BMS-4.2,2025-06-15,end_of_life,58.5,False
BAT-2W-104348,2W_2.1kWh,Cellora,CE-2401,2023-12-14,2024-01-27,2.1,33233,100.0,BMS-4.2,,,82.4,False
BAT-2W-104349,2W_2.1kWh,Cellora,CE-2408,2024-07-04,2024-08-28,2.1,33259,99.3,BMS-4.2,,,79.6,False
BAT-3W-104350,3W_4.8kWh,Amptek,AM-2411,2024-09-28,2024-11-09,4.8,66520,99.0,BMS-4.0,,,86.6,False
BAT-2W-104351,2W_2.1kWh,Cellora,CE-2306,2023-04-25,2023-06-03,2.1,31886,100.0,BMS-4.0,,,80.6,False
BAT-2W-104352,2W_2.1kWh,Amptek,AM-2405,2024-04-18,2024-05-01,2.1,32329,99.3,BMS-4.2,,,81.1,False
BAT-2W-104353,2W_2.1kWh,Kyron,KY-2407,2024-10-17,2024-11-07,2.1,31345,98.9,BMS-4.0,2025-06-15,end_of_life,60.3,False
BAT-3W-104354,3W_4.8kWh,Cellora,CE-2408,2024-07-06,2024-08-09,4.8,66371,99.1,BMS-4.1,,,86.1,False
BAT-2W-104355,2W_2.1kWh,Cellora,CE-2303,2023-01-24,2023-03-17,2.1,30888,99.6,BMS-4.0,,,79.9,False
BAT-2W-104356,2W_2.1kWh,Kyron,KY-2407,2024-09-26,2024-11-10,2.1,31353,99.1,BMS-4.0,2025-06-15,end_of_life,61.1,False
BAT-2W-104357,2W_2.1kWh,Cellora,CE-2403,2024-03-02,2024-03-18,2.1,33547,99.3,BMS-4.1,,,81.4,False
BAT-2W-104358,2W_2.1kWh,Kyron,KY-2408,2024-08-14,2024-09-16,2.1,33645,99.2,BMS-4.1,2025-06-15,end_of_life,61.5,False
BAT-2W-104359,2W_2.1kWh,Amptek,AM-2502,2025-01-13,2025-02-04,2.1,29959,99.7,BMS-4.2,,,80.2,False
BAT-3W-104360,3W_4.8kWh,Kyron,KY-2410,2024-08-23,2024-10-16,4.8,66770,99.5,BMS-4.2,,,86.9,False
BAT-2W-104361,2W_2.1kWh,Cellora,CE-2405,2024-05-06,2024-05-27,2.1,32106,100.0,BMS-4.1,,,81.0,False
BAT-3W-104362,3W_4.8kWh,Cellora,CE-2501,2025-01-12,2025-01-31,4.8,69400,100.0,BMS-4.0,,,86.7,False
BAT-2W-104363,2W_2.1kWh,Kyron,KY-2409,2024-10-03,2024-11-21,2.1,32738,99.8,BMS-4.1,2025-06-15,end_of_life,62.7,False
BAT-2W-104364,2W_2.1kWh,Kyron,KY-2408,2024-09-24,2024-10-05,2.1,31508,98.8,BMS-4.0,2025-06-15,end_of_life,61.2,False
BAT-3W-104365,3W_4.8kWh,Kyron,KY-2417,2025-04-11,2025-05-26,4.8,70781,99.1,BMS-4.2,,,85.7,False
BAT-2W-104366,2W_2.1kWh,Cellora,CE-2403,2024-01-27,2024-03-06,2.1,34280,98.7,BMS-4.1,,,79.5,False
BAT-2W-104367,2W_2.1kWh,Cellora,CE-2503,2025-02-20,2025-03-17,2.1,33064,99.7,BMS-4.2,,,79.5,False
BAT-2W-104368,2W_2.1kWh,Cellora,CE-2305,2023-05-12,2023-05-26,2.1,30413,98.7,BMS-4.1,,,79.7,False
BAT-2W-104369,2W_2.1kWh,Cellora,CE-2404,2024-03-19,2024-04-29,2.1,31702,99.5,BMS-4.0,,,79.3,False
BAT-2W-104370,2W_2.1kWh,Cellora,CE-2502,2025-02-12,2025-02-24,2.1,31384,99.7,BMS-4.0,,,81.2,False
BAT-2W-104371,2W_2.1kWh,Kyron,KY-2409,2024-09-08,2024-10-18,2.1,30395,99.2,BMS-4.2,2025-06-15,end_of_life,61.7,False
BAT-2W-104372,2W_2.1kWh,Cellora,CE-2501,2025-01-17,2025-01-29,2.1,31470,99.2,BMS-4.2,,,80.8,False
BAT-3W-104373,3W_4.8kWh,Cellora,CE-2402,2024-01-24,2024-02-23,4.8,67675,99.4,BMS-4.0,,,86.4,False
BAT-2W-104374,2W_2.1kWh,Cellora,CE-2307,2023-07-01,2023-07-23,2.1,31440,99.3,BMS-4.1,,,80.5,False
BAT-3W-104375,3W_4.8kWh,Cellora,CE-2501,2024-12-07,2025-01-13,4.8,67795,99.6,BMS-4.1,,,87.7,False
BAT-2W-104376,2W_2.1kWh,Cellora,CE-2502,2025-01-21,2025-02-08,2.1,33354,99.4,BMS-4.0,,,79.7,False
BAT-2W-104377,2W_2.1kWh,Cellora,CE-2408,2024-07-19,2024-08-07,2.1,32835,99.2,BMS-4.2,,,79.2,False
BAT-2W-104378,2W_2.1kWh,Cellora,CE-2308,2023-07-12,2023-08-05,2.1,32186,99.7,BMS-4.0,,,81.1,False
BAT-2W-104379,2W_2.1kWh,Amptek,AM-2408,2024-06-04,2024-08-02,2.1,29607,99.1,BMS-4.2,,,80.6,False
BAT-2W-104380,2W_2.1kWh,Cellora,CE-2409,2024-08-01,2024-09-24,2.1,32952,99.6,BMS-4.1,,,80.5,False
BAT-2W-104381,2W_2.1kWh,Cellora,CE-2412,2024-10-26,2024-12-09,2.1,34738,99.2,BMS-4.1,,,81.3,False
BAT-2W-104382,2W_2.1kWh,Cellora,CE-2311,2023-09-11,2023-11-07,2.1,34619,99.2,BMS-4.1,,,80.0,False
BAT-3W-104383,3W_4.8kWh,Kyron,KY-2414,2025-01-17,2025-02-05,4.8,66420,99.2,BMS-4.1,,,85.8,False
BAT-2W-104384,2W_2.1kWh,Kyron,KY-2408,2024-09-27,2024-11-01,2.1,32173,98.8,BMS-4.0,2025-06-15,end_of_life,62.1,False
BAT-2W-104385,2W_2.1kWh,Cellora,CE-2309,2023-08-08,2023-09-16,2.1,32126,99.6,BMS-4.2,,,81.5,False
BAT-2W-104386,2W_2.1kWh,Kyron,KY-2409,2024-10-27,2024-11-29,2.1,31460,99.6,BMS-4.1,2025-06-15,end_of_life,60.2,False
BAT-3W-104387,3W_4.8kWh,Cellora,CE-2409,2024-08-29,2024-09-22,4.8,69136,98.9,BMS-4.1,,,85.7,False
BAT-2W-104388,2W_2.1kWh,Cellora,CE-2404,2024-03-09,2024-04-28,2.1,32301,98.8,BMS-4.0,,,79.1,False
BAT-2W-104389,2W_2.1kWh,Cellora,CE-2401,2023-12-03,2024-01-30,2.1,30973,99.4,BMS-4.1,,,79.8,False
BAT-2W-104390,2W_2.1kWh,Cellora,CE-2402,2024-01-13,2024-02-08,2.1,33238,99.7,BMS-4.2,,,78.5,False
BAT-2W-104391,2W_2.1kWh,Cellora,CE-2312,2023-10-31,2023-12-21,2.1,30206,99.1,BMS-4.1,,,80.4,False
BAT-2W-104392,2W_2.1kWh,Cellora,CE-2401,2024-01-04,2024-01-20,2.1,31711,99.5,BMS-4.0,,,79.9,False
BAT-2W-104393,2W_2.1kWh,Kyron,KY-2407,2024-09-12,2024-10-28,2.1,30047,99.5,BMS-4.0,2025-06-15,end_of_life,61.4,False
BAT-2W-104394,2W_2.1kWh,Amptek,AM-2502,2025-02-11,2025-02-27,2.1,32354,99.0,BMS-4.2,,,79.6,False
BAT-2W-104395,2W_2.1kWh,Cellora,CE-2409,2024-07-26,2024-09-21,2.1,33038,99.3,BMS-4.2,,,80.4,False
BAT-2W-104396,2W_2.1kWh,Cellora,CE-2409,2024-07-28,2024-09-09,2.1,32972,98.2,BMS-4.1,,,79.2,False
BAT-2W-104397,2W_2.1kWh,Cellora,CE-2312,2023-10-28,2023-12-25,2.1,31878,98.6,BMS-4.0,,,79.4,False
BAT-3W-104398,3W_4.8kWh,Kyron,KY-2407,2024-05-27,2024-07-11,4.8,68019,99.0,BMS-4.2,2025-06-15,end_of_life,69.6,False
BAT-2W-104399,2W_2.1kWh,Kyron,KY-2407,2024-10-01,2024-10-26,2.1,29372,99.3,BMS-4.2,2025-06-15,end_of_life,64.2,False
BAT-3W-104400,3W_4.8kWh,Cellora,CE-2412,2024-12-03,2024-12-15,4.8,63630,99.4,BMS-4.1,,,86.8,False
BAT-2W-104401,2W_2.1kWh,Kyron,KY-2409,2024-10-13,2024-11-29,2.1,31959,99.5,BMS-4.2,2025-06-15,end_of_life,60.2,False
BAT-3W-104402,3W_4.8kWh,Amptek,AM-2407,2024-06-07,2024-07-01,4.8,71466,99.2,BMS-4.0,,,87.1,False
BAT-2W-104403,2W_2.1kWh,Cellora,CE-2407,2024-05-31,2024-07-29,2.1,33779,99.2,BMS-4.0,,,79.9,False
BAT-3W-104404,3W_4.8kWh,Kyron,KY-2415,2025-01-25,2025-03-15,4.8,65458,99.3,BMS-4.0,,,87.3,False
BAT-2W-104405,2W_2.1kWh,Kyron,KY-2409,2024-08-27,2024-09-19,2.1,31847,99.1,BMS-4.0,2025-06-15,end_of_life,58.7,False
BAT-2W-104406,2W_2.1kWh,Amptek,AM-2412,2024-10-26,2024-12-03,2.1,31778,98.8,BMS-4.0,,,80.0,False
BAT-2W-104407,2W_2.1kWh,Cellora,CE-2407,2024-06-25,2024-07-20,2.1,32757,99.4,BMS-4.2,,,80.1,False
BAT-2W-104408,2W_2.1kWh,Cellora,CE-2304,2023-03-20,2023-04-03,2.1,33935,99.5,BMS-4.2,,,79.2,False
BAT-2W-104409,2W_2.1kWh,Cellora,CE-2404,2024-03-06,2024-04-10,2.1,34117,99.1,BMS-4.2,,,80.1,False
BAT-2W-104410,2W_2.1kWh,Amptek,AM-2405,2024-04-24,2024-05-14,2.1,32532,99.2,BMS-4.2,,,79.9,False
BAT-2W-104411,2W_2.1kWh,Kyron,KY-2408,2024-09-03,2024-10-10,2.1,33439,99.6,BMS-4.0,2025-06-15,end_of_life,60.6,False
BAT-2W-104412,2W_2.1kWh,Amptek,AM-2410,2024-09-11,2024-10-21,2.1,34442,99.4,BMS-4.0,,,79.0,False
BAT-2W-104413,2W_2.1kWh,Amptek,AM-2404,2024-03-11,2024-04-29,2.1,33666,98.8,BMS-4.1,,,79.2,False
BAT-2W-104414,2W_2.1kWh,Cellora,CE-2306,2023-05-23,2023-06-25,2.1,29453,99.4,BMS-4.1,,,79.7,False
BAT-2W-104415,2W_2.1kWh,Cellora,CE-2411,2024-10-20,2024-11-11,2.1,33409,99.6,BMS-4.1,,,81.3,False
BAT-2W-104416,2W_2.1kWh,Kyron,KY-2409,2024-08-10,2024-09-17,2.1,30998,99.3,BMS-4.1,2025-06-15,end_of_life,61.7,False
BAT-2W-104417,2W_2.1kWh,Cellora,CE-2410,2024-08-18,2024-10-16,2.1,32986,99.7,BMS-4.2,,,80.6,False
BAT-2W-104418,2W_2.1kWh,Cellora,CE-2501,2024-11-21,2025-01-18,2.1,30962,98.9,BMS-4.1,,,80.7,False
BAT-2W-104419,2W_2.1kWh,Kyron,KY-2409,2024-09-24,2024-10-05,2.1,30357,99.5,BMS-4.2,2025-06-15,end_of_life,59.8,False
BAT-2W-104420,2W_2.1kWh,Cellora,CE-2409,2024-08-09,2024-09-07,2.1,34454,99.5,BMS-4.1,,,81.2,False
BAT-3W-104421,3W_4.8kWh,Cellora,CE-2403,2024-03-07,2024-03-27,4.8,70016,99.2,BMS-4.2,,,85.7,False
BAT-2W-104422,2W_2.1kWh,Amptek,AM-2409,2024-08-08,2024-09-26,2.1,31932,99.3,BMS-4.0,,,81.1,False
BAT-2W-104423,2W_2.1kWh,Kyron,KY-2408,2024-09-09,2024-09-19,2.1,30316,99.2,BMS-4.2,2025-06-15,end_of_life,60.7,False
BAT-2W-104424,2W_2.1kWh,Cellora,CE-2502,2025-01-19,2025-02-22,2.1,31840,99.0,BMS-4.2,,,79.5,False
BAT-2W-104425,2W_2.1kWh,Kyron,KY-2408,2024-10-12,2024-11-19,2.1,32874,99.9,BMS-4.0,2025-06-15,end_of_life,64.0,False
BAT-3W-104426,3W_4.8kWh,Cellora,CE-2406,2024-05-09,2024-06-17,4.8,70869,98.9,BMS-4.2,,,86.5,False
BAT-2W-104427,2W_2.1kWh,Amptek,AM-2407,2024-05-18,2024-07-02,2.1,34440,99.3,BMS-4.1,,,79.9,False
BAT-3W-104428,3W_4.8kWh,Cellora,CE-2503,2025-01-07,2025-03-07,4.8,70575,99.2,BMS-4.1,,,86.3,False
BAT-2W-104429,2W_2.1kWh,Amptek,AM-2410,2024-08-29,2024-10-14,2.1,33517,99.4,BMS-4.2,,,79.6,False
BAT-2W-104430,2W_2.1kWh,Kyron,KY-2409,2024-10-14,2024-11-24,2.1,31849,99.4,BMS-4.0,2025-06-15,end_of_life,61.2,False
BAT-2W-104431,2W_2.1kWh,Kyron,KY-2408,2024-10-17,2024-11-04,2.1,30285,98.6,BMS-4.2,2025-06-15,end_of_life,59.8,False
BAT-2W-104432,2W_2.1kWh,Cellora,CE-2401,2023-12-10,2024-01-04,2.1,31783,99.2,BMS-4.2,,,79.7,False
BAT-2W-104433,2W_2.1kWh,Amptek,AM-2412,2024-10-22,2024-12-12,2.1,32527,100.0,BMS-4.1,,,81.0,False
BAT-3W-104434,3W_4.8kWh,Amptek,AM-2409,2024-07-31,2024-09-09,4.8,67538,99.2,BMS-4.2,,,85.3,False
BAT-2W-104435,2W_2.1kWh,Amptek,AM-2407,2024-06-26,2024-07-17,2.1,31477,99.4,BMS-4.0,,,80.1,False
BAT-2W-104436,2W_2.1kWh,Amptek,AM-2403,2024-02-17,2024-03-15,2.1,33321,100.0,BMS-4.2,,,83.5,False
BAT-2W-104437,2W_2.1kWh,Amptek,AM-2504,2025-02-16,2025-04-04,2.1,30381,99.8,BMS-4.1,,,80.6,False
BAT-2W-104438,2W_2.1kWh,Amptek,AM-2411,2024-11-11,2024-11-28,2.1,31201,99.4,BMS-4.2,,,80.8,False
BAT-2W-104439,2W_2.1kWh,Cellora,CE-2310,2023-09-28,2023-10-22,2.1,31941,99.5,BMS-4.0,,,80.5,False
BAT-2W-104440,2W_2.1kWh,Kyron,KY-2408,2024-09-22,2024-10-31,2.1,32590,98.5,BMS-4.0,2025-06-15,end_of_life,61.5,False
BAT-2W-104441,2W_2.1kWh,Cellora,CE-2304,2023-04-09,2023-04-29,2.1,31571,99.5,BMS-4.0,,,79.4,False
BAT-2W-104442,2W_2.1kWh,Kyron,KY-2409,2024-09-28,2024-11-11,2.1,32998,98.8,BMS-4.1,2025-06-15,end_of_life,62.1,False
BAT-2W-104443,2W_2.1kWh,Cellora,CE-2409,2024-08-15,2024-09-07,2.1,32163,98.6,BMS-4.0,,,79.7,False
BAT-2W-104444,2W_2.1kWh,Cellora,CE-2305,2023-04-22,2023-05-09,2.1,31071,99.3,BMS-4.1,,,80.4,False
BAT-2W-104445,2W_2.1kWh,Cellora,CE-2412,2024-11-26,2024-12-11,2.1,31581,100.0,BMS-4.2,,,79.9,False
BAT-2W-104446,2W_2.1kWh,Cellora,CE-2402,2023-12-16,2024-02-01,2.1,32053,98.7,BMS-4.1,,,80.4,False
BAT-2W-104447,2W_2.1kWh,Cellora,CE-2403,2024-03-09,2024-03-24,2.1,31229,98.9,BMS-4.0,,,79.3,False
BAT-2W-104448,2W_2.1kWh,Kyron,KY-2407,2024-08-27,2024-09-14,2.1,32423,99.2,BMS-4.1,2025-06-15,end_of_life,62.0,False
BAT-2W-104449,2W_2.1kWh,Amptek,AM-2410,2024-09-22,2024-10-03,2.1,29847,99.0,BMS-4.2,,,80.3,False
BAT-2W-104450,2W_2.1kWh,Cellora,CE-2504,2025-02-13,2025-04-02,2.1,34821,99.1,BMS-4.0,,,79.2,False
BAT-2W-104451,2W_2.1kWh,Cellora,CE-2407,2024-07-10,2024-07-31,2.1,30954,98.8,BMS-4.1,,,79.6,False
BAT-2W-104452,2W_2.1kWh,Amptek,AM-2504,2025-03-16,2025-04-24,2.1,31881,98.9,BMS-4.2,,,80.3,False
BAT-2W-104453,2W_2.1kWh,Amptek,AM-2403,2024-02-21,2024-03-03,2.1,31599,98.8,BMS-4.2,,,80.2,False
BAT-2W-104454,2W_2.1kWh,Cellora,CE-2411,2024-11-10,2024-11-25,2.1,29947,99.7,BMS-4.2,,,79.6,False
BAT-2W-104455,2W_2.1kWh,Cellora,CE-2411,2024-10-22,2024-11-03,2.1,32817,99.5,BMS-4.1,,,81.1,False
BAT-2W-104456,2W_2.1kWh,Amptek,AM-2407,2024-07-11,2024-07-25,2.1,31654,99.4,BMS-4.0,,,79.5,False
BAT-2W-104457,2W_2.1kWh,Cellora,CE-2402,2024-01-20,2024-02-16,2.1,32417,98.9,BMS-4.1,,,79.5,False
BAT-2W-104458,2W_2.1kWh,Cellora,CE-2407,2024-07-08,2024-07-25,2.1,33015,98.9,BMS-4.1,,,79.9,False
BAT-2W-104459,2W_2.1kWh,Cellora,CE-2303,2023-02-08,2023-03-24,2.1,30961,98.7,BMS-4.1,,,78.7,False
BAT-2W-104460,2W_2.1kWh,Kyron,KY-2407,2024-10-03,2024-11-01,2.1,31456,98.6,BMS-4.2,2025-06-15,end_of_life,60.6,False
BAT-3W-104461,3W_4.8kWh,Amptek,AM-2504,2025-03-18,2025-04-30,4.8,67048,99.2,BMS-4.1,,,86.9,False
BAT-2W-104462,2W_2.1kWh,Kyron,KY-2407,2024-09-05,2024-10-07,2.1,31370,99.4,BMS-4.2,2025-06-15,end_of_life,64.5,False
BAT-2W-104463,2W_2.1kWh,Cellora,CE-2310,2023-09-01,2023-10-25,2.1,33445,98.3,BMS-4.1,,,78.2,False
BAT-2W-104464,2W_2.1kWh,Cellora,CE-2312,2023-11-04,2023-12-14,2.1,32384,99.5,BMS-4.2,,,80.1,False
BAT-2W-104465,2W_2.1kWh,Amptek,AM-2410,2024-09-21,2024-10-16,2.1,30574,98.5,BMS-4.1,,,78.8,False
BAT-3W-104466,3W_4.8kWh,Cellora,CE-2504,2025-02-27,2025-04-13,4.8,68084,99.3,BMS-4.1,,,86.2,False
BAT-2W-104467,2W_2.1kWh,Amptek,AM-2501,2024-11-28,2025-01-15,2.1,29291,98.7,BMS-4.1,,,79.3,False
BAT-2W-104468,2W_2.1kWh,Amptek,AM-2409,2024-07-21,2024-09-11,2.1,32026,99.3,BMS-4.1,,,79.6,False
BAT-2W-104469,2W_2.1kWh,Cellora,CE-2305,2023-05-16,2023-05-26,2.1,31293,99.1,BMS-4.0,,,79.3,False
BAT-3W-104470,3W_4.8kWh,Amptek,AM-2503,2025-01-14,2025-03-14,4.8,65073,98.7,BMS-4.1,,,86.3,False
BAT-3W-104471,3W_4.8kWh,Cellora,CE-2503,2025-03-08,2025-03-19,4.8,65556,99.3,BMS-4.1,,,87.6,False
BAT-2W-104472,2W_2.1kWh,Kyron,KY-2407,2024-08-20,2024-09-29,2.1,31377,99.4,BMS-4.2,2025-06-15,end_of_life,60.3,False
BAT-2W-104473,2W_2.1kWh,Cellora,CE-2306,2023-04-30,2023-06-21,2.1,32398,99.3,BMS-4.0,,,80.3,False
BAT-3W-104474,3W_4.8kWh,Cellora,CE-2505,2025-04-25,2025-05-18,4.8,70778,99.0,BMS-4.2,,,87.9,False
BAT-2W-104475,2W_2.1kWh,Kyron,KY-2408,2024-09-13,2024-09-25,2.1,34151,99.1,BMS-4.2,2025-06-15,end_of_life,59.9,False
BAT-2W-104476,2W_2.1kWh,Cellora,CE-2310,2023-10-02,2023-10-19,2.1,33429,99.0,BMS-4.0,,,79.5,False
BAT-2W-104477,2W_2.1kWh,Amptek,AM-2406,2024-04-21,2024-06-14,2.1,31119,99.6,BMS-4.1,,,80.2,False
BAT-3W-104478,3W_4.8kWh,Kyron,KY-2408,2024-08-21,2024-08-31,4.8,64403,99.7,BMS-4.1,2025-06-15,end_of_life,67.5,False
BAT-2W-104479,2W_2.1kWh,Kyron,KY-2408,2024-10-23,2024-11-18,2.1,31985,99.2,BMS-4.1,2025-06-15,end_of_life,61.5,False
BAT-3W-104480,3W_4.8kWh,Cellora,CE-2304,2023-03-29,2023-04-22,4.8,67663,99.8,BMS-4.1,,,86.6,False
BAT-2W-104481,2W_2.1kWh,Cellora,CE-2308,2023-08-15,2023-08-30,2.1,31158,99.5,BMS-4.0,,,80.2,False
BAT-2W-104482,2W_2.1kWh,Cellora,CE-2309,2023-08-14,2023-09-11,2.1,33758,99.1,BMS-4.2,,,79.8,False
BAT-2W-104483,2W_2.1kWh,Amptek,AM-2411,2024-10-19,2024-11-22,2.1,33496,99.7,BMS-4.0,,,80.1,False
BAT-2W-104484,2W_2.1kWh,Cellora,CE-2406,2024-05-23,2024-06-28,2.1,32780,99.4,BMS-4.2,,,79.0,False
BAT-2W-104485,2W_2.1kWh,Kyron,KY-2407,2024-10-15,2024-10-27,2.1,33207,99.8,BMS-4.2,2025-06-15,end_of_life,63.4,False
BAT-2W-104486,2W_2.1kWh,Amptek,AM-2404,2024-03-09,2024-04-03,2.1,31934,99.1,BMS-4.1,,,80.5,False
BAT-3W-104487,3W_4.8kWh,Cellora,CE-2303,2023-02-04,2023-03-13,4.8,69300,98.9,BMS-4.0,,,87.1,False
BAT-2W-104488,2W_2.1kWh,Kyron,KY-2409,2024-08-06,2024-09-19,2.1,31259,99.7,BMS-4.2,2025-06-15,end_of_life,59.4,False
BAT-2W-104489,2W_2.1kWh,Cellora,CE-2404,2024-04-03,2024-04-30,2.1,33431,99.6,BMS-4.2,,,79.4,False
BAT-2W-104490,2W_2.1kWh,Cellora,CE-2311,2023-10-10,2023-11-02,2.1,32565,99.6,BMS-4.1,,,81.0,False
BAT-2W-104491,2W_2.1kWh,Cellora,CE-2411,2024-11-02,2024-11-30,2.1,33363,99.2,BMS-4.1,,,79.5,False
BAT-2W-104492,2W_2.1kWh,Cellora,CE-2309,2023-08-19,2023-09-25,2.1,32130,99.0,BMS-4.2,,,79.3,False
BAT-2W-104493,2W_2.1kWh,Cellora,CE-2501,2024-12-07,2025-01-19,2.1,32245,99.3,BMS-4.2,,,80.5,False
BAT-3W-104494,3W_4.8kWh,Cellora,CE-2503,2025-02-24,2025-03-09,4.8,71424,99.0,BMS-4.2,,,86.4,False
BAT-2W-104495,2W_2.1kWh,Amptek,AM-2503,2025-03-04,2025-03-23,2.1,32481,99.1,BMS-4.1,,,78.3,False
BAT-2W-104496,2W_2.1kWh,Cellora,CE-2311,2023-09-25,2023-11-13,2.1,32002,99.6,BMS-4.1,,,81.1,False
BAT-2W-104497,2W_2.1kWh,Cellora,CE-2412,2024-10-31,2024-12-21,2.1,31748,98.9,BMS-4.1,,,79.7,False
BAT-2W-104498,2W_2.1kWh,Cellora,CE-2308,2023-06-24,2023-08-20,2.1,33591,99.0,BMS-4.1,,,79.7,False
BAT-2W-104499,2W_2.1kWh,Cellora,CE-2308,2023-08-04,2023-08-17,2.1,33615,99.8,BMS-4.0,,,80.4,False
BAT-2W-104500,2W_2.1kWh,Amptek,AM-2504,2025-03-24,2025-04-12,2.1,31296,99.0,BMS-4.1,,,79.1,False
BAT-2W-104501,2W_2.1kWh,Cellora,CE-2307,2023-05-27,2023-07-06,2.1,31956,98.4,BMS-4.2,,,80.3,False
BAT-2W-104502,2W_2.1kWh,Cellora,CE-2503,2025-01-14,2025-03-01,2.1,32494,99.1,BMS-4.2,,,79.5,False
BAT-2W-104503,2W_2.1kWh,Kyron,KY-2409,2024-09-22,2024-10-02,2.1,30785,99.2,BMS-4.1,2025-06-15,end_of_life,62.0,False
BAT-2W-104504,2W_2.1kWh,Kyron,KY-2407,2024-08-26,2024-09-12,2.1,32164,99.3,BMS-4.1,2025-06-15,end_of_life,61.0,False
BAT-2W-104505,2W_2.1kWh,Kyron,KY-2409,2024-08-25,2024-10-12,2.1,31779,99.6,BMS-4.1,2025-06-15,end_of_life,58.9,False
BAT-3W-104506,3W_4.8kWh,Amptek,AM-2503,2025-03-07,2025-03-22,4.8,68975,99.2,BMS-4.2,,,86.3,False
BAT-2W-104507,2W_2.1kWh,Kyron,KY-2408,2024-10-26,2024-11-21,2.1,32939,99.6,BMS-4.1,2025-06-15,end_of_life,59.2,False
BAT-2W-104508,2W_2.1kWh,Cellora,CE-2408,2024-07-12,2024-08-14,2.1,32048,98.8,BMS-4.1,,,79.2,False
BAT-2W-104509,2W_2.1kWh,Cellora,CE-2306,2023-05-30,2023-06-10,2.1,32053,99.4,BMS-4.2,,,80.9,False
BAT-2W-104510,2W_2.1kWh,Cellora,CE-2307,2023-06-15,2023-07-07,2.1,32657,99.5,BMS-4.0,,,80.9,False
BAT-2W-104511,2W_2.1kWh,Cellora,CE-2405,2024-04-14,2024-05-29,2.1,30819,99.9,BMS-4.2,,,80.4,False
BAT-2W-104512,2W_2.1kWh,Cellora,CE-2310,2023-08-23,2023-10-03,2.1,29695,99.3,BMS-4.2,,,79.0,False
BAT-3W-104513,3W_4.8kWh,Kyron,KY-2409,2024-07-23,2024-09-14,4.8,69907,98.7,BMS-4.2,2025-06-15,end_of_life,68.8,False
BAT-2W-104514,2W_2.1kWh,Kyron,KY-2408,2024-09-10,2024-09-23,2.1,30767,99.6,BMS-4.1,2025-06-15,end_of_life,59.5,False
BAT-2W-104515,2W_2.1kWh,Cellora,CE-2412,2024-11-10,2024-12-08,2.1,32718,99.3,BMS-4.0,,,78.8,False
BAT-2W-104516,2W_2.1kWh,Cellora,CE-2408,2024-06-29,2024-08-09,2.1,31000,99.3,BMS-4.0,,,80.1,False
BAT-2W-104517,2W_2.1kWh,Amptek,AM-2504,2025-03-29,2025-04-16,2.1,30951,99.0,BMS-4.1,,,78.7,False
BAT-3W-104518,3W_4.8kWh,Amptek,AM-2408,2024-06-25,2024-08-01,4.8,65667,99.1,BMS-4.1,,,87.1,False
BAT-2W-104519,2W_2.1kWh,Amptek,AM-2404,2024-02-27,2024-04-13,2.1,31821,99.2,BMS-4.0,,,79.3,False
BAT-2W-104520,2W_2.1kWh,Cellora,CE-2303,2023-02-11,2023-03-25,2.1,30968,99.0,BMS-4.0,,,80.6,False
BAT-2W-104521,2W_2.1kWh,Cellora,CE-2306,2023-05-27,2023-06-29,2.1,31519,99.0,BMS-4.0,,,80.2,False
BAT-2W-104522,2W_2.1kWh,Kyron,KY-2408,2024-10-27,2024-11-24,2.1,33247,99.3,BMS-4.1,2025-06-15,end_of_life,58.3,False
BAT-3W-104523,3W_4.8kWh,Cellora,CE-2503,2025-01-18,2025-03-05,4.8,69527,99.2,BMS-4.0,,,86.6,False
BAT-2W-104524,2W_2.1kWh,Cellora,CE-2407,2024-06-20,2024-07-16,2.1,33096,99.4,BMS-4.2,,,80.7,False
BAT-2W-104525,2W_2.1kWh,Cellora,CE-2309,2023-08-04,2023-09-07,2.1,29866,98.9,BMS-4.1,,,79.2,False
BAT-2W-104526,2W_2.1kWh,Amptek,AM-2410,2024-09-22,2024-10-20,2.1,31598,99.6,BMS-4.1,,,79.7,False
BAT-2W-104527,2W_2.1kWh,Cellora,CE-2304,2023-03-29,2023-04-10,2.1,32126,99.1,BMS-4.2,,,79.7,False
BAT-2W-104528,2W_2.1kWh,Amptek,AM-2410,2024-09-24,2024-10-23,2.1,32948,98.8,BMS-4.2,,,79.2,False
BAT-2W-104529,2W_2.1kWh,Amptek,AM-2409,2024-07-18,2024-09-05,2.1,32154,99.4,BMS-4.2,,,80.4,False
BAT-2W-104530,2W_2.1kWh,Kyron,KY-2407,2024-08-12,2024-09-10,2.1,33024,99.2,BMS-4.0,2025-06-15,end_of_life,61.7,False
BAT-2W-104531,2W_2.1kWh,Cellora,CE-2311,2023-10-13,2023-11-22,2.1,30327,99.4,BMS-4.2,,,79.5,False
BAT-2W-104532,2W_2.1kWh,Cellora,CE-2401,2023-12-18,2024-01-14,2.1,30744,99.2,BMS-4.1,,,80.9,False
BAT-2W-104533,2W_2.1kWh,Amptek,AM-2404,2024-02-18,2024-04-07,2.1,33767,98.9,BMS-4.1,,,80.8,False
BAT-2W-104534,2W_2.1kWh,Amptek,AM-2405,2024-04-24,2024-05-09,2.1,29737,98.3,BMS-4.2,,,79.3,False
BAT-2W-104535,2W_2.1kWh,Kyron,KY-2408,2024-10-23,2024-11-30,2.1,31479,98.8,BMS-4.1,2025-06-15,end_of_life,60.8,False
BAT-2W-104536,2W_2.1kWh,Amptek,AM-2504,2025-02-22,2025-04-12,2.1,33162,98.5,BMS-4.0,,,78.5,False
BAT-3W-104537,3W_4.8kWh,Amptek,AM-2501,2024-12-10,2025-01-10,4.8,69622,99.3,BMS-4.1,,,84.5,False
BAT-2W-104538,2W_2.1kWh,Cellora,CE-2308,2023-08-03,2023-08-17,2.1,33953,99.7,BMS-4.1,,,80.1,False
BAT-2W-104539,2W_2.1kWh,Cellora,CE-2404,2024-03-05,2024-04-21,2.1,31807,98.8,BMS-4.2,,,78.7,False
BAT-2W-104540,2W_2.1kWh,Cellora,CE-2403,2024-02-27,2024-03-26,2.1,32890,99.3,BMS-4.2,,,80.1,False
BAT-2W-104541,2W_2.1kWh,Kyron,KY-2407,2024-09-09,2024-10-27,2.1,32395,98.5,BMS-4.1,2025-06-15,end_of_life,61.7,False
BAT-2W-104542,2W_2.1kWh,Cellora,CE-2309,2023-08-30,2023-09-24,2.1,32648,99.3,BMS-4.0,,,80.7,False
BAT-2W-104543,2W_2.1kWh,Cellora,CE-2311,2023-10-06,2023-11-25,2.1,31687,99.4,BMS-4.0,,,79.9,False
BAT-2W-104544,2W_2.1kWh,Cellora,CE-2412,2024-12-11,2024-12-26,2.1,30937,99.4,BMS-4.1,,,79.8,False
BAT-2W-104545,2W_2.1kWh,Kyron,KY-2409,2024-10-18,2024-11-27,2.1,33245,99.7,BMS-4.0,2025-06-15,end_of_life,60.4,False
BAT-2W-104546,2W_2.1kWh,Kyron,KY-2407,2024-10-06,2024-11-12,2.1,33596,99.0,BMS-4.1,2025-06-15,end_of_life,57.5,False
BAT-2W-104547,2W_2.1kWh,Kyron,KY-2408,2024-10-08,2024-11-15,2.1,31255,98.7,BMS-4.1,2025-06-15,end_of_life,59.6,False
BAT-2W-104548,2W_2.1kWh,Cellora,CE-2310,2023-09-21,2023-10-07,2.1,29377,99.0,BMS-4.1,,,79.8,False
BAT-3W-104549,3W_4.8kWh,Cellora,CE-2306,2023-05-28,2023-06-27,4.8,66471,99.7,BMS-4.0,,,86.7,False
BAT-2W-104550,2W_2.1kWh,Cellora,CE-2503,2025-02-11,2025-03-23,2.1,31416,99.4,BMS-4.1,,,80.1,False
BAT-2W-104551,2W_2.1kWh,Cellora,CE-2412,2024-11-08,2024-12-16,2.1,33021,99.1,BMS-4.2,,,80.7,False
BAT-3W-104552,3W_4.8kWh,Amptek,AM-2505,2025-03-31,2025-05-15,4.8,68392,98.9,BMS-4.0,,,87.6,False
BAT-2W-104553,2W_2.1kWh,Kyron,KY-2409,2024-08-13,2024-09-21,2.1,30563,98.6,BMS-4.1,2025-06-15,end_of_life,58.3,False
BAT-3W-104554,3W_4.8kWh,Kyron,KY-2415,2025-03-01,2025-03-31,4.8,66647,99.1,BMS-4.0,,,86.0,False
BAT-2W-104555,2W_2.1kWh,Cellora,CE-2307,2023-06-09,2023-07-14,2.1,31719,98.8,BMS-4.1,,,78.3,False
BAT-2W-104556,2W_2.1kWh,Kyron,KY-2409,2024-10-07,2024-10-27,2.1,33309,98.9,BMS-4.2,2025-06-15,end_of_life,60.8,False
BAT-2W-104557,2W_2.1kWh,Kyron,KY-2407,2024-09-16,2024-10-21,2.1,31986,98.7,BMS-4.0,2025-06-15,end_of_life,60.7,False
BAT-2W-104558,2W_2.1kWh,Amptek,AM-2410,2024-09-22,2024-10-03,2.1,32324,99.3,BMS-4.0,,,79.0,False
BAT-2W-104559,2W_2.1kWh,Cellora,CE-2304,2023-03-27,2023-04-20,2.1,31748,99.3,BMS-4.0,,,81.2,False
BAT-2W-104560,2W_2.1kWh,Kyron,KY-2409,2024-09-06,2024-10-19,2.1,34356,98.5,BMS-4.1,2025-06-15,end_of_life,60.8,False
BAT-2W-104561,2W_2.1kWh,Kyron,KY-2409,2024-10-06,2024-10-29,2.1,32530,99.4,BMS-4.2,2025-06-15,end_of_life,59.3,False
BAT-2W-104562,2W_2.1kWh,Kyron,KY-2407,2024-10-08,2024-10-19,2.1,31061,99.1,BMS-4.1,2025-06-15,end_of_life,60.9,False
BAT-2W-104563,2W_2.1kWh,Cellora,CE-2402,2024-02-14,2024-02-24,2.1,32802,98.4,BMS-4.1,,,79.3,False
BAT-2W-104564,2W_2.1kWh,Cellora,CE-2407,2024-06-18,2024-07-09,2.1,31076,98.7,BMS-4.0,,,79.4,False
BAT-2W-104565,2W_2.1kWh,Cellora,CE-2306,2023-06-16,2023-06-30,2.1,32271,98.8,BMS-4.1,,,79.4,False
BAT-2W-104566,2W_2.1kWh,Cellora,CE-2306,2023-05-06,2023-06-05,2.1,33187,99.9,BMS-4.0,,,80.4,False
BAT-2W-104567,2W_2.1kWh,Cellora,CE-2306,2023-05-20,2023-06-19,2.1,32265,99.8,BMS-4.1,,,80.5,False
BAT-3W-104568,3W_4.8kWh,Amptek,AM-2505,2025-04-13,2025-05-22,4.8,64236,98.9,BMS-4.2,,,86.5,False
BAT-2W-104569,2W_2.1kWh,Amptek,AM-2403,2024-02-11,2024-03-02,2.1,33123,99.0,BMS-4.0,,,80.0,False
BAT-2W-104570,2W_2.1kWh,Cellora,CE-2403,2024-02-18,2024-03-04,2.1,30437,99.5,BMS-4.1,,,79.0,False
BAT-2W-104571,2W_2.1kWh,Kyron,KY-2407,2024-09-30,2024-10-17,2.1,32019,98.5,BMS-4.1,2025-06-15,end_of_life,62.0,False
BAT-2W-104572,2W_2.1kWh,Kyron,KY-2407,2024-09-21,2024-10-25,2.1,31586,99.6,BMS-4.1,2025-06-15,end_of_life,63.2,False
BAT-2W-104573,2W_2.1kWh,Kyron,KY-2408,2024-08-10,2024-09-12,2.1,33147,99.4,BMS-4.1,2025-06-15,end_of_life,61.4,False
BAT-2W-104574,2W_2.1kWh,Amptek,AM-2505,2025-04-14,2025-05-09,2.1,32565,99.3,BMS-4.2,,,79.9,False
BAT-3W-104575,3W_4.8kWh,Cellora,CE-2404,2024-04-03,2024-04-21,4.8,68154,99.5,BMS-4.1,,,85.6,False
BAT-2W-104576,2W_2.1kWh,Cellora,CE-2402,2024-01-13,2024-02-21,2.1,31779,99.2,BMS-4.1,,,80.0,False
BAT-2W-104577,2W_2.1kWh,Cellora,CE-2403,2024-01-25,2024-03-17,2.1,32055,99.2,BMS-4.0,,,79.5,False
BAT-2W-104578,2W_2.1kWh,Cellora,CE-2407,2024-06-20,2024-07-29,2.1,29938,99.5,BMS-4.1,,,80.5,False
BAT-2W-104579,2W_2.1kWh,Cellora,CE-2304,2023-03-16,2023-04-11,2.1,32379,100.0,BMS-4.0,,,81.0,False
BAT-2W-104580,2W_2.1kWh,Amptek,AM-2410,2024-08-19,2024-10-13,2.1,31762,98.4,BMS-4.0,,,78.8,False
BAT-2W-104581,2W_2.1kWh,Kyron,KY-2408,2024-08-12,2024-09-29,2.1,31837,99.2,BMS-4.2,2025-06-15,end_of_life,59.9,False
BAT-2W-104582,2W_2.1kWh,Cellora,CE-2405,2024-03-10,2024-05-01,2.1,30311,99.1,BMS-4.2,,,80.3,False
BAT-3W-104583,3W_4.8kWh,Kyron,KY-2410,2024-09-29,2024-10-20,4.8,67027,99.1,BMS-4.0,,,87.2,False
BAT-2W-104584,2W_2.1kWh,Amptek,AM-2505,2025-03-26,2025-05-07,2.1,31587,99.3,BMS-4.0,,,79.8,False
BAT-2W-104585,2W_2.1kWh,Cellora,CE-2306,2023-05-01,2023-06-09,2.1,31923,98.6,BMS-4.0,,,80.3,False
BAT-2W-104586,2W_2.1kWh,Cellora,CE-2312,2023-11-09,2023-12-08,2.1,32097,99.4,BMS-4.1,,,81.7,False
BAT-2W-104587,2W_2.1kWh,Amptek,AM-2411,2024-09-25,2024-11-20,2.1,32413,99.3,BMS-4.0,,,80.8,False
BAT-2W-104588,2W_2.1kWh,Cellora,CE-2405,2024-04-10,2024-05-17,2.1,31880,99.3,BMS-4.0,,,80.4,False
BAT-2W-104589,2W_2.1kWh,Kyron,KY-2408,2024-09-15,2024-10-28,2.1,33182,98.9,BMS-4.2,2025-06-15,end_of_life,60.5,False
BAT-2W-104590,2W_2.1kWh,Amptek,AM-2412,2024-11-08,2024-12-14,2.1,33161,99.9,BMS-4.0,,,79.9,False
BAT-2W-104591,2W_2.1kWh,Cellora,CE-2311,2023-10-08,2023-11-19,2.1,33574,99.0,BMS-4.2,,,79.1,False
BAT-2W-104592,2W_2.1kWh,Amptek,AM-2410,2024-08-18,2024-10-07,2.1,33812,99.0,BMS-4.0,,,77.5,False
BAT-2W-104593,2W_2.1kWh,Cellora,CE-2503,2025-01-31,2025-03-24,2.1,32559,99.6,BMS-4.0,,,80.7,False
BAT-2W-104594,2W_2.1kWh,Cellora,CE-2310,2023-09-15,2023-10-03,2.1,31550,99.3,BMS-4.2,,,80.4,False
BAT-2W-104595,2W_2.1kWh,Cellora,CE-2401,2023-11-18,2024-01-11,2.1,32497,99.2,BMS-4.2,,,80.6,False
BAT-2W-104596,2W_2.1kWh,Cellora,CE-2505,2025-04-25,2025-05-21,2.1,33149,99.5,BMS-4.0,,,79.6,False
BAT-2W-104597,2W_2.1kWh,Cellora,CE-2404,2024-03-20,2024-04-12,2.1,33027,99.3,BMS-4.1,,,80.2,False
BAT-3W-104598,3W_4.8kWh,Amptek,AM-2505,2025-04-22,2025-05-03,4.8,69381,99.3,BMS-4.2,,,87.0,False
BAT-2W-104599,2W_2.1kWh,Cellora,CE-2308,2023-07-17,2023-08-24,2.1,32770,98.2,BMS-4.2,,,79.3,False
BAT-2W-104600,2W_2.1kWh,Kyron,KY-2408,2024-09-14,2024-10-05,2.1,29978,99.2,BMS-4.1,2025-06-15,end_of_life,60.8,False
BAT-2W-104601,2W_2.1kWh,Cellora,CE-2406,2024-04-15,2024-06-06,2.1,31661,99.4,BMS-4.1,,,80.1,False
BAT-2W-104602,2W_2.1kWh,Cellora,CE-2502,2025-01-06,2025-02-28,2.1,31847,99.4,BMS-4.1,,,79.7,False
BAT-2W-104603,2W_2.1kWh,Cellora,CE-2304,2023-02-20,2023-04-04,2.1,33196,98.6,BMS-4.2,,,79.0,False
BAT-3W-104604,3W_4.8kWh,Cellora,CE-2402,2024-01-06,2024-02-17,4.8,66685,99.1,BMS-4.2,,,87.8,False
BAT-2W-104605,2W_2.1kWh,Cellora,CE-2309,2023-08-26,2023-09-27,2.1,31371,99.4,BMS-4.2,,,79.9,False
BAT-2W-104606,2W_2.1kWh,Kyron,KY-2407,2024-09-04,2024-10-15,2.1,30899,99.3,BMS-4.2,2025-06-15,end_of_life,59.8,False
BAT-2W-104607,2W_2.1kWh,Cellora,CE-2306,2023-05-29,2023-06-30,2.1,30547,99.4,BMS-4.2,,,80.2,False
BAT-2W-104608,2W_2.1kWh,Cellora,CE-2304,2023-02-24,2023-04-24,2.1,32107,99.6,BMS-4.2,,,79.9,False
BAT-2W-104609,2W_2.1kWh,Kyron,KY-2409,2024-08-21,2024-09-22,2.1,33451,99.5,BMS-4.1,2025-06-15,end_of_life,63.2,False
BAT-2W-104610,2W_2.1kWh,Cellora,CE-2412,2024-11-06,2024-12-13,2.1,32714,98.6,BMS-4.1,,,79.3,False
BAT-2W-104611,2W_2.1kWh,Amptek,AM-2409,2024-07-22,2024-09-03,2.1,30595,99.8,BMS-4.2,,,81.3,False
BAT-3W-104612,3W_4.8kWh,Cellora,CE-2502,2025-01-04,2025-02-23,4.8,65283,98.8,BMS-4.2,,,87.1,False
BAT-2W-104613,2W_2.1kWh,Cellora,CE-2411,2024-11-08,2024-11-26,2.1,32669,99.2,BMS-4.1,,,80.3,False
BAT-2W-104614,2W_2.1kWh,Cellora,CE-2401,2023-12-16,2024-01-25,2.1,29960,98.9,BMS-4.1,,,77.4,False
BAT-2W-104615,2W_2.1kWh,Amptek,AM-2408,2024-08-10,2024-08-26,2.1,30460,98.4,BMS-4.2,,,80.3,False
BAT-2W-104616,2W_2.1kWh,Kyron,KY-2407,2024-11-05,2024-11-29,2.1,32854,98.8,BMS-4.2,2025-06-15,end_of_life,60.4,False
BAT-2W-104617,2W_2.1kWh,Kyron,KY-2407,2024-10-16,2024-11-21,2.1,31939,98.2,BMS-4.2,2025-06-15,end_of_life,58.3,False
BAT-2W-104618,2W_2.1kWh,Cellora,CE-2409,2024-07-31,2024-09-15,2.1,31825,98.7,BMS-4.0,,,79.4,False
BAT-2W-104619,2W_2.1kWh,Cellora,CE-2403,2024-02-19,2024-03-10,2.1,35208,98.9,BMS-4.1,,,80.6,False
BAT-3W-104620,3W_4.8kWh,Kyron,KY-2412,2024-10-19,2024-12-10,4.8,67196,99.8,BMS-4.0,,,88.4,False
BAT-2W-104621,2W_2.1kWh,Cellora,CE-2403,2024-02-04,2024-03-11,2.1,31070,99.4,BMS-4.2,,,80.4,False
BAT-2W-104622,2W_2.1kWh,Cellora,CE-2409,2024-08-09,2024-09-02,2.1,31630,99.2,BMS-4.2,,,80.2,False
BAT-2W-104623,2W_2.1kWh,Cellora,CE-2504,2025-02-10,2025-04-03,2.1,33455,98.5,BMS-4.0,,,78.9,False
BAT-3W-104624,3W_4.8kWh,Cellora,CE-2505,2025-03-29,2025-05-04,4.8,64241,99.5,BMS-4.1,,,86.6,False
BAT-2W-104625,2W_2.1kWh,Cellora,CE-2410,2024-09-03,2024-10-31,2.1,33729,99.6,BMS-4.0,,,80.3,False
BAT-2W-104626,2W_2.1kWh,Kyron,KY-2408,2024-08-03,2024-09-19,2.1,32502,98.5,BMS-4.1,2025-06-15,end_of_life,60.4,False
BAT-2W-104627,2W_2.1kWh,Kyron,KY-2408,2024-08-17,2024-09-19,2.1,30624,99.3,BMS-4.1,2025-06-15,end_of_life,61.2,False
BAT-2W-104628,2W_2.1kWh,Cellora,CE-2407,2024-07-13,2024-07-26,2.1,33563,99.1,BMS-4.0,,,81.2,False
BAT-2W-104629,2W_2.1kWh,Cellora,CE-2411,2024-10-29,2024-11-09,2.1,31676,99.0,BMS-4.2,,,80.1,False
BAT-2W-104630,2W_2.1kWh,Kyron,KY-2409,2024-09-05,2024-09-25,2.1,32659,99.4,BMS-4.2,2025-06-15,end_of_life,61.1,False
BAT-2W-104631,2W_2.1kWh,Amptek,AM-2506,2025-04-22,2025-06-01,2.1,33901,99.3,BMS-4.2,,,79.5,False
BAT-2W-104632,2W_2.1kWh,Kyron,KY-2408,2024-10-03,2024-10-20,2.1,32680,98.9,BMS-4.2,2025-06-15,end_of_life,61.8,False
BAT-2W-104633,2W_2.1kWh,Amptek,AM-2408,2024-08-01,2024-08-16,2.1,33234,99.4,BMS-4.0,,,79.3,False
BAT-2W-104634,2W_2.1kWh,Kyron,KY-2409,2024-08-30,2024-10-09,2.1,32312,99.9,BMS-4.2,2025-06-15,end_of_life,62.2,False
BAT-2W-104635,2W_2.1kWh,Cellora,CE-2503,2025-02-20,2025-03-07,2.1,31623,98.9,BMS-4.2,,,79.2,False
BAT-2W-104636,2W_2.1kWh,Kyron,KY-2409,2024-09-14,2024-10-04,2.1,32569,99.5,BMS-4.0,2025-06-15,end_of_life,59.4,False
BAT-2W-104637,2W_2.1kWh,Cellora,CE-2305,2023-04-11,2023-05-30,2.1,32853,98.7,BMS-4.0,,,79.1,False
BAT-2W-104638,2W_2.1kWh,Cellora,CE-2501,2024-12-30,2025-01-29,2.1,31562,99.7,BMS-4.1,,,80.5,False
BAT-2W-104639,2W_2.1kWh,Kyron,KY-2409,2024-10-16,2024-11-28,2.1,33572,99.5,BMS-4.1,2025-06-15,end_of_life,63.1,False
BAT-2W-104640,2W_2.1kWh,Cellora,CE-2503,2025-01-14,2025-03-11,2.1,30889,100.0,BMS-4.0,,,81.4,False
BAT-2W-104641,2W_2.1kWh,Cellora,CE-2309,2023-08-01,2023-09-16,2.1,33145,100.0,BMS-4.2,,,81.8,False
BAT-2W-104642,2W_2.1kWh,Cellora,CE-2410,2024-08-30,2024-10-22,2.1,32141,98.7,BMS-4.1,,,80.2,False
BAT-2W-104643,2W_2.1kWh,Cellora,CE-2307,2023-06-22,2023-07-03,2.1,32534,99.2,BMS-4.2,,,81.0,False
BAT-2W-104644,2W_2.1kWh,Amptek,AM-2406,2024-04-08,2024-06-01,2.1,31095,99.2,BMS-4.1,,,80.7,False
BAT-2W-104645,2W_2.1kWh,Kyron,KY-2407,2024-10-02,2024-10-26,2.1,30843,98.0,BMS-4.1,2025-06-15,end_of_life,59.9,False
BAT-2W-104646,2W_2.1kWh,Kyron,KY-2408,2024-10-17,2024-11-03,2.1,31215,98.9,BMS-4.2,2025-06-15,end_of_life,61.1,False
BAT-2W-104647,2W_2.1kWh,Kyron,KY-2408,2024-11-03,2024-11-21,2.1,30538,98.9,BMS-4.1,2025-06-15,end_of_life,60.4,False
BAT-2W-104648,2W_2.1kWh,Cellora,CE-2410,2024-08-18,2024-10-01,2.1,34651,99.5,BMS-4.1,,,81.0,False
BAT-2W-104649,2W_2.1kWh,Cellora,CE-2405,2024-03-12,2024-05-01,2.1,32959,99.1,BMS-4.1,,,80.0,False
BAT-2W-104650,2W_2.1kWh,Amptek,AM-2503,2025-02-07,2025-03-05,2.1,30530,98.7,BMS-4.1,,,78.8,False
BAT-2W-104651,2W_2.1kWh,Cellora,CE-2401,2023-12-28,2024-01-16,2.1,33116,99.5,BMS-4.0,,,83.2,False
BAT-2W-104652,2W_2.1kWh,Kyron,KY-2407,2024-10-29,2024-11-11,2.1,31744,99.1,BMS-4.0,2025-06-15,end_of_life,60.1,False
BAT-2W-104653,2W_2.1kWh,Cellora,CE-2504,2025-03-09,2025-04-17,2.1,30331,98.9,BMS-4.1,,,81.2,False
BAT-2W-104654,2W_2.1kWh,Amptek,AM-2406,2024-05-08,2024-06-16,2.1,31634,99.3,BMS-4.1,,,79.8,False
BAT-2W-104655,2W_2.1kWh,Kyron,KY-2409,2024-11-07,2024-11-18,2.1,33774,99.3,BMS-4.2,2025-06-15,end_of_life,60.5,False
BAT-2W-104656,2W_2.1kWh,Cellora,CE-2310,2023-08-22,2023-10-09,2.1,31646,99.1,BMS-4.0,,,79.1,False
BAT-2W-104657,2W_2.1kWh,Kyron,KY-2407,2024-09-21,2024-10-24,2.1,30255,99.5,BMS-4.0,2025-06-15,end_of_life,60.2,False
BAT-2W-104658,2W_2.1kWh,Cellora,CE-2505,2025-03-19,2025-05-03,2.1,32816,98.5,BMS-4.2,,,80.4,False
BAT-2W-104659,2W_2.1kWh,Amptek,AM-2403,2024-03-17,2024-03-30,2.1,31711,99.4,BMS-4.0,,,80.1,False
BAT-2W-104660,2W_2.1kWh,Cellora,CE-2408,2024-06-12,2024-08-10,2.1,32140,99.0,BMS-4.1,,,80.7,False
BAT-2W-104661,2W_2.1kWh,Kyron,KY-2407,2024-08-21,2024-09-20,2.1,32381,99.4,BMS-4.2,2025-06-15,end_of_life,62.0,False
BAT-2W-104662,2W_2.1kWh,Kyron,KY-2409,2024-11-08,2024-11-29,2.1,32448,99.1,BMS-4.1,2025-06-15,end_of_life,60.4,False
BAT-2W-104663,2W_2.1kWh,Cellora,CE-2308,2023-07-23,2023-08-04,2.1,31905,99.0,BMS-4.2,,,78.6,False
BAT-2W-104664,2W_2.1kWh,Cellora,CE-2305,2023-04-03,2023-05-05,2.1,30904,99.6,BMS-4.0,,,80.5,False
BAT-2W-104665,2W_2.1kWh,Cellora,CE-2408,2024-07-02,2024-08-26,2.1,32062,99.6,BMS-4.2,,,81.1,False
BAT-2W-104666,2W_2.1kWh,Cellora,CE-2407,2024-06-11,2024-07-06,2.1,32235,98.3,BMS-4.2,,,78.9,False
BAT-2W-104667,2W_2.1kWh,Cellora,CE-2403,2024-02-09,2024-03-17,2.1,30585,99.9,BMS-4.0,,,78.8,False
BAT-2W-104668,2W_2.1kWh,Cellora,CE-2304,2023-04-04,2023-04-15,2.1,32661,99.1,BMS-4.1,,,79.1,False
BAT-2W-104669,2W_2.1kWh,Cellora,CE-2401,2023-12-24,2024-01-11,2.1,32603,99.6,BMS-4.2,,,80.4,False
BAT-2W-104670,2W_2.1kWh,Cellora,CE-2310,2023-09-30,2023-10-10,2.1,32863,99.2,BMS-4.1,,,79.8,False
BAT-2W-104671,2W_2.1kWh,Amptek,AM-2404,2024-02-05,2024-04-01,2.1,32571,99.2,BMS-4.2,,,81.0,False
BAT-2W-104672,2W_2.1kWh,Cellora,CE-2305,2023-04-07,2023-05-07,2.1,31128,99.8,BMS-4.2,,,80.9,False
BAT-2W-104673,2W_2.1kWh,Amptek,AM-2407,2024-06-02,2024-07-17,2.1,28768,99.0,BMS-4.1,,,80.2,False
BAT-2W-104674,2W_2.1kWh,Amptek,AM-2412,2024-11-18,2024-12-27,2.1,31970,99.5,BMS-4.2,,,81.0,False
BAT-2W-104675,2W_2.1kWh,Amptek,AM-2412,2024-11-18,2024-12-13,2.1,33315,98.8,BMS-4.0,,,77.9,False
BAT-2W-104676,2W_2.1kWh,Kyron,KY-2408,2024-08-24,2024-09-21,2.1,31016,99.2,BMS-4.2,2025-06-15,end_of_life,58.5,False
BAT-3W-104677,3W_4.8kWh,Amptek,AM-2403,2024-02-06,2024-03-02,4.8,65295,99.8,BMS-4.0,,,86.4,False
BAT-2W-104678,2W_2.1kWh,Kyron,KY-2407,2024-09-08,2024-10-09,2.1,32000,99.2,BMS-4.2,2025-06-15,end_of_life,61.5,False
BAT-2W-104679,2W_2.1kWh,Cellora,CE-2305,2023-03-30,2023-05-14,2.1,30937,99.0,BMS-4.0,,,80.3,False
BAT-2W-104680,2W_2.1kWh,Kyron,KY-2409,2024-11-09,2024-11-21,2.1,29584,99.7,BMS-4.0,2025-06-15,end_of_life,61.6,False
BAT-2W-104681,2W_2.1kWh,Amptek,AM-2406,2024-05-19,2024-06-11,2.1,31563,99.5,BMS-4.0,,,81.4,False
BAT-2W-104682,2W_2.1kWh,Kyron,KY-2409,2024-11-04,2024-11-18,2.1,32374,99.3,BMS-4.2,2025-06-15,end_of_life,59.8,False
BAT-2W-104683,2W_2.1kWh,Cellora,CE-2401,2023-12-14,2024-01-26,2.1,32713,99.2,BMS-4.2,,,80.8,False
BAT-3W-104684,3W_4.8kWh,Kyron,KY-2409,2024-08-21,2024-09-16,4.8,67150,99.2,BMS-4.1,2025-06-15,end_of_life,69.1,False
BAT-2W-104685,2W_2.1kWh,Kyron,KY-2408,2024-10-28,2024-11-27,2.1,33032,98.7,BMS-4.0,2025-06-15,end_of_life,58.3,False
BAT-2W-104686,2W_2.1kWh,Cellora,CE-2401,2023-12-16,2024-01-27,2.1,31527,98.5,BMS-4.0,,,78.8,False
BAT-2W-104687,2W_2.1kWh,Kyron,KY-2408,2024-10-18,2024-11-01,2.1,31050,100.0,BMS-4.1,2025-06-15,end_of_life,59.9,False
BAT-3W-104688,3W_4.8kWh,Kyron,KY-2415,2025-01-25,2025-03-11,4.8,66728,99.2,BMS-4.0,,,86.1,False
BAT-2W-104689,2W_2.1kWh,Kyron,KY-2408,2024-08-29,2024-10-07,2.1,34093,99.3,BMS-4.2,2025-06-15,end_of_life,58.5,False
BAT-3W-104690,3W_4.8kWh,Amptek,AM-2412,2024-10-27,2024-12-23,4.8,71918,99.2,BMS-4.2,,,86.0,False
BAT-2W-104691,2W_2.1kWh,Amptek,AM-2406,2024-05-06,2024-06-04,2.1,31202,99.9,BMS-4.2,,,82.9,False
BAT-2W-104692,2W_2.1kWh,Kyron,KY-2409,2024-08-27,2024-09-16,2.1,30836,99.3,BMS-4.1,2025-06-15,end_of_life,61.9,False
BAT-3W-104693,3W_4.8kWh,Cellora,CE-2303,2023-02-15,2023-03-15,4.8,70841,99.0,BMS-4.2,,,87.5,False
BAT-2W-104694,2W_2.1kWh,Amptek,AM-2411,2024-09-21,2024-11-07,2.1,31269,100.0,BMS-4.0,,,80.9,False
BAT-2W-104695,2W_2.1kWh,Cellora,CE-2502,2024-12-22,2025-02-16,2.1,31660,98.8,BMS-4.1,,,78.2,False
BAT-2W-104696,2W_2.1kWh,Cellora,CE-2403,2024-01-30,2024-03-28,2.1,32333,99.4,BMS-4.1,,,79.7,False
BAT-2W-104697,2W_2.1kWh,Kyron,KY-2409,2024-08-19,2024-09-23,2.1,32914,99.2,BMS-4.2,2025-06-15,end_of_life,59.6,False
BAT-2W-104698,2W_2.1kWh,Cellora,CE-2401,2023-11-17,2024-01-09,2.1,33578,99.8,BMS-4.0,,,80.4,False
BAT-2W-104699,2W_2.1kWh,Amptek,AM-2403,2024-01-29,2024-03-22,2.1,33234,99.2,BMS-4.0,,,80.7,False
BAT-2W-104700,2W_2.1kWh,Cellora,CE-2408,2024-06-26,2024-08-08,2.1,34136,99.0,BMS-4.1,,,80.6,False
BAT-2W-104701,2W_2.1kWh,Cellora,CE-2312,2023-11-30,2023-12-23,2.1,31515,99.1,BMS-4.1,,,80.6,False
BAT-2W-104702,2W_2.1kWh,Amptek,AM-2411,2024-09-28,2024-11-18,2.1,30757,98.7,BMS-4.0,,,79.7,False
BAT-2W-104703,2W_2.1kWh,Kyron,KY-2407,2024-10-05,2024-11-12,2.1,31888,98.9,BMS-4.0,2025-06-15,end_of_life,60.9,False
BAT-2W-104704,2W_2.1kWh,Kyron,KY-2408,2024-08-29,2024-10-05,2.1,33017,98.6,BMS-4.0,2025-06-15,end_of_life,62.0,False
BAT-2W-104705,2W_2.1kWh,Kyron,KY-2409,2024-09-04,2024-09-19,2.1,30590,99.1,BMS-4.0,2025-06-15,end_of_life,59.2,False
BAT-2W-104706,2W_2.1kWh,Cellora,CE-2304,2023-03-16,2023-04-27,2.1,31319,99.6,BMS-4.1,,,80.3,False
BAT-2W-104707,2W_2.1kWh,Kyron,KY-2409,2024-09-05,2024-09-22,2.1,31794,99.7,BMS-4.0,2025-06-15,end_of_life,59.1,False
BAT-2W-104708,2W_2.1kWh,Amptek,AM-2504,2025-03-15,2025-04-12,2.1,31127,98.9,BMS-4.1,,,79.9,False
BAT-2W-104709,2W_2.1kWh,Kyron,KY-2408,2024-11-13,2024-11-29,2.1,32168,99.1,BMS-4.0,2025-06-15,end_of_life,59.2,False
BAT-2W-104710,2W_2.1kWh,Cellora,CE-2404,2024-02-27,2024-04-25,2.1,29763,99.1,BMS-4.0,,,80.3,False
BAT-2W-104711,2W_2.1kWh,Kyron,KY-2408,2024-09-02,2024-10-14,2.1,33707,99.5,BMS-4.2,2025-06-15,end_of_life,60.7,False
BAT-2W-104712,2W_2.1kWh,Cellora,CE-2411,2024-10-21,2024-11-17,2.1,31482,99.1,BMS-4.2,,,79.6,False
BAT-2W-104713,2W_2.1kWh,Kyron,KY-2408,2024-08-11,2024-09-22,2.1,31624,98.9,BMS-4.0,2025-06-15,end_of_life,60.1,False
BAT-2W-104714,2W_2.1kWh,Cellora,CE-2304,2023-03-29,2023-04-13,2.1,31829,99.0,BMS-4.2,,,81.4,False
BAT-2W-104715,2W_2.1kWh,Kyron,KY-2408,2024-08-19,2024-09-11,2.1,31067,98.8,BMS-4.1,2025-06-15,end_of_life,58.7,False
BAT-3W-104716,3W_4.8kWh,Cellora,CE-2401,2023-12-26,2024-01-12,4.8,68159,99.2,BMS-4.1,,,86.2,False
BAT-2W-104717,2W_2.1kWh,Cellora,CE-2311,2023-10-20,2023-11-17,2.1,32798,99.1,BMS-4.0,,,79.3,False
BAT-2W-104718,2W_2.1kWh,Cellora,CE-2310,2023-09-29,2023-10-29,2.1,32301,98.6,BMS-4.0,,,78.7,False
BAT-2W-104719,2W_2.1kWh,Kyron,KY-2407,2024-08-26,2024-09-23,2.1,34019,99.1,BMS-4.1,2025-06-15,end_of_life,60.3,False
BAT-2W-104720,2W_2.1kWh,Kyron,KY-2409,2024-09-19,2024-10-28,2.1,28946,99.2,BMS-4.2,2025-06-15,end_of_life,60.5,False
BAT-2W-104721,2W_2.1kWh,Kyron,KY-2409,2024-08-03,2024-09-16,2.1,30062,99.3,BMS-4.0,2025-06-15,end_of_life,61.1,False
BAT-2W-104722,2W_2.1kWh,Cellora,CE-2504,2025-02-05,2025-04-02,2.1,32603,99.3,BMS-4.0,,,79.6,False
BAT-2W-104723,2W_2.1kWh,Cellora,CE-2304,2023-03-03,2023-04-25,2.1,32609,98.9,BMS-4.1,,,79.7,False
BAT-2W-104724,2W_2.1kWh,Cellora,CE-2304,2023-04-02,2023-04-20,2.1,32271,99.0,BMS-4.0,,,80.3,False
BAT-2W-104725,2W_2.1kWh,Cellora,CE-2504,2025-02-24,2025-04-04,2.1,31431,99.0,BMS-4.2,,,78.8,False
BAT-2W-104726,2W_2.1kWh,Cellora,CE-2411,2024-10-03,2024-11-25,2.1,32632,98.7,BMS-4.2,,,80.2,False
BAT-2W-104727,2W_2.1kWh,Cellora,CE-2312,2023-11-11,2023-12-09,2.1,30214,98.8,BMS-4.0,,,80.3,False
BAT-2W-104728,2W_2.1kWh,Cellora,CE-2402,2023-12-30,2024-02-04,2.1,29894,99.4,BMS-4.2,,,81.3,False
BAT-2W-104729,2W_2.1kWh,Cellora,CE-2412,2024-11-13,2024-12-25,2.1,34004,99.3,BMS-4.2,,,80.2,False
BAT-2W-104730,2W_2.1kWh,Amptek,AM-2406,2024-05-22,2024-06-28,2.1,31618,99.3,BMS-4.2,,,80.8,False
BAT-2W-104731,2W_2.1kWh,Kyron,KY-2409,2024-09-29,2024-11-11,2.1,31811,99.5,BMS-4.0,2025-06-15,end_of_life,59.3,False
BAT-2W-104732,2W_2.1kWh,Amptek,AM-2504,2025-02-08,2025-04-05,2.1,31478,99.0,BMS-4.2,,,80.3,False
BAT-2W-104733,2W_2.1kWh,Amptek,AM-2403,2024-01-22,2024-03-12,2.1,32587,99.3,BMS-4.2,,,81.7,False
BAT-2W-104734,2W_2.1kWh,Cellora,CE-2305,2023-04-08,2023-05-31,2.1,31250,98.6,BMS-4.2,,,78.7,False
BAT-2W-104735,2W_2.1kWh,Amptek,AM-2504,2025-03-09,2025-04-06,2.1,32423,99.0,BMS-4.2,,,81.0,False
BAT-2W-104736,2W_2.1kWh,Kyron,KY-2408,2024-10-21,2024-11-27,2.1,33104,99.0,BMS-4.1,2025-06-15,end_of_life,61.6,False
BAT-2W-104737,2W_2.1kWh,Amptek,AM-2405,2024-04-07,2024-05-03,2.1,32872,98.8,BMS-4.1,,,80.6,False
BAT-2W-104738,2W_2.1kWh,Kyron,KY-2409,2024-10-04,2024-10-15,2.1,31948,99.0,BMS-4.0,2025-06-15,end_of_life,58.1,False
BAT-2W-104739,2W_2.1kWh,Kyron,KY-2407,2024-09-05,2024-10-10,2.1,31039,99.4,BMS-4.2,2025-06-15,end_of_life,61.5,False
BAT-2W-104740,2W_2.1kWh,Amptek,AM-2501,2024-11-26,2025-01-17,2.1,32903,99.5,BMS-4.1,,,78.3,False
BAT-2W-104741,2W_2.1kWh,Cellora,CE-2407,2024-06-19,2024-07-27,2.1,33950,99.6,BMS-4.0,,,78.8,False
BAT-2W-104742,2W_2.1kWh,Cellora,CE-2505,2025-04-08,2025-05-07,2.1,33634,99.8,BMS-4.1,,,80.4,False
BAT-3W-104743,3W_4.8kWh,Kyron,KY-2407,2024-06-23,2024-07-31,4.8,70743,99.4,BMS-4.0,,,70.6,False
BAT-2W-104744,2W_2.1kWh,Cellora,CE-2303,2023-01-26,2023-03-16,2.1,30878,99.1,BMS-4.0,,,80.6,False
BAT-3W-104745,3W_4.8kWh,Cellora,CE-2409,2024-09-09,2024-09-25,4.8,70733,98.5,BMS-4.1,,,84.7,False
BAT-2W-104746,2W_2.1kWh,Kyron,KY-2409,2024-10-24,2024-11-27,2.1,32311,98.7,BMS-4.0,2025-06-15,end_of_life,59.2,False
BAT-2W-104747,2W_2.1kWh,Kyron,KY-2408,2024-08-09,2024-09-11,2.1,32195,99.3,BMS-4.0,2025-06-15,end_of_life,61.0,False
BAT-2W-104748,2W_2.1kWh,Cellora,CE-2305,2023-03-23,2023-05-12,2.1,30436,99.0,BMS-4.2,,,82.4,False
BAT-2W-104749,2W_2.1kWh,Amptek,AM-2504,2025-03-02,2025-04-23,2.1,32129,99.5,BMS-4.0,,,81.2,False
BAT-2W-104750,2W_2.1kWh,Kyron,KY-2409,2024-11-01,2024-11-18,2.1,31998,99.7,BMS-4.0,2025-06-15,end_of_life,61.5,False
BAT-3W-104751,3W_4.8kWh,Cellora,CE-2309,2023-08-21,2023-09-06,4.8,67874,99.1,BMS-4.2,,,85.6,False
BAT-2W-104752,2W_2.1kWh,Cellora,CE-2504,2025-04-04,2025-04-18,2.1,32814,99.2,BMS-4.2,,,79.3,False
BAT-3W-104753,3W_4.8kWh,Amptek,AM-2405,2024-04-14,2024-05-14,4.8,65548,98.8,BMS-4.0,,,85.4,False
BAT-2W-104754,2W_2.1kWh,Cellora,CE-2305,2023-04-29,2023-05-31,2.1,31962,99.6,BMS-4.1,,,79.6,False
BAT-2W-104755,2W_2.1kWh,Cellora,CE-2412,2024-11-10,2024-12-29,2.1,33942,99.8,BMS-4.2,,,82.6,False
BAT-2W-104756,2W_2.1kWh,Cellora,CE-2310,2023-09-30,2023-10-20,2.1,31299,98.6,BMS-4.0,,,80.0,False
BAT-2W-104757,2W_2.1kWh,Cellora,CE-2304,2023-02-18,2023-04-17,2.1,33238,99.2,BMS-4.1,,,79.5,False
BAT-2W-104758,2W_2.1kWh,Cellora,CE-2408,2024-07-04,2024-08-22,2.1,34167,99.2,BMS-4.1,,,79.3,False
BAT-2W-104759,2W_2.1kWh,Cellora,CE-2505,2025-03-22,2025-05-16,2.1,31827,99.6,BMS-4.2,,,78.9,False
BAT-2W-104760,2W_2.1kWh,Cellora,CE-2406,2024-05-19,2024-06-17,2.1,31508,99.6,BMS-4.2,,,79.5,False
BAT-2W-104761,2W_2.1kWh,Cellora,CE-2403,2024-02-03,2024-03-16,2.1,32816,99.1,BMS-4.0,,,80.0,False
BAT-2W-104762,2W_2.1kWh,Amptek,AM-2407,2024-05-31,2024-07-17,2.1,34173,98.6,BMS-4.2,,,79.0,False
BAT-2W-104763,2W_2.1kWh,Cellora,CE-2408,2024-07-21,2024-08-04,2.1,31962,99.8,BMS-4.1,,,80.5,False
BAT-2W-104764,2W_2.1kWh,Kyron,KY-2407,2024-10-16,2024-10-31,2.1,31227,98.8,BMS-4.0,2025-06-15,end_of_life,57.4,False
BAT-2W-104765,2W_2.1kWh,Cellora,CE-2304,2023-02-19,2023-04-09,2.1,31377,98.4,BMS-4.0,,,78.4,False
BAT-2W-104766,2W_2.1kWh,Kyron,KY-2407,2024-09-27,2024-10-14,2.1,29895,99.1,BMS-4.1,2025-06-15,end_of_life,60.2,False
BAT-2W-104767,2W_2.1kWh,Cellora,CE-2312,2023-10-28,2023-12-08,2.1,31168,100.0,BMS-4.1,,,80.6,False
BAT-2W-104768,2W_2.1kWh,Cellora,CE-2403,2024-01-27,2024-03-11,2.1,31234,99.1,BMS-4.2,,,80.3,False
BAT-2W-104769,2W_2.1kWh,Cellora,CE-2405,2024-03-16,2024-05-07,2.1,32564,99.7,BMS-4.0,,,80.9,False
BAT-2W-104770,2W_2.1kWh,Kyron,KY-2408,2024-08-13,2024-09-16,2.1,32638,99.0,BMS-4.0,2025-06-15,end_of_life,63.1,False
BAT-2W-104771,2W_2.1kWh,Cellora,CE-2403,2024-01-25,2024-03-22,2.1,31931,98.8,BMS-4.2,,,79.6,False
BAT-2W-104772,2W_2.1kWh,Kyron,KY-2408,2024-09-16,2024-10-13,2.1,31850,99.1,BMS-4.1,2025-06-15,end_of_life,59.7,False
BAT-2W-104773,2W_2.1kWh,Amptek,AM-2505,2025-04-22,2025-05-08,2.1,32004,99.6,BMS-4.1,,,81.7,False
BAT-2W-104774,2W_2.1kWh,Cellora,CE-2407,2024-05-28,2024-07-25,2.1,32870,98.7,BMS-4.0,,,79.8,False
BAT-2W-104775,2W_2.1kWh,Kyron,KY-2407,2024-09-30,2024-10-26,2.1,33249,98.9,BMS-4.2,2025-06-15,end_of_life,58.1,False
BAT-2W-104776,2W_2.1kWh,Cellora,CE-2312,2023-10-08,2023-12-03,2.1,32492,98.7,BMS-4.2,,,79.3,False
BAT-2W-104777,2W_2.1kWh,Amptek,AM-2407,2024-06-12,2024-07-05,2.1,32393,99.1,BMS-4.1,,,80.5,False
BAT-2W-104778,2W_2.1kWh,Cellora,CE-2402,2024-02-06,2024-02-24,2.1,33089,98.8,BMS-4.1,,,79.0,False
BAT-2W-104779,2W_2.1kWh,Cellora,CE-2412,2024-12-11,2024-12-25,2.1,31909,99.3,BMS-4.1,,,81.1,False
BAT-2W-104780,2W_2.1kWh,Kyron,KY-2408,2024-08-17,2024-09-13,2.1,31893,98.8,BMS-4.0,2025-06-15,end_of_life,59.7,False
BAT-2W-104781,2W_2.1kWh,Amptek,AM-2505,2025-03-24,2025-05-08,2.1,31403,99.0,BMS-4.0,,,79.3,False
BAT-3W-104782,3W_4.8kWh,Amptek,AM-2406,2024-04-25,2024-06-16,4.8,66650,99.4,BMS-4.1,,,87.2,False
BAT-2W-104783,2W_2.1kWh,Kyron,KY-2408,2024-08-12,2024-09-29,2.1,33475,99.6,BMS-4.2,2025-06-15,end_of_life,59.4,False
BAT-2W-104784,2W_2.1kWh,Amptek,AM-2408,2024-07-23,2024-08-12,2.1,32366,99.4,BMS-4.2,,,80.5,False
BAT-2W-104785,2W_2.1kWh,Amptek,AM-2409,2024-08-03,2024-09-15,2.1,32292,99.1,BMS-4.2,,,80.6,False
BAT-2W-104786,2W_2.1kWh,Cellora,CE-2505,2025-04-14,2025-05-09,2.1,32730,99.1,BMS-4.0,,,80.7,False
BAT-2W-104787,2W_2.1kWh,Cellora,CE-2308,2023-07-07,2023-08-06,2.1,31028,98.9,BMS-4.2,,,79.1,False
BAT-2W-104788,2W_2.1kWh,Amptek,AM-2407,2024-06-10,2024-07-03,2.1,32311,99.8,BMS-4.2,,,79.5,False
BAT-2W-104789,2W_2.1kWh,Kyron,KY-2408,2024-09-03,2024-10-04,2.1,33537,99.6,BMS-4.2,2025-06-15,end_of_life,57.4,False
BAT-2W-104790,2W_2.1kWh,Cellora,CE-2402,2024-02-12,2024-02-23,2.1,30398,99.6,BMS-4.0,,,79.7,False
BAT-2W-104791,2W_2.1kWh,Cellora,CE-2309,2023-08-05,2023-09-12,2.1,32005,99.7,BMS-4.2,,,80.0,False
BAT-2W-104792,2W_2.1kWh,Kyron,KY-2407,2024-10-13,2024-11-06,2.1,31030,99.4,BMS-4.1,2025-06-15,end_of_life,63.2,False
BAT-2W-104793,2W_2.1kWh,Kyron,KY-2409,2024-09-12,2024-10-19,2.1,32642,99.3,BMS-4.0,2025-06-15,end_of_life,60.2,False
BAT-2W-104794,2W_2.1kWh,Cellora,CE-2402,2024-01-10,2024-02-05,2.1,28660,99.5,BMS-4.0,,,79.8,False
BAT-2W-104795,2W_2.1kWh,Amptek,AM-2505,2025-04-03,2025-05-23,2.1,32015,99.7,BMS-4.2,,,80.5,False
BAT-2W-104796,2W_2.1kWh,Amptek,AM-2405,2024-04-09,2024-05-10,2.1,32526,99.7,BMS-4.0,,,80.9,False
BAT-2W-104797,2W_2.1kWh,Kyron,KY-2409,2024-08-17,2024-09-30,2.1,30975,99.1,BMS-4.1,2025-06-15,end_of_life,60.5,False
BAT-3W-104798,3W_4.8kWh,Cellora,CE-2411,2024-11-02,2024-11-18,4.8,68025,99.9,BMS-4.0,,,86.0,False
BAT-3W-104799,3W_4.8kWh,Amptek,AM-2504,2025-03-20,2025-04-17,4.8,66404,99.1,BMS-4.0,,,86.1,False
BAT-2W-104800,2W_2.1kWh,Cellora,CE-2307,2023-06-22,2023-07-25,2.1,31234,99.0,BMS-4.1,,,78.7,False
BAT-2W-104801,2W_2.1kWh,Kyron,KY-2408,2024-10-08,2024-10-18,2.1,31384,98.8,BMS-4.0,2025-06-15,end_of_life,60.3,False
BAT-2W-104802,2W_2.1kWh,Cellora,CE-2311,2023-10-13,2023-11-21,2.1,31797,98.7,BMS-4.2,,,79.6,False
BAT-2W-104803,2W_2.1kWh,Kyron,KY-2409,2024-09-20,2024-10-30,2.1,30470,99.2,BMS-4.0,2025-06-15,end_of_life,60.4,False
BAT-2W-104804,2W_2.1kWh,Cellora,CE-2408,2024-07-26,2024-08-28,2.1,31632,99.1,BMS-4.2,,,80.0,False
BAT-2W-104805,2W_2.1kWh,Cellora,CE-2402,2023-12-08,2024-02-03,2.1,33138,98.6,BMS-4.0,,,79.6,False
BAT-2W-104806,2W_2.1kWh,Cellora,CE-2311,2023-10-29,2023-11-24,2.1,28115,99.4,BMS-4.1,,,78.1,False
BAT-2W-104807,2W_2.1kWh,Amptek,AM-2501,2024-12-16,2025-01-09,2.1,33318,99.1,BMS-4.1,,,79.3,False
BAT-2W-104808,2W_2.1kWh,Cellora,CE-2402,2024-02-10,2024-02-22,2.1,30052,99.4,BMS-4.0,,,79.7,False
BAT-2W-104809,2W_2.1kWh,Cellora,CE-2303,2023-02-05,2023-03-18,2.1,30794,99.1,BMS-4.2,,,78.6,False
BAT-2W-104810,2W_2.1kWh,Cellora,CE-2504,2025-03-16,2025-04-17,2.1,30673,99.6,BMS-4.0,,,79.3,False
BAT-2W-104811,2W_2.1kWh,Kyron,KY-2409,2024-09-22,2024-10-16,2.1,31743,98.8,BMS-4.1,2025-06-15,end_of_life,62.0,False
BAT-2W-104812,2W_2.1kWh,Cellora,CE-2405,2024-04-01,2024-05-01,2.1,31782,98.3,BMS-4.2,,,78.9,False
BAT-2W-104813,2W_2.1kWh,Amptek,AM-2404,2024-02-21,2024-04-16,2.1,30597,98.5,BMS-4.2,,,79.8,False
BAT-2W-104814,2W_2.1kWh,Cellora,CE-2411,2024-11-05,2024-11-22,2.1,31880,100.0,BMS-4.2,,,81.2,False
BAT-2W-104815,2W_2.1kWh,Amptek,AM-2412,2024-11-13,2024-12-01,2.1,32084,98.9,BMS-4.1,,,79.8,False
BAT-2W-104816,2W_2.1kWh,Cellora,CE-2304,2023-03-16,2023-04-30,2.1,32510,98.8,BMS-4.2,,,79.1,False
BAT-2W-104817,2W_2.1kWh,Cellora,CE-2402,2023-12-25,2024-02-01,2.1,33080,98.9,BMS-4.0,,,80.8,False
BAT-2W-104818,2W_2.1kWh,Cellora,CE-2502,2025-01-21,2025-02-22,2.1,33116,99.0,BMS-4.1,,,79.0,False
BAT-3W-104819,3W_4.8kWh,Cellora,CE-2503,2025-01-29,2025-03-01,4.8,63716,99.2,BMS-4.0,,,87.6,False
BAT-2W-104820,2W_2.1kWh,Kyron,KY-2407,2024-08-07,2024-09-19,2.1,32299,98.3,BMS-4.1,2025-06-15,end_of_life,57.5,False
BAT-2W-104821,2W_2.1kWh,Cellora,CE-2311,2023-09-24,2023-11-08,2.1,33100,99.2,BMS-4.1,,,80.7,False
BAT-2W-104822,2W_2.1kWh,Kyron,KY-2407,2024-10-02,2024-10-15,2.1,33149,99.2,BMS-4.2,2025-06-15,end_of_life,61.4,False
BAT-2W-104823,2W_2.1kWh,Kyron,KY-2409,2024-10-13,2024-11-16,2.1,31382,99.3,BMS-4.1,2025-06-15,end_of_life,59.8,False
BAT-2W-104824,2W_2.1kWh,Cellora,CE-2401,2024-01-11,2024-01-28,2.1,32117,100.0,BMS-4.0,,,81.4,False
BAT-2W-104825,2W_2.1kWh,Cellora,CE-2412,2024-11-30,2024-12-17,2.1,31081,99.7,BMS-4.0,,,80.0,False
BAT-3W-104826,3W_4.8kWh,Cellora,CE-2403,2024-02-18,2024-03-12,4.8,65612,99.2,BMS-4.1,,,84.7,False
BAT-2W-104827,2W_2.1kWh,Amptek,AM-2412,2024-11-21,2024-12-18,2.1,32542,99.2,BMS-4.1,,,80.9,False
BAT-2W-104828,2W_2.1kWh,Kyron,KY-2407,2024-10-23,2024-11-29,2.1,31160,100.0,BMS-4.2,2025-06-15,end_of_life,60.9,False
BAT-2W-104829,2W_2.1kWh,Amptek,AM-2406,2024-05-06,2024-06-13,2.1,31832,99.3,BMS-4.2,,,81.5,False
BAT-2W-104830,2W_2.1kWh,Cellora,CE-2410,2024-09-03,2024-10-31,2.1,33282,99.7,BMS-4.2,,,79.9,False
BAT-2W-104831,2W_2.1kWh,Cellora,CE-2307,2023-05-22,2023-07-17,2.1,32490,99.2,BMS-4.0,,,81.5,False
BAT-2W-104832,2W_2.1kWh,Cellora,CE-2401,2024-01-14,2024-01-30,2.1,31585,99.1,BMS-4.1,,,79.9,False
BAT-2W-104833,2W_2.1kWh,Cellora,CE-2502,2024-12-23,2025-02-08,2.1,29764,99.1,BMS-4.0,,,80.4,False
BAT-2W-104834,2W_2.1kWh,Kyron,KY-2408,2024-10-16,2024-11-18,2.1,32252,99.9,BMS-4.2,2025-06-15,end_of_life,60.3,False
BAT-2W-104835,2W_2.1kWh,Kyron,KY-2409,2024-09-06,2024-10-14,2.1,33738,99.4,BMS-4.2,2025-06-15,end_of_life,56.7,False
BAT-2W-104836,2W_2.1kWh,Kyron,KY-2409,2024-07-28,2024-09-12,2.1,32763,99.4,BMS-4.2,2025-06-15,end_of_life,61.9,False
BAT-2W-104837,2W_2.1kWh,Cellora,CE-2310,2023-09-23,2023-10-14,2.1,30661,98.9,BMS-4.1,,,78.7,False
BAT-3W-104838,3W_4.8kWh,Amptek,AM-2501,2025-01-01,2025-01-17,4.8,66304,99.5,BMS-4.0,,,87.0,False
BAT-2W-104839,2W_2.1kWh,Cellora,CE-2405,2024-05-10,2024-05-25,2.1,31968,98.2,BMS-4.2,,,79.1,False
BAT-2W-104840,2W_2.1kWh,Kyron,KY-2408,2024-10-19,2024-10-30,2.1,31080,99.5,BMS-4.1,2025-06-15,end_of_life,62.2,False
BAT-2W-104841,2W_2.1kWh,Kyron,KY-2409,2024-08-20,2024-09-11,2.1,31837,99.3,BMS-4.0,2025-06-15,end_of_life,60.7,False
BAT-2W-104842,2W_2.1kWh,Cellora,CE-2412,2024-11-24,2024-12-17,2.1,29886,99.0,BMS-4.0,,,79.0,False
BAT-2W-104843,2W_2.1kWh,Cellora,CE-2303,2023-01-27,2023-03-15,2.1,31839,99.4,BMS-4.0,,,80.7,False
BAT-2W-104844,2W_2.1kWh,Amptek,AM-2405,2024-04-09,2024-05-14,2.1,34208,99.6,BMS-4.2,,,81.3,False
BAT-2W-104845,2W_2.1kWh,Cellora,CE-2412,2024-10-17,2024-12-08,2.1,31659,100.0,BMS-4.2,,,80.2,False
BAT-2W-104846,2W_2.1kWh,Cellora,CE-2410,2024-09-17,2024-10-02,2.1,32541,99.6,BMS-4.2,,,81.9,False
BAT-2W-104847,2W_2.1kWh,Cellora,CE-2304,2023-03-25,2023-04-09,2.1,30822,98.9,BMS-4.1,,,80.5,False
BAT-2W-104848,2W_2.1kWh,Cellora,CE-2304,2023-04-04,2023-04-16,2.1,32404,99.2,BMS-4.0,,,79.9,False
BAT-2W-104849,2W_2.1kWh,Cellora,CE-2404,2024-02-26,2024-04-11,2.1,31877,99.7,BMS-4.2,,,79.6,False
BAT-2W-104850,2W_2.1kWh,Cellora,CE-2307,2023-05-18,2023-07-12,2.1,32633,98.4,BMS-4.1,,,79.7,False
BAT-3W-104851,3W_4.8kWh,Amptek,AM-2501,2024-12-10,2025-01-29,4.8,70380,99.4,BMS-4.0,,,86.1,False
BAT-2W-104852,2W_2.1kWh,Kyron,KY-2407,2024-10-06,2024-10-18,2.1,32345,99.0,BMS-4.2,2025-06-15,end_of_life,59.1,False
BAT-2W-104853,2W_2.1kWh,Amptek,AM-2502,2025-01-23,2025-02-08,2.1,33152,99.2,BMS-4.0,,,81.2,False
BAT-2W-104854,2W_2.1kWh,Amptek,AM-2505,2025-04-07,2025-05-27,2.1,31730,98.9,BMS-4.2,,,79.6,False
BAT-2W-104855,2W_2.1kWh,Amptek,AM-2409,2024-08-12,2024-09-16,2.1,33334,99.5,BMS-4.2,,,80.5,False
BAT-2W-104856,2W_2.1kWh,Cellora,CE-2303,2023-02-23,2023-03-05,2.1,31655,99.6,BMS-4.0,,,80.0,False
BAT-3W-104857,3W_4.8kWh,Kyron,KY-2414,2025-01-02,2025-02-17,4.8,68120,99.1,BMS-4.2,,,87.4,False
BAT-2W-104858,2W_2.1kWh,Kyron,KY-2409,2024-10-12,2024-10-26,2.1,31349,98.7,BMS-4.2,2025-06-15,end_of_life,61.3,False
BAT-2W-104859,2W_2.1kWh,Cellora,CE-2310,2023-10-13,2023-10-29,2.1,30900,99.3,BMS-4.0,,,80.1,False
BAT-2W-104860,2W_2.1kWh,Cellora,CE-2412,2024-11-28,2024-12-30,2.1,30732,99.2,BMS-4.2,,,81.4,False
BAT-2W-104861,2W_2.1kWh,Cellora,CE-2409,2024-07-27,2024-09-04,2.1,32450,99.1,BMS-4.2,,,81.4,False
BAT-2W-104862,2W_2.1kWh,Amptek,AM-2502,2025-01-19,2025-02-16,2.1,31164,99.5,BMS-4.0,,,80.2,False
BAT-2W-104863,2W_2.1kWh,Kyron,KY-2409,2024-09-24,2024-10-12,2.1,30600,99.9,BMS-4.0,2025-06-15,end_of_life,62.6,False
BAT-2W-104864,2W_2.1kWh,Cellora,CE-2310,2023-10-18,2023-10-28,2.1,34274,99.3,BMS-4.2,,,80.0,False
BAT-3W-104865,3W_4.8kWh,Cellora,CE-2402,2023-12-29,2024-02-09,4.8,71764,98.2,BMS-4.1,,,85.5,False
BAT-2W-104866,2W_2.1kWh,Cellora,CE-2403,2024-02-20,2024-03-29,2.1,31027,99.5,BMS-4.0,,,80.5,False
BAT-3W-104867,3W_4.8kWh,Cellora,CE-2410,2024-09-17,2024-10-26,4.8,70378,99.7,BMS-4.2,,,86.7,False
BAT-2W-104868,2W_2.1kWh,Cellora,CE-2501,2024-12-16,2025-01-22,2.1,31889,99.4,BMS-4.2,,,79.6,False
BAT-2W-104869,2W_2.1kWh,Cellora,CE-2503,2025-02-14,2025-03-15,2.1,35133,98.8,BMS-4.2,,,80.3,False
BAT-3W-104870,3W_4.8kWh,Kyron,KY-2412,2024-11-05,2024-12-03,4.8,67453,99.1,BMS-4.0,,,86.3,False
BAT-2W-104871,2W_2.1kWh,Kyron,KY-2409,2024-08-12,2024-09-17,2.1,31615,99.7,BMS-4.0,2025-06-15,end_of_life,60.6,False
BAT-3W-104872,3W_4.8kWh,Kyron,KY-2413,2024-12-29,2025-01-08,4.8,68249,99.5,BMS-4.1,,,86.8,False
BAT-3W-104873,3W_4.8kWh,Cellora,CE-2304,2023-03-25,2023-04-20,4.8,63417,98.7,BMS-4.1,,,84.5,False
BAT-2W-104874,2W_2.1kWh,Cellora,CE-2305,2023-04-20,2023-05-02,2.1,29804,99.6,BMS-4.1,,,81.2,False
BAT-2W-104875,2W_2.1kWh,Cellora,CE-2407,2024-07-10,2024-07-31,2.1,32198,98.7,BMS-4.1,,,78.9,False
BAT-2W-104876,2W_2.1kWh,Kyron,KY-2407,2024-09-22,2024-11-07,2.1,32158,98.8,BMS-4.0,2025-06-15,end_of_life,61.1,False
BAT-2W-104877,2W_2.1kWh,Kyron,KY-2407,2024-08-27,2024-10-01,2.1,32155,98.9,BMS-4.2,2025-06-15,end_of_life,61.0,False
BAT-2W-104878,2W_2.1kWh,Cellora,CE-2404,2024-04-19,2024-04-29,2.1,32377,99.0,BMS-4.1,,,79.6,False
BAT-3W-104879,3W_4.8kWh,Cellora,CE-2311,2023-10-04,2023-11-05,4.8,65685,99.5,BMS-4.0,,,86.5,False
BAT-2W-104880,2W_2.1kWh,Amptek,AM-2501,2024-12-11,2025-01-10,2.1,29899,99.6,BMS-4.2,,,81.5,False
BAT-2W-104881,2W_2.1kWh,Cellora,CE-2405,2024-03-17,2024-05-02,2.1,31054,99.2,BMS-4.0,,,81.0,False
BAT-3W-104882,3W_4.8kWh,Kyron,KY-2407,2024-06-04,2024-07-28,4.8,62356,99.7,BMS-4.1,2025-06-15,end_of_life,68.8,False
BAT-2W-104883,2W_2.1kWh,Cellora,CE-2407,2024-06-15,2024-07-30,2.1,32873,99.1,BMS-4.2,,,80.4,False
BAT-2W-104884,2W_2.1kWh,Cellora,CE-2502,2025-01-26,2025-02-12,2.1,32111,98.5,BMS-4.0,,,79.7,False
BAT-2W-104885,2W_2.1kWh,Kyron,KY-2409,2024-08-05,2024-09-16,2.1,29188,99.0,BMS-4.0,2025-06-15,end_of_life,63.7,False
BAT-3W-104886,3W_4.8kWh,Cellora,CE-2308,2023-07-30,2023-08-10,4.8,65471,99.3,BMS-4.2,,,87.1,False
BAT-2W-104887,2W_2.1kWh,Cellora,CE-2307,2023-06-06,2023-07-19,2.1,31683,98.9,BMS-4.2,,,80.4,False
BAT-3W-104888,3W_4.8kWh,Amptek,AM-2405,2024-03-17,2024-05-09,4.8,63330,99.0,BMS-4.0,,,86.5,False
BAT-2W-104889,2W_2.1kWh,Kyron,KY-2407,2024-10-26,2024-11-07,2.1,30478,99.1,BMS-4.2,2025-06-15,end_of_life,60.9,False
BAT-2W-104890,2W_2.1kWh,Cellora,CE-2401,2023-11-26,2024-01-22,2.1,31458,99.0,BMS-4.2,,,79.5,False
BAT-2W-104891,2W_2.1kWh,Kyron,KY-2407,2024-09-29,2024-10-15,2.1,30066,100.0,BMS-4.0,2025-06-15,end_of_life,64.0,False
BAT-2W-104892,2W_2.1kWh,Cellora,CE-2312,2023-11-08,2023-12-05,2.1,31695,98.9,BMS-4.1,,,80.3,False
BAT-2W-104893,2W_2.1kWh,Cellora,CE-2410,2024-08-16,2024-10-10,2.1,32945,99.3,BMS-4.2,,,77.7,False
BAT-2W-104894,2W_2.1kWh,Cellora,CE-2310,2023-10-09,2023-10-31,2.1,32183,99.4,BMS-4.2,,,80.6,False
BAT-2W-104895,2W_2.1kWh,Amptek,AM-2411,2024-10-02,2024-11-08,2.1,30715,99.1,BMS-4.1,,,78.7,False
BAT-2W-104896,2W_2.1kWh,Cellora,CE-2412,2024-10-14,2024-12-11,2.1,31766,98.6,BMS-4.0,,,78.6,False
BAT-2W-104897,2W_2.1kWh,Cellora,CE-2412,2024-11-11,2024-12-07,2.1,32943,98.8,BMS-4.0,,,80.6,False
BAT-2W-104898,2W_2.1kWh,Cellora,CE-2501,2024-12-21,2025-01-29,2.1,33169,98.8,BMS-4.0,,,80.0,False
BAT-2W-104899,2W_2.1kWh,Cellora,CE-2501,2024-12-16,2025-01-03,2.1,31649,98.8,BMS-4.1,,,80.6,False
BAT-2W-104900,2W_2.1kWh,Amptek,AM-2501,2024-11-22,2025-01-13,2.1,32217,99.3,BMS-4.0,,,80.8,False
BAT-2W-104901,2W_2.1kWh,Cellora,CE-2409,2024-09-05,2024-09-15,2.1,31470,99.1,BMS-4.1,,,79.5,False
BAT-2W-104902,2W_2.1kWh,Cellora,CE-2412,2024-10-24,2024-12-05,2.1,31799,99.3,BMS-4.1,,,80.2,False
BAT-2W-104903,2W_2.1kWh,Kyron,KY-2407,2024-10-17,2024-10-29,2.1,32880,99.0,BMS-4.0,2025-06-15,end_of_life,62.1,False
BAT-2W-104904,2W_2.1kWh,Cellora,CE-2408,2024-06-29,2024-08-09,2.1,33871,98.6,BMS-4.1,,,79.9,False
BAT-3W-104905,3W_4.8kWh,Kyron,KY-2408,2024-08-02,2024-08-18,4.8,67730,99.4,BMS-4.0,,,70.2,False
BAT-2W-104906,2W_2.1kWh,Kyron,KY-2409,2024-10-27,2024-11-12,2.1,32173,99.1,BMS-4.1,2025-06-15,end_of_life,59.5,False
BAT-2W-104907,2W_2.1kWh,Kyron,KY-2408,2024-10-16,2024-11-14,2.1,30039,99.3,BMS-4.2,2025-06-15,end_of_life,59.7,False
BAT-2W-104908,2W_2.1kWh,Cellora,CE-2409,2024-08-11,2024-09-09,2.1,32955,99.7,BMS-4.0,,,80.9,False
BAT-3W-104909,3W_4.8kWh,Cellora,CE-2309,2023-09-06,2023-09-29,4.8,66110,99.5,BMS-4.2,,,86.8,False
BAT-2W-104910,2W_2.1kWh,Kyron,KY-2408,2024-08-29,2024-09-21,2.1,30073,99.3,BMS-4.1,2025-06-15,end_of_life,63.9,False
BAT-2W-104911,2W_2.1kWh,Cellora,CE-2406,2024-05-18,2024-06-28,2.1,32809,98.2,BMS-4.2,,,79.6,False
BAT-2W-104912,2W_2.1kWh,Cellora,CE-2409,2024-08-13,2024-09-13,2.1,31922,98.6,BMS-4.2,,,80.0,False
BAT-2W-104913,2W_2.1kWh,Cellora,CE-2502,2025-01-11,2025-02-07,2.1,31434,98.7,BMS-4.0,,,80.1,False
BAT-3W-104914,3W_4.8kWh,Amptek,AM-2409,2024-08-20,2024-09-06,4.8,64139,98.8,BMS-4.1,,,86.8,False
BAT-2W-104915,2W_2.1kWh,Cellora,CE-2505,2025-03-25,2025-05-05,2.1,31169,98.9,BMS-4.1,,,79.1,False
BAT-2W-104916,2W_2.1kWh,Cellora,CE-2304,2023-02-26,2023-04-22,2.1,31010,99.9,BMS-4.1,,,81.0,False
BAT-2W-104917,2W_2.1kWh,Kyron,KY-2409,2024-08-12,2024-09-10,2.1,31668,99.7,BMS-4.0,2025-06-15,end_of_life,63.1,False
BAT-2W-104918,2W_2.1kWh,Kyron,KY-2407,2024-09-02,2024-09-20,2.1,29845,99.3,BMS-4.2,2025-06-15,end_of_life,63.4,False
BAT-2W-104919,2W_2.1kWh,Cellora,CE-2306,2023-06-05,2023-06-18,2.1,33044,99.3,BMS-4.1,,,80.8,False
BAT-2W-104920,2W_2.1kWh,Cellora,CE-2311,2023-10-19,2023-11-11,2.1,34277,98.9,BMS-4.1,,,80.2,False
BAT-2W-104921,2W_2.1kWh,Cellora,CE-2404,2024-03-04,2024-04-27,2.1,31030,100.0,BMS-4.0,,,81.0,False
BAT-2W-104922,2W_2.1kWh,Kyron,KY-2408,2024-08-31,2024-10-06,2.1,32996,99.7,BMS-4.1,2025-06-15,end_of_life,61.9,False
BAT-2W-104923,2W_2.1kWh,Cellora,CE-2303,2023-01-15,2023-03-01,2.1,30844,99.5,BMS-4.2,,,79.3,False
BAT-3W-104924,3W_4.8kWh,Kyron,KY-2408,2024-07-02,2024-08-07,4.8,66669,99.1,BMS-4.0,2025-06-15,end_of_life,67.2,False
BAT-2W-104925,2W_2.1kWh,Cellora,CE-2502,2024-12-12,2025-02-07,2.1,31475,99.6,BMS-4.1,,,79.7,False
BAT-2W-104926,2W_2.1kWh,Kyron,KY-2408,2024-09-26,2024-10-27,2.1,31977,99.5,BMS-4.0,2025-06-15,end_of_life,61.5,False
BAT-2W-104927,2W_2.1kWh,Cellora,CE-2310,2023-09-19,2023-10-21,2.1,33122,99.5,BMS-4.2,,,79.9,False
BAT-2W-104928,2W_2.1kWh,Kyron,KY-2409,2024-09-18,2024-10-03,2.1,33170,99.2,BMS-4.1,2025-06-15,end_of_life,63.2,False
BAT-2W-104929,2W_2.1kWh,Cellora,CE-2310,2023-09-21,2023-10-31,2.1,31816,99.8,BMS-4.1,,,81.0,False
BAT-2W-104930,2W_2.1kWh,Kyron,KY-2409,2024-09-28,2024-10-12,2.1,31722,98.8,BMS-4.0,2025-06-15,end_of_life,60.9,False
BAT-2W-104931,2W_2.1kWh,Amptek,AM-2408,2024-06-19,2024-08-09,2.1,32664,99.2,BMS-4.2,,,79.7,False
BAT-2W-104932,2W_2.1kWh,Cellora,CE-2311,2023-11-02,2023-11-23,2.1,31562,98.9,BMS-4.0,,,78.9,False
BAT-2W-104933,2W_2.1kWh,Cellora,CE-2312,2023-10-17,2023-12-08,2.1,31035,98.9,BMS-4.2,,,80.1,False
BAT-2W-104934,2W_2.1kWh,Cellora,CE-2312,2023-12-08,2023-12-29,2.1,31788,99.5,BMS-4.2,,,79.3,False
BAT-2W-104935,2W_2.1kWh,Kyron,KY-2408,2024-09-20,2024-10-30,2.1,32421,99.0,BMS-4.2,2025-06-15,end_of_life,60.1,False
BAT-2W-104936,2W_2.1kWh,Cellora,CE-2308,2023-07-12,2023-08-07,2.1,32994,99.5,BMS-4.2,,,80.1,False
BAT-2W-104937,2W_2.1kWh,Kyron,KY-2408,2024-09-13,2024-09-30,2.1,32003,99.6,BMS-4.1,2025-06-15,end_of_life,60.5,False
BAT-2W-104938,2W_2.1kWh,Amptek,AM-2405,2024-04-17,2024-05-15,2.1,30617,99.1,BMS-4.1,,,78.8,False
BAT-2W-104939,2W_2.1kWh,Amptek,AM-2501,2024-11-30,2025-01-11,2.1,33329,98.8,BMS-4.1,,,79.8,False
BAT-2W-104940,2W_2.1kWh,Cellora,CE-2306,2023-05-07,2023-06-29,2.1,31732,99.4,BMS-4.0,,,79.7,False
BAT-3W-104941,3W_4.8kWh,Kyron,KY-2417,2025-03-26,2025-05-24,4.8,69325,99.3,BMS-4.1,,,86.1,False
BAT-2W-104942,2W_2.1kWh,Amptek,AM-2405,2024-05-11,2024-05-29,2.1,30880,98.9,BMS-4.0,,,78.9,False
BAT-2W-104943,2W_2.1kWh,Kyron,KY-2407,2024-09-14,2024-10-24,2.1,31806,99.5,BMS-4.2,2025-06-15,end_of_life,61.6,False
BAT-2W-104944,2W_2.1kWh,Cellora,CE-2505,2025-04-05,2025-05-08,2.1,29770,99.1,BMS-4.1,,,81.3,False
BAT-2W-104945,2W_2.1kWh,Cellora,CE-2505,2025-04-10,2025-05-28,2.1,30912,99.3,BMS-4.2,,,80.8,False
BAT-2W-104946,2W_2.1kWh,Kyron,KY-2409,2024-08-10,2024-09-16,2.1,34061,99.0,BMS-4.2,2025-06-15,end_of_life,61.1,False
BAT-2W-104947,2W_2.1kWh,Kyron,KY-2407,2024-10-28,2024-11-26,2.1,30275,99.5,BMS-4.2,2025-06-15,end_of_life,59.4,False
BAT-2W-104948,2W_2.1kWh,Cellora,CE-2410,2024-08-27,2024-10-09,2.1,30922,98.7,BMS-4.1,,,80.1,False
BAT-2W-104949,2W_2.1kWh,Cellora,CE-2410,2024-09-20,2024-10-25,2.1,31989,99.3,BMS-4.1,,,79.8,False
BAT-2W-104950,2W_2.1kWh,Kyron,KY-2407,2024-09-11,2024-10-17,2.1,30330,99.3,BMS-4.0,2025-06-15,end_of_life,61.2,False
BAT-2W-104951,2W_2.1kWh,Amptek,AM-2408,2024-07-30,2024-08-13,2.1,33270,98.8,BMS-4.0,,,80.6,False
BAT-2W-104952,2W_2.1kWh,Cellora,CE-2504,2025-03-27,2025-04-29,2.1,34256,99.1,BMS-4.1,,,80.2,False
BAT-2W-104953,2W_2.1kWh,Cellora,CE-2503,2025-02-16,2025-03-12,2.1,32124,99.2,BMS-4.2,,,79.0,False
BAT-2W-104954,2W_2.1kWh,Amptek,AM-2406,2024-05-22,2024-06-01,2.1,33267,99.8,BMS-4.2,,,80.0,False
BAT-2W-104955,2W_2.1kWh,Cellora,CE-2312,2023-11-30,2023-12-13,2.1,31980,99.0,BMS-4.2,,,80.9,False
BAT-2W-104956,2W_2.1kWh,Kyron,KY-2409,2024-09-13,2024-10-12,2.1,33134,98.9,BMS-4.2,2025-06-15,end_of_life,66.3,False
BAT-2W-104957,2W_2.1kWh,Kyron,KY-2408,2024-11-02,2024-11-14,2.1,31073,99.7,BMS-4.0,2025-06-15,end_of_life,62.4,False
BAT-2W-104958,2W_2.1kWh,Cellora,CE-2502,2025-01-06,2025-02-09,2.1,33180,99.9,BMS-4.0,,,80.7,False
BAT-2W-104959,2W_2.1kWh,Amptek,AM-2506,2025-05-07,2025-06-02,2.1,34668,98.6,BMS-4.0,,,79.5,False
BAT-2W-104960,2W_2.1kWh,Cellora,CE-2409,2024-08-22,2024-09-10,2.1,31212,98.8,BMS-4.1,,,79.7,False
BAT-2W-104961,2W_2.1kWh,Kyron,KY-2407,2024-09-01,2024-10-19,2.1,33125,99.4,BMS-4.1,2025-06-15,end_of_life,60.0,False
BAT-3W-104962,3W_4.8kWh,Amptek,AM-2505,2025-03-28,2025-05-22,4.8,66689,99.3,BMS-4.2,,,87.0,False
BAT-2W-104963,2W_2.1kWh,Cellora,CE-2306,2023-04-17,2023-06-15,2.1,32499,99.2,BMS-4.2,,,79.9,False
BAT-2W-104964,2W_2.1kWh,Cellora,CE-2305,2023-04-05,2023-05-29,2.1,32741,99.5,BMS-4.2,,,79.4,False
BAT-3W-104965,3W_4.8kWh,Amptek,AM-2504,2025-03-14,2025-04-22,4.8,68153,99.2,BMS-4.0,,,85.9,False
BAT-2W-104966,2W_2.1kWh,Amptek,AM-2410,2024-08-30,2024-10-21,2.1,31256,99.6,BMS-4.1,,,80.3,False
BAT-2W-104967,2W_2.1kWh,Cellora,CE-2405,2024-03-18,2024-05-16,2.1,31460,99.5,BMS-4.1,,,79.6,False
BAT-2W-104968,2W_2.1kWh,Amptek,AM-2505,2025-04-29,2025-05-15,2.1,32384,99.0,BMS-4.0,,,80.0,False
BAT-3W-104969,3W_4.8kWh,Cellora,CE-2310,2023-09-03,2023-10-31,4.8,66792,99.0,BMS-4.0,,,86.3,False
BAT-2W-104970,2W_2.1kWh,Cellora,CE-2303,2023-03-11,2023-03-24,2.1,31951,99.0,BMS-4.1,,,80.4,False
BAT-2W-104971,2W_2.1kWh,Amptek,AM-2505,2025-04-14,2025-05-07,2.1,28871,99.2,BMS-4.1,,,78.4,False
BAT-3W-104972,3W_4.8kWh,Cellora,CE-2306,2023-04-29,2023-06-25,4.8,65705,99.0,BMS-4.1,,,85.7,False
BAT-2W-104973,2W_2.1kWh,Cellora,CE-2401,2024-01-07,2024-01-17,2.1,32676,98.7,BMS-4.2,,,80.3,False
BAT-2W-104974,2W_2.1kWh,Cellora,CE-2312,2023-11-30,2023-12-20,2.1,32048,99.8,BMS-4.1,,,80.7,False
BAT-2W-104975,2W_2.1kWh,Kyron,KY-2407,2024-11-08,2024-11-27,2.1,31465,99.6,BMS-4.2,2025-06-15,end_of_life,62.9,False
BAT-2W-104976,2W_2.1kWh,Cellora,CE-2402,2024-01-23,2024-02-03,2.1,35273,99.2,BMS-4.0,,,80.2,False
BAT-2W-104977,2W_2.1kWh,Cellora,CE-2502,2024-12-30,2025-02-17,2.1,30458,98.8,BMS-4.2,,,79.0,False
BAT-2W-104978,2W_2.1kWh,Cellora,CE-2312,2023-12-01,2023-12-25,2.1,31635,99.3,BMS-4.0,,,79.1,False
BAT-2W-104979,2W_2.1kWh,Cellora,CE-2412,2024-11-06,2024-12-15,2.1,31358,99.7,BMS-4.1,,,81.0,False
BAT-2W-104980,2W_2.1kWh,Cellora,CE-2412,2024-11-19,2024-12-20,2.1,31092,98.9,BMS-4.2,,,78.7,False
BAT-2W-104981,2W_2.1kWh,Cellora,CE-2404,2024-03-21,2024-04-03,2.1,29595,98.8,BMS-4.0,,,78.9,False
BAT-3W-104982,3W_4.8kWh,Amptek,AM-2407,2024-07-05,2024-07-16,4.8,64667,99.3,BMS-4.1,,,86.3,False
BAT-2W-104983,2W_2.1kWh,Cellora,CE-2404,2024-02-15,2024-04-05,2.1,31127,98.4,BMS-4.1,,,79.8,False
BAT-2W-104984,2W_2.1kWh,Cellora,CE-2309,2023-08-22,2023-09-20,2.1,30585,99.3,BMS-4.1,,,80.9,False
BAT-3W-104985,3W_4.8kWh,Kyron,KY-2416,2025-03-20,2025-04-03,4.8,67355,99.6,BMS-4.1,,,87.1,False
BAT-2W-104986,2W_2.1kWh,Kyron,KY-2408,2024-09-17,2024-10-26,2.1,29769,99.3,BMS-4.1,2025-06-15,end_of_life,64.9,False
BAT-2W-104987,2W_2.1kWh,Cellora,CE-2403,2024-02-18,2024-03-13,2.1,28775,98.9,BMS-4.1,,,80.6,False
BAT-2W-104988,2W_2.1kWh,Cellora,CE-2407,2024-06-01,2024-07-07,2.1,32698,99.2,BMS-4.1,,,79.6,False
BAT-2W-104989,2W_2.1kWh,Cellora,CE-2410,2024-09-29,2024-10-23,2.1,30973,99.1,BMS-4.0,,,80.5,False
BAT-2W-104990,2W_2.1kWh,Amptek,AM-2502,2025-02-04,2025-02-19,2.1,31840,99.1,BMS-4.2,,,80.6,False
BAT-2W-104991,2W_2.1kWh,Cellora,CE-2304,2023-03-20,2023-04-25,2.1,32060,99.5,BMS-4.1,,,80.6,False
BAT-2W-104992,2W_2.1kWh,Cellora,CE-2402,2024-02-01,2024-02-15,2.1,33452,98.7,BMS-4.2,,,80.2,False
BAT-2W-104993,2W_2.1kWh,Cellora,CE-2409,2024-07-31,2024-09-13,2.1,31903,98.7,BMS-4.1,,,81.3,False
BAT-2W-104994,2W_2.1kWh,Kyron,KY-2408,2024-08-28,2024-10-09,2.1,33619,99.5,BMS-4.1,2025-06-15,end_of_life,60.4,False
BAT-2W-104995,2W_2.1kWh,Cellora,CE-2407,2024-06-03,2024-07-18,2.1,32418,98.7,BMS-4.0,,,79.1,False
BAT-2W-104996,2W_2.1kWh,Cellora,CE-2303,2023-02-21,2023-03-07,2.1,31976,99.5,BMS-4.0,,,80.8,False
BAT-2W-104997,2W_2.1kWh,Cellora,CE-2305,2023-04-25,2023-05-17,2.1,32111,99.3,BMS-4.0,,,81.2,False
BAT-2W-104998,2W_2.1kWh,Cellora,CE-2307,2023-06-16,2023-07-28,2.1,31085,99.3,BMS-4.1,,,81.4,False
BAT-3W-104999,3W_4.8kWh,Cellora,CE-2303,2023-01-21,2023-03-01,4.8,67002,98.9,BMS-4.0,,,85.9,False
BAT-2W-105000,2W_2.1kWh,Kyron,KY-2408,2024-08-05,2024-09-19,2.1,30857,98.9,BMS-4.0,2025-06-15,end_of_life,59.9,False
BAT-2W-105001,2W_2.1kWh,Cellora,CE-2308,2023-06-19,2023-08-11,2.1,31966,98.8,BMS-4.1,,,79.5,False
BAT-2W-105002,2W_2.1kWh,Kyron,KY-2407,2024-10-28,2024-11-25,2.1,32617,99.4,BMS-4.1,2025-06-15,end_of_life,59.9,False
BAT-2W-105003,2W_2.1kWh,Cellora,CE-2505,2025-05-08,2025-05-21,2.1,31200,99.0,BMS-4.0,,,80.6,False
BAT-2W-105004,2W_2.1kWh,Cellora,CE-2306,2023-05-29,2023-06-18,2.1,28753,100.0,BMS-4.0,,,81.3,False
BAT-2W-105005,2W_2.1kWh,Cellora,CE-2403,2024-01-05,2024-03-03,2.1,30802,99.5,BMS-4.2,,,80.7,False
BAT-3W-105006,3W_4.8kWh,Cellora,CE-2505,2025-04-07,2025-05-21,4.8,69971,99.4,BMS-4.0,,,88.4,False
BAT-2W-105007,2W_2.1kWh,Cellora,CE-2309,2023-08-03,2023-09-28,2.1,32228,99.7,BMS-4.2,,,80.1,False
BAT-2W-105008,2W_2.1kWh,Cellora,CE-2305,2023-03-14,2023-05-10,2.1,29681,100.0,BMS-4.0,,,79.9,False
BAT-2W-105009,2W_2.1kWh,Cellora,CE-2308,2023-08-03,2023-08-30,2.1,32512,98.8,BMS-4.1,,,79.5,False
BAT-2W-105010,2W_2.1kWh,Cellora,CE-2306,2023-04-25,2023-06-07,2.1,30735,99.1,BMS-4.0,,,80.2,False
BAT-2W-105011,2W_2.1kWh,Amptek,AM-2506,2025-05-17,2025-06-01,2.1,33553,100.0,BMS-4.2,,,81.1,False
BAT-2W-105012,2W_2.1kWh,Cellora,CE-2304,2023-03-17,2023-04-25,2.1,31801,99.7,BMS-4.0,,,80.3,False
BAT-2W-105013,2W_2.1kWh,Amptek,AM-2501,2024-12-07,2025-01-09,2.1,31551,99.3,BMS-4.2,,,81.0,False
BAT-2W-105014,2W_2.1kWh,Kyron,KY-2407,2024-08-07,2024-09-15,2.1,32682,99.6,BMS-4.2,2025-06-15,end_of_life,60.2,False
BAT-3W-105015,3W_4.8kWh,Kyron,KY-2413,2024-12-24,2025-01-18,4.8,67444,98.8,BMS-4.2,,,85.9,False
BAT-2W-105016,2W_2.1kWh,Cellora,CE-2412,2024-11-06,2024-12-02,2.1,30820,99.4,BMS-4.2,,,80.4,False
BAT-2W-105017,2W_2.1kWh,Cellora,CE-2504,2025-04-06,2025-04-25,2.1,31849,99.6,BMS-4.2,,,81.2,False
BAT-3W-105018,3W_4.8kWh,Kyron,KY-2408,2024-07-15,2024-08-26,4.8,67003,99.3,BMS-4.1,,,72.2,False
BAT-3W-105019,3W_4.8kWh,Cellora,CE-2410,2024-10-04,2024-10-31,4.8,69486,99.2,BMS-4.0,,,86.9,False
BAT-2W-105020,2W_2.1kWh,Cellora,CE-2410,2024-08-16,2024-10-04,2.1,34195,99.3,BMS-4.0,,,80.2,False
BAT-2W-105021,2W_2.1kWh,Cellora,CE-2303,2023-02-19,2023-03-12,2.1,33485,98.6,BMS-4.2,,,79.3,False
BAT-2W-105022,2W_2.1kWh,Cellora,CE-2409,2024-08-13,2024-09-19,2.1,32116,99.3,BMS-4.1,,,79.6,False
BAT-2W-105023,2W_2.1kWh,Amptek,AM-2403,2024-02-02,2024-03-02,2.1,28992,99.0,BMS-4.2,,,80.2,False
BAT-2W-105024,2W_2.1kWh,Cellora,CE-2304,2023-03-03,2023-04-26,2.1,30926,98.8,BMS-4.0,,,80.3,False
BAT-2W-105025,2W_2.1kWh,Cellora,CE-2411,2024-09-19,2024-11-09,2.1,31851,98.6,BMS-4.1,,,80.2,False
BAT-2W-105026,2W_2.1kWh,Kyron,KY-2407,2024-09-13,2024-10-06,2.1,30761,99.5,BMS-4.1,2025-06-15,end_of_life,61.4,False
BAT-2W-105027,2W_2.1kWh,Amptek,AM-2404,2024-02-20,2024-04-13,2.1,31742,98.9,BMS-4.1,,,79.2,False
BAT-3W-105028,3W_4.8kWh,Cellora,CE-2306,2023-04-30,2023-06-28,4.8,67849,98.2,BMS-4.2,,,85.0,False
BAT-2W-105029,2W_2.1kWh,Cellora,CE-2312,2023-12-16,2023-12-27,2.1,33844,99.1,BMS-4.1,,,80.5,False
BAT-2W-105030,2W_2.1kWh,Kyron,KY-2409,2024-09-25,2024-10-25,2.1,32178,98.9,BMS-4.0,2025-06-15,end_of_life,64.0,False
BAT-2W-105031,2W_2.1kWh,Cellora,CE-2410,2024-09-18,2024-10-25,2.1,28950,99.2,BMS-4.2,,,79.4,False
BAT-2W-105032,2W_2.1kWh,Cellora,CE-2305,2023-03-26,2023-05-01,2.1,33068,99.6,BMS-4.1,,,80.0,False
BAT-2W-105033,2W_2.1kWh,Kyron,KY-2409,2024-08-21,2024-10-04,2.1,32834,99.2,BMS-4.2,2025-06-15,end_of_life,61.3,False
BAT-2W-105034,2W_2.1kWh,Amptek,AM-2504,2025-03-06,2025-04-17,2.1,33023,99.1,BMS-4.1,,,79.0,False
BAT-2W-105035,2W_2.1kWh,Amptek,AM-2407,2024-06-08,2024-07-19,2.1,32126,99.2,BMS-4.0,,,79.2,False
BAT-2W-105036,2W_2.1kWh,Cellora,CE-2404,2024-02-22,2024-04-08,2.1,31428,99.2,BMS-4.1,,,80.7,False
BAT-2W-105037,2W_2.1kWh,Cellora,CE-2409,2024-07-23,2024-09-03,2.1,31467,98.9,BMS-4.2,,,78.5,False
BAT-2W-105038,2W_2.1kWh,Amptek,AM-2502,2025-02-01,2025-02-24,2.1,32274,100.0,BMS-4.1,,,81.9,False
BAT-3W-105039,3W_4.8kWh,Amptek,AM-2410,2024-09-05,2024-10-11,4.8,65253,98.9,BMS-4.0,,,85.3,False
BAT-2W-105040,2W_2.1kWh,Kyron,KY-2409,2024-09-13,2024-10-03,2.1,33693,99.8,BMS-4.2,2025-06-15,end_of_life,61.7,False
BAT-2W-105041,2W_2.1kWh,Cellora,CE-2411,2024-10-11,2024-11-22,2.1,33946,99.1,BMS-4.0,,,79.1,False
BAT-2W-105042,2W_2.1kWh,Cellora,CE-2405,2024-04-10,2024-05-23,2.1,32546,99.5,BMS-4.0,,,80.6,False
BAT-2W-105043,2W_2.1kWh,Amptek,AM-2501,2024-12-17,2025-01-07,2.1,29084,99.6,BMS-4.1,,,79.8,False
BAT-2W-105044,2W_2.1kWh,Cellora,CE-2501,2024-11-13,2025-01-04,2.1,33956,99.0,BMS-4.0,,,79.2,False
BAT-2W-105045,2W_2.1kWh,Amptek,AM-2503,2025-02-13,2025-03-27,2.1,31030,99.6,BMS-4.0,,,81.3,False
BAT-3W-105046,3W_4.8kWh,Kyron,KY-2415,2025-01-28,2025-03-02,4.8,70094,99.2,BMS-4.2,,,86.6,False
BAT-2W-105047,2W_2.1kWh,Cellora,CE-2307,2023-06-03,2023-07-17,2.1,32796,99.5,BMS-4.2,,,80.4,False
BAT-2W-105048,2W_2.1kWh,Cellora,CE-2504,2025-04-10,2025-04-23,2.1,31274,98.8,BMS-4.0,,,79.7,False
BAT-2W-105049,2W_2.1kWh,Amptek,AM-2505,2025-04-24,2025-05-30,2.1,34128,100.0,BMS-4.1,,,79.9,False
BAT-2W-105050,2W_2.1kWh,Kyron,KY-2408,2024-09-04,2024-10-22,2.1,31600,98.7,BMS-4.2,2025-06-15,end_of_life,61.4,False
BAT-2W-105051,2W_2.1kWh,Amptek,AM-2501,2024-12-28,2025-01-08,2.1,31752,99.2,BMS-4.0,,,79.4,False
BAT-2W-105052,2W_2.1kWh,Cellora,CE-2303,2023-03-04,2023-03-24,2.1,30638,98.9,BMS-4.2,,,79.2,False
BAT-2W-105053,2W_2.1kWh,Cellora,CE-2402,2024-01-10,2024-02-01,2.1,30671,99.2,BMS-4.0,,,79.6,False
BAT-2W-105054,2W_2.1kWh,Cellora,CE-2403,2024-01-21,2024-03-10,2.1,33839,99.0,BMS-4.1,,,79.2,False
BAT-2W-105055,2W_2.1kWh,Cellora,CE-2404,2024-03-16,2024-04-13,2.1,31688,99.6,BMS-4.0,,,80.6,False
BAT-2W-105056,2W_2.1kWh,Kyron,KY-2407,2024-10-17,2024-11-05,2.1,30009,99.3,BMS-4.2,2025-06-15,end_of_life,59.3,False
BAT-3W-105057,3W_4.8kWh,Cellora,CE-2410,2024-10-03,2024-10-17,4.8,67485,98.7,BMS-4.1,,,86.7,False
BAT-2W-105058,2W_2.1kWh,Cellora,CE-2303,2023-01-31,2023-03-10,2.1,34400,99.1,BMS-4.0,,,78.7,False
BAT-2W-105059,2W_2.1kWh,Kyron,KY-2408,2024-09-15,2024-10-27,2.1,30585,99.6,BMS-4.1,2025-06-15,end_of_life,61.1,False
BAT-2W-105060,2W_2.1kWh,Cellora,CE-2401,2023-12-16,2024-01-01,2.1,31008,99.3,BMS-4.2,,,79.8,False
BAT-2W-105061,2W_2.1kWh,Cellora,CE-2412,2024-11-13,2024-12-24,2.1,32936,98.8,BMS-4.2,,,80.4,False
BAT-2W-105062,2W_2.1kWh,Cellora,CE-2503,2025-02-22,2025-03-23,2.1,31475,99.4,BMS-4.1,,,79.5,False
BAT-2W-105063,2W_2.1kWh,Amptek,AM-2410,2024-09-30,2024-10-16,2.1,31784,98.4,BMS-4.0,,,80.7,False
BAT-3W-105064,3W_4.8kWh,Cellora,CE-2401,2023-12-28,2024-01-18,4.8,66166,99.5,BMS-4.1,,,87.6,False
BAT-3W-105065,3W_4.8kWh,Amptek,AM-2502,2024-12-27,2025-02-09,4.8,69299,99.2,BMS-4.0,,,86.3,False
BAT-3W-105066,3W_4.8kWh,Amptek,AM-2406,2024-04-26,2024-06-23,4.8,66608,99.4,BMS-4.0,,,86.6,False
BAT-2W-105067,2W_2.1kWh,Cellora,CE-2409,2024-07-15,2024-09-08,2.1,30725,98.7,BMS-4.1,,,79.1,False
BAT-2W-105068,2W_2.1kWh,Cellora,CE-2403,2024-01-25,2024-03-08,2.1,32464,99.0,BMS-4.0,,,80.0,False
BAT-3W-105069,3W_4.8kWh,Cellora,CE-2411,2024-10-10,2024-11-17,4.8,69350,99.9,BMS-4.1,,,88.6,False
BAT-2W-105070,2W_2.1kWh,Amptek,AM-2407,2024-06-24,2024-07-29,2.1,32129,99.5,BMS-4.2,,,80.7,False
BAT-2W-105071,2W_2.1kWh,Cellora,CE-2412,2024-10-27,2024-12-20,2.1,34131,99.7,BMS-4.1,,,80.7,False
BAT-2W-105072,2W_2.1kWh,Cellora,CE-2310,2023-08-22,2023-10-02,2.1,33571,99.2,BMS-4.0,,,79.1,False
BAT-2W-105073,2W_2.1kWh,Cellora,CE-2502,2025-01-26,2025-02-19,2.1,33552,99.3,BMS-4.0,,,80.1,False
BAT-2W-105074,2W_2.1kWh,Amptek,AM-2501,2025-01-04,2025-01-27,2.1,30980,99.1,BMS-4.2,,,80.3,False
BAT-2W-105075,2W_2.1kWh,Cellora,CE-2311,2023-10-23,2023-11-06,2.1,29749,98.9,BMS-4.1,,,79.2,False
BAT-2W-105076,2W_2.1kWh,Amptek,AM-2503,2025-01-16,2025-03-15,2.1,32860,98.7,BMS-4.0,,,79.2,False
BAT-2W-105077,2W_2.1kWh,Cellora,CE-2304,2023-03-26,2023-04-25,2.1,30728,99.5,BMS-4.2,,,81.1,False
BAT-2W-105078,2W_2.1kWh,Cellora,CE-2405,2024-03-31,2024-05-16,2.1,32229,98.7,BMS-4.0,,,80.1,False
BAT-2W-105079,2W_2.1kWh,Cellora,CE-2505,2025-05-07,2025-05-26,2.1,31922,99.2,BMS-4.2,,,79.3,False
BAT-3W-105080,3W_4.8kWh,Cellora,CE-2406,2024-05-13,2024-06-01,4.8,68702,99.2,BMS-4.1,,,85.5,False
BAT-2W-105081,2W_2.1kWh,Kyron,KY-2407,2024-08-17,2024-10-02,2.1,30173,99.1,BMS-4.1,2025-06-15,end_of_life,59.6,False
BAT-2W-105082,2W_2.1kWh,Cellora,CE-2401,2023-11-24,2024-01-22,2.1,31374,99.9,BMS-4.0,,,80.8,False
BAT-3W-105083,3W_4.8kWh,Cellora,CE-2505,2025-05-13,2025-05-23,4.8,71041,99.3,BMS-4.0,,,87.1,False
BAT-2W-105084,2W_2.1kWh,Kyron,KY-2407,2024-09-29,2024-10-23,2.1,30507,99.4,BMS-4.2,2025-06-15,end_of_life,57.9,False
BAT-2W-105085,2W_2.1kWh,Amptek,AM-2410,2024-10-12,2024-10-27,2.1,31340,99.4,BMS-4.1,,,80.0,False
BAT-2W-105086,2W_2.1kWh,Cellora,CE-2306,2023-05-25,2023-06-24,2.1,31556,99.1,BMS-4.0,,,79.0,False
BAT-2W-105087,2W_2.1kWh,Kyron,KY-2408,2024-10-19,2024-11-30,2.1,30374,99.4,BMS-4.1,2025-06-15,end_of_life,60.2,False
BAT-2W-105088,2W_2.1kWh,Cellora,CE-2501,2024-12-30,2025-01-23,2.1,32648,99.0,BMS-4.1,,,78.0,False
BAT-2W-105089,2W_2.1kWh,Kyron,KY-2407,2024-10-02,2024-11-06,2.1,29353,98.9,BMS-4.2,2025-06-15,end_of_life,59.9,False
BAT-2W-105090,2W_2.1kWh,Cellora,CE-2403,2024-01-29,2024-03-13,2.1,32895,99.0,BMS-4.2,,,79.6,False
BAT-2W-105091,2W_2.1kWh,Cellora,CE-2312,2023-11-27,2023-12-19,2.1,29578,99.0,BMS-4.0,,,80.1,False
BAT-2W-105092,2W_2.1kWh,Amptek,AM-2409,2024-07-14,2024-09-01,2.1,32962,99.2,BMS-4.2,,,80.1,False
BAT-2W-105093,2W_2.1kWh,Kyron,KY-2407,2024-09-19,2024-10-22,2.1,30680,99.1,BMS-4.0,2025-06-15,end_of_life,58.8,False
BAT-2W-105094,2W_2.1kWh,Amptek,AM-2406,2024-05-03,2024-06-21,2.1,33785,98.6,BMS-4.0,,,80.3,False
BAT-2W-105095,2W_2.1kWh,Kyron,KY-2409,2024-10-01,2024-10-16,2.1,31252,98.5,BMS-4.0,2025-06-15,end_of_life,56.8,False
BAT-2W-105096,2W_2.1kWh,Cellora,CE-2502,2024-12-29,2025-02-26,2.1,30422,99.6,BMS-4.0,,,81.6,False
BAT-2W-105097,2W_2.1kWh,Cellora,CE-2308,2023-06-11,2023-08-02,2.1,29569,99.1,BMS-4.0,,,81.2,False
BAT-2W-105098,2W_2.1kWh,Kyron,KY-2407,2024-10-29,2024-11-22,2.1,31607,99.0,BMS-4.2,2025-06-15,end_of_life,60.4,False
BAT-2W-105099,2W_2.1kWh,Amptek,AM-2411,2024-09-21,2024-11-05,2.1,31644,99.5,BMS-4.2,,,80.6,False
BAT-3W-105100,3W_4.8kWh,Cellora,CE-2505,2025-03-27,2025-05-10,4.8,68118,99.8,BMS-4.1,,,86.3,False
BAT-3W-105101,3W_4.8kWh,Kyron,KY-2411,2024-11-07,2024-11-19,4.8,67224,99.7,BMS-4.1,,,87.5,False
BAT-2W-105102,2W_2.1kWh,Kyron,KY-2409,2024-09-26,2024-10-21,2.1,33763,99.2,BMS-4.1,2025-06-15,end_of_life,59.1,False
BAT-2W-105103,2W_2.1kWh,Amptek,AM-2408,2024-07-07,2024-08-26,2.1,32398,99.6,BMS-4.1,,,81.9,False
BAT-2W-105104,2W_2.1kWh,Cellora,CE-2505,2025-03-28,2025-05-02,2.1,29704,98.8,BMS-4.1,,,79.3,False
BAT-2W-105105,2W_2.1kWh,Amptek,AM-2412,2024-10-25,2024-12-09,2.1,31125,98.7,BMS-4.1,,,80.2,False
BAT-2W-105106,2W_2.1kWh,Cellora,CE-2411,2024-09-30,2024-11-11,2.1,31751,99.4,BMS-4.0,,,79.1,False
BAT-3W-105107,3W_4.8kWh,Cellora,CE-2402,2023-12-23,2024-02-03,4.8,64975,99.0,BMS-4.0,,,86.8,False
BAT-2W-105108,2W_2.1kWh,Kyron,KY-2407,2024-09-17,2024-09-29,2.1,31507,99.4,BMS-4.2,2025-06-15,end_of_life,59.4,False
BAT-2W-105109,2W_2.1kWh,Kyron,KY-2409,2024-09-27,2024-10-08,2.1,30116,99.5,BMS-4.2,2025-06-15,end_of_life,62.7,False
BAT-2W-105110,2W_2.1kWh,Kyron,KY-2407,2024-08-26,2024-09-18,2.1,31338,99.5,BMS-4.1,2025-06-15,end_of_life,63.3,False
BAT-2W-105111,2W_2.1kWh,Cellora,CE-2504,2025-03-20,2025-04-11,2.1,32798,98.6,BMS-4.0,,,77.9,False
BAT-2W-105112,2W_2.1kWh,Cellora,CE-2411,2024-11-03,2024-11-29,2.1,32268,99.0,BMS-4.1,,,80.0,False
BAT-3W-105113,3W_4.8kWh,Kyron,KY-2408,2024-06-26,2024-08-06,4.8,70212,99.6,BMS-4.1,2025-06-15,end_of_life,69.7,False
BAT-2W-105114,2W_2.1kWh,Cellora,CE-2503,2025-01-31,2025-03-31,2.1,34273,99.0,BMS-4.2,,,79.6,False
BAT-3W-105115,3W_4.8kWh,Cellora,CE-2311,2023-10-16,2023-11-23,4.8,72030,98.9,BMS-4.2,,,86.5,False
BAT-2W-105116,2W_2.1kWh,Kyron,KY-2407,2024-09-21,2024-10-01,2.1,32338,99.8,BMS-4.2,2025-06-15,end_of_life,59.3,False
BAT-2W-105117,2W_2.1kWh,Kyron,KY-2408,2024-08-29,2024-10-15,2.1,32909,98.3,BMS-4.1,2025-06-15,end_of_life,58.1,False
BAT-2W-105118,2W_2.1kWh,Kyron,KY-2407,2024-09-14,2024-10-06,2.1,33335,99.0,BMS-4.2,2025-06-15,end_of_life,59.5,False
BAT-2W-105119,2W_2.1kWh,Kyron,KY-2407,2024-09-02,2024-10-16,2.1,33206,99.0,BMS-4.0,2025-06-15,end_of_life,58.2,False
BAT-3W-105120,3W_4.8kWh,Cellora,CE-2307,2023-06-26,2023-07-28,4.8,64653,99.5,BMS-4.0,,,87.0,False
BAT-2W-105121,2W_2.1kWh,Cellora,CE-2309,2023-08-27,2023-09-08,2.1,32624,98.7,BMS-4.2,,,80.2,False
BAT-2W-105122,2W_2.1kWh,Cellora,CE-2312,2023-11-02,2023-12-18,2.1,32491,98.8,BMS-4.1,,,79.2,False
BAT-2W-105123,2W_2.1kWh,Cellora,CE-2306,2023-05-08,2023-06-26,2.1,31754,99.0,BMS-4.2,,,80.2,False
BAT-2W-105124,2W_2.1kWh,Kyron,KY-2407,2024-10-17,2024-11-28,2.1,31967,100.0,BMS-4.2,2025-06-15,end_of_life,61.2,False
BAT-2W-105125,2W_2.1kWh,Cellora,CE-2406,2024-05-30,2024-06-10,2.1,29718,99.1,BMS-4.2,,,80.1,False
BAT-3W-105126,3W_4.8kWh,Kyron,KY-2407,2024-06-26,2024-07-25,4.8,65572,99.6,BMS-4.1,2025-06-15,end_of_life,68.6,False
BAT-2W-105127,2W_2.1kWh,Cellora,CE-2412,2024-11-13,2024-12-07,2.1,31788,99.3,BMS-4.1,,,81.0,False
BAT-2W-105128,2W_2.1kWh,Cellora,CE-2404,2024-02-29,2024-04-11,2.1,32183,99.2,BMS-4.0,,,79.9,False
BAT-2W-105129,2W_2.1kWh,Cellora,CE-2502,2025-02-07,2025-02-17,2.1,31829,99.0,BMS-4.0,,,79.7,False
BAT-3W-105130,3W_4.8kWh,Kyron,KY-2408,2024-07-25,2024-08-08,4.8,61098,99.4,BMS-4.1,2025-06-15,end_of_life,69.0,False
BAT-2W-105131,2W_2.1kWh,Kyron,KY-2408,2024-10-23,2024-11-09,2.1,32407,99.7,BMS-4.1,2025-06-15,end_of_life,59.2,False
BAT-2W-105132,2W_2.1kWh,Kyron,KY-2409,2024-10-05,2024-11-21,2.1,32623,99.0,BMS-4.2,2025-06-15,end_of_life,57.2,False
BAT-3W-105133,3W_4.8kWh,Amptek,AM-2503,2025-03-10,2025-03-27,4.8,69930,99.0,BMS-4.0,,,86.4,False
BAT-2W-105134,2W_2.1kWh,Cellora,CE-2311,2023-09-21,2023-11-03,2.1,31526,99.2,BMS-4.0,,,79.2,False
BAT-2W-105135,2W_2.1kWh,Cellora,CE-2501,2024-12-05,2025-01-07,2.1,31298,98.4,BMS-4.2,,,78.3,False
BAT-3W-105136,3W_4.8kWh,Cellora,CE-2308,2023-07-25,2023-08-10,4.8,64734,99.1,BMS-4.2,,,87.4,False
BAT-2W-105137,2W_2.1kWh,Cellora,CE-2403,2024-02-01,2024-03-05,2.1,31376,99.8,BMS-4.2,,,80.5,False
BAT-2W-105138,2W_2.1kWh,Kyron,KY-2409,2024-09-17,2024-09-28,2.1,30571,98.7,BMS-4.0,2025-06-15,end_of_life,61.2,False
BAT-2W-105139,2W_2.1kWh,Amptek,AM-2405,2024-05-14,2024-05-28,2.1,32655,99.6,BMS-4.1,,,81.5,False
BAT-2W-105140,2W_2.1kWh,Amptek,AM-2503,2025-01-08,2025-03-03,2.1,31768,99.9,BMS-4.1,,,80.7,False
BAT-3W-105141,3W_4.8kWh,Amptek,AM-2501,2024-12-29,2025-01-09,4.8,73277,99.2,BMS-4.0,,,86.0,False
BAT-2W-105142,2W_2.1kWh,Amptek,AM-2404,2024-03-16,2024-04-12,2.1,31897,99.0,BMS-4.1,,,80.3,False
BAT-2W-105143,2W_2.1kWh,Amptek,AM-2411,2024-10-01,2024-11-27,2.1,32038,99.8,BMS-4.2,,,79.2,False
BAT-3W-105144,3W_4.8kWh,Kyron,KY-2409,2024-08-03,2024-09-21,4.8,71555,99.0,BMS-4.0,2025-06-15,end_of_life,68.4,False
BAT-2W-105145,2W_2.1kWh,Cellora,CE-2305,2023-03-06,2023-05-01,2.1,32482,98.6,BMS-4.2,,,80.4,False
BAT-2W-105146,2W_2.1kWh,Amptek,AM-2503,2025-02-14,2025-03-14,2.1,31381,99.1,BMS-4.0,,,79.6,False
BAT-2W-105147,2W_2.1kWh,Kyron,KY-2407,2024-09-08,2024-09-25,2.1,29692,99.3,BMS-4.1,2025-06-15,end_of_life,61.7,False
BAT-2W-105148,2W_2.1kWh,Cellora,CE-2501,2024-12-14,2025-01-24,2.1,31350,98.5,BMS-4.0,,,79.3,False
BAT-2W-105149,2W_2.1kWh,Cellora,CE-2306,2023-04-11,2023-06-08,2.1,33641,98.8,BMS-4.0,,,78.8,False
BAT-2W-105150,2W_2.1kWh,Cellora,CE-2503,2025-02-14,2025-03-14,2.1,32607,99.2,BMS-4.0,,,79.3,False
BAT-2W-105151,2W_2.1kWh,Amptek,AM-2409,2024-08-09,2024-09-08,2.1,32857,98.8,BMS-4.0,,,79.4,False
BAT-2W-105152,2W_2.1kWh,Amptek,AM-2506,2025-04-23,2025-06-07,2.1,29654,99.3,BMS-4.2,,,80.8,False
BAT-2W-105153,2W_2.1kWh,Cellora,CE-2505,2025-04-29,2025-05-23,2.1,32134,99.1,BMS-4.2,,,80.8,False
BAT-2W-105154,2W_2.1kWh,Amptek,AM-2506,2025-04-27,2025-06-07,2.1,33116,99.0,BMS-4.2,,,78.9,False
BAT-3W-105155,3W_4.8kWh,Cellora,CE-2311,2023-10-27,2023-11-08,4.8,69479,99.7,BMS-4.0,,,87.3,False
BAT-3W-105156,3W_4.8kWh,Cellora,CE-2401,2023-12-11,2024-01-28,4.8,70842,99.3,BMS-4.1,,,86.1,False
BAT-2W-105157,2W_2.1kWh,Kyron,KY-2409,2024-09-04,2024-09-17,2.1,33133,99.1,BMS-4.1,2025-06-15,end_of_life,60.7,False
BAT-2W-105158,2W_2.1kWh,Amptek,AM-2412,2024-11-16,2024-12-28,2.1,31391,98.7,BMS-4.2,,,79.3,False
BAT-2W-105159,2W_2.1kWh,Kyron,KY-2409,2024-10-27,2024-11-29,2.1,31296,98.7,BMS-4.1,2025-06-15,end_of_life,61.0,False
BAT-2W-105160,2W_2.1kWh,Cellora,CE-2405,2024-04-22,2024-05-24,2.1,30491,99.7,BMS-4.2,,,80.3,False
BAT-2W-105161,2W_2.1kWh,Cellora,CE-2503,2025-03-05,2025-03-20,2.1,32318,99.5,BMS-4.1,,,81.7,False
BAT-2W-105162,2W_2.1kWh,Cellora,CE-2312,2023-11-18,2023-12-24,2.1,32172,98.9,BMS-4.0,,,79.4,False
BAT-2W-105163,2W_2.1kWh,Kyron,KY-2408,2024-10-15,2024-11-18,2.1,32679,99.0,BMS-4.2,2025-06-15,end_of_life,59.7,False
BAT-2W-105164,2W_2.1kWh,Cellora,CE-2307,2023-06-15,2023-07-06,2.1,35269,99.1,BMS-4.0,,,79.3,False
BAT-3W-105165,3W_4.8kWh,Amptek,AM-2407,2024-05-22,2024-07-06,4.8,69050,98.7,BMS-4.0,,,86.2,False
BAT-2W-105166,2W_2.1kWh,Cellora,CE-2403,2024-02-13,2024-03-29,2.1,31706,99.7,BMS-4.1,,,81.5,False
BAT-2W-105167,2W_2.1kWh,Kyron,KY-2408,2024-10-23,2024-11-02,2.1,32347,98.6,BMS-4.0,2025-06-15,end_of_life,58.3,False
BAT-2W-105168,2W_2.1kWh,Kyron,KY-2409,2024-09-20,2024-11-06,2.1,30124,99.2,BMS-4.0,2025-06-15,end_of_life,62.6,False
BAT-2W-105169,2W_2.1kWh,Kyron,KY-2409,2024-10-08,2024-11-07,2.1,32577,99.4,BMS-4.0,2025-06-15,end_of_life,58.6,False
BAT-2W-105170,2W_2.1kWh,Cellora,CE-2502,2025-01-23,2025-02-27,2.1,32212,99.5,BMS-4.2,,,80.3,False
BAT-3W-105171,3W_4.8kWh,Cellora,CE-2409,2024-08-12,2024-09-28,4.8,66070,98.8,BMS-4.0,,,86.1,False
BAT-3W-105172,3W_4.8kWh,Cellora,CE-2503,2025-02-15,2025-03-17,4.8,67754,99.8,BMS-4.0,,,86.9,False
BAT-2W-105173,2W_2.1kWh,Cellora,CE-2505,2025-03-08,2025-05-05,2.1,33008,98.8,BMS-4.2,,,78.4,False
BAT-2W-105174,2W_2.1kWh,Cellora,CE-2503,2025-02-09,2025-03-21,2.1,33015,99.0,BMS-4.0,,,80.8,False
BAT-2W-105175,2W_2.1kWh,Cellora,CE-2412,2024-11-06,2024-12-22,2.1,32991,98.9,BMS-4.0,,,80.3,False
BAT-2W-105176,2W_2.1kWh,Amptek,AM-2403,2024-02-18,2024-03-26,2.1,33278,99.2,BMS-4.0,,,79.7,False
BAT-2W-105177,2W_2.1kWh,Kyron,KY-2409,2024-10-18,2024-11-16,2.1,32742,99.3,BMS-4.2,2025-06-15,end_of_life,62.1,False
BAT-2W-105178,2W_2.1kWh,Amptek,AM-2406,2024-04-30,2024-06-08,2.1,31984,98.7,BMS-4.2,,,78.9,False
BAT-3W-105179,3W_4.8kWh,Amptek,AM-2505,2025-04-29,2025-05-29,4.8,68060,99.2,BMS-4.1,,,86.3,False
BAT-2W-105180,2W_2.1kWh,Cellora,CE-2306,2023-05-18,2023-06-30,2.1,31537,99.3,BMS-4.1,,,80.9,False
BAT-3W-105181,3W_4.8kWh,Amptek,AM-2405,2024-04-29,2024-05-22,4.8,70269,99.3,BMS-4.0,,,86.5,False
BAT-3W-105182,3W_4.8kWh,Cellora,CE-2401,2023-11-13,2024-01-03,4.8,71337,99.6,BMS-4.2,,,86.9,False
BAT-2W-105183,2W_2.1kWh,Cellora,CE-2404,2024-03-04,2024-04-14,2.1,33790,98.6,BMS-4.1,,,79.8,False
BAT-2W-105184,2W_2.1kWh,Kyron,KY-2409,2024-10-02,2024-11-11,2.1,32853,99.6,BMS-4.0,2025-06-15,end_of_life,61.7,False
BAT-2W-105185,2W_2.1kWh,Amptek,AM-2408,2024-06-28,2024-08-20,2.1,30983,98.8,BMS-4.2,,,79.6,False
BAT-2W-105186,2W_2.1kWh,Cellora,CE-2503,2025-02-03,2025-03-30,2.1,31039,99.4,BMS-4.0,,,79.0,False
BAT-2W-105187,2W_2.1kWh,Cellora,CE-2409,2024-08-04,2024-09-27,2.1,31570,98.9,BMS-4.1,,,78.7,False
BAT-3W-105188,3W_4.8kWh,Kyron,KY-2412,2024-11-02,2024-12-01,4.8,70280,98.9,BMS-4.0,,,87.1,False
BAT-2W-105189,2W_2.1kWh,Cellora,CE-2303,2023-02-22,2023-03-25,2.1,32053,99.3,BMS-4.1,,,79.4,False
BAT-2W-105190,2W_2.1kWh,Kyron,KY-2408,2024-08-24,2024-09-11,2.1,33545,99.1,BMS-4.0,2025-06-15,end_of_life,60.1,False
BAT-2W-105191,2W_2.1kWh,Cellora,CE-2401,2023-12-01,2024-01-18,2.1,35657,99.5,BMS-4.0,,,79.3,False
BAT-2W-105192,2W_2.1kWh,Cellora,CE-2311,2023-09-30,2023-11-04,2.1,32791,99.0,BMS-4.2,,,79.1,False
BAT-2W-105193,2W_2.1kWh,Cellora,CE-2307,2023-05-31,2023-07-06,2.1,31741,99.3,BMS-4.1,,,80.6,False
BAT-2W-105194,2W_2.1kWh,Cellora,CE-2303,2023-02-19,2023-03-18,2.1,32813,98.9,BMS-4.1,,,79.8,False
BAT-2W-105195,2W_2.1kWh,Cellora,CE-2410,2024-09-03,2024-10-23,2.1,31724,98.7,BMS-4.0,,,79.0,False
BAT-2W-105196,2W_2.1kWh,Cellora,CE-2405,2024-04-15,2024-05-01,2.1,32374,99.9,BMS-4.1,,,80.1,False
BAT-2W-105197,2W_2.1kWh,Cellora,CE-2401,2023-11-27,2024-01-03,2.1,32748,98.5,BMS-4.2,,,80.6,False
BAT-2W-105198,2W_2.1kWh,Kyron,KY-2409,2024-11-11,2024-11-22,2.1,33211,99.7,BMS-4.1,2025-06-15,end_of_life,58.9,False
BAT-2W-105199,2W_2.1kWh,Cellora,CE-2504,2025-02-11,2025-04-06,2.1,30030,99.8,BMS-4.2,,,81.2,False
BAT-2W-105200,2W_2.1kWh,Amptek,AM-2506,2025-04-08,2025-06-01,2.1,33599,99.2,BMS-4.0,,,80.9,False
BAT-2W-105201,2W_2.1kWh,Cellora,CE-2404,2024-03-08,2024-04-07,2.1,32088,99.0,BMS-4.1,,,79.5,False
BAT-2W-105202,2W_2.1kWh,Amptek,AM-2503,2025-01-16,2025-03-05,2.1,34757,98.8,BMS-4.1,,,79.3,False
BAT-2W-105203,2W_2.1kWh,Cellora,CE-2408,2024-07-24,2024-08-20,2.1,29860,98.9,BMS-4.2,,,79.8,False
BAT-2W-105204,2W_2.1kWh,Amptek,AM-2403,2024-02-02,2024-03-13,2.1,30613,99.2,BMS-4.2,,,79.4,False
BAT-2W-105205,2W_2.1kWh,Cellora,CE-2503,2025-03-06,2025-03-17,2.1,31641,99.7,BMS-4.0,,,80.3,False
BAT-2W-105206,2W_2.1kWh,Kyron,KY-2409,2024-09-05,2024-10-06,2.1,32175,99.0,BMS-4.2,2025-06-15,end_of_life,63.4,False
BAT-2W-105207,2W_2.1kWh,Cellora,CE-2305,2023-04-01,2023-05-01,2.1,30666,99.3,BMS-4.1,,,80.3,False
BAT-2W-105208,2W_2.1kWh,Amptek,AM-2407,2024-06-02,2024-07-14,2.1,31139,99.5,BMS-4.1,,,80.8,False
BAT-2W-105209,2W_2.1kWh,Amptek,AM-2412,2024-10-19,2024-12-10,2.1,31653,98.8,BMS-4.1,,,79.9,False
BAT-2W-105210,2W_2.1kWh,Cellora,CE-2308,2023-07-22,2023-08-28,2.1,33248,98.9,BMS-4.1,,,80.3,False
BAT-2W-105211,2W_2.1kWh,Amptek,AM-2504,2025-04-01,2025-04-15,2.1,31667,99.3,BMS-4.2,,,81.1,False
BAT-3W-105212,3W_4.8kWh,Cellora,CE-2401,2024-01-03,2024-01-25,4.8,68976,99.2,BMS-4.2,,,86.0,False
BAT-2W-105213,2W_2.1kWh,Cellora,CE-2411,2024-10-31,2024-11-26,2.1,31258,99.5,BMS-4.0,,,79.9,False
BAT-2W-105214,2W_2.1kWh,Kyron,KY-2408,2024-08-16,2024-09-28,2.1,31864,99.0,BMS-4.1,2025-06-15,end_of_life,59.1,False
BAT-2W-105215,2W_2.1kWh,Cellora,CE-2309,2023-08-24,2023-09-26,2.1,30026,99.0,BMS-4.0,,,80.8,False
BAT-2W-105216,2W_2.1kWh,Amptek,AM-2408,2024-07-06,2024-08-16,2.1,32154,98.5,BMS-4.0,,,79.6,False
BAT-3W-105217,3W_4.8kWh,Cellora,CE-2410,2024-09-24,2024-10-28,4.8,71596,99.3,BMS-4.0,,,86.5,False
BAT-2W-105218,2W_2.1kWh,Kyron,KY-2407,2024-10-29,2024-11-29,2.1,32235,99.0,BMS-4.2,2025-06-15,end_of_life,59.8,False
BAT-2W-105219,2W_2.1kWh,Cellora,CE-2309,2023-08-01,2023-09-14,2.1,32625,99.5,BMS-4.1,,,79.5,False
BAT-2W-105220,2W_2.1kWh,Amptek,AM-2505,2025-04-16,2025-05-19,2.1,33497,99.1,BMS-4.1,,,78.9,False
BAT-2W-105221,2W_2.1kWh,Cellora,CE-2304,2023-03-14,2023-04-24,2.1,31081,99.2,BMS-4.0,,,80.1,False
BAT-2W-105222,2W_2.1kWh,Kyron,KY-2408,2024-10-03,2024-11-01,2.1,32905,98.8,BMS-4.1,2025-06-15,end_of_life,61.6,False
BAT-2W-105223,2W_2.1kWh,Cellora,CE-2309,2023-08-03,2023-09-26,2.1,32045,99.5,BMS-4.0,,,80.2,False
BAT-2W-105224,2W_2.1kWh,Cellora,CE-2404,2024-03-26,2024-04-07,2.1,31639,99.1,BMS-4.1,,,79.1,False
BAT-2W-105225,2W_2.1kWh,Amptek,AM-2501,2024-12-02,2025-01-05,2.1,32330,99.3,BMS-4.2,,,80.8,False
BAT-2W-105226,2W_2.1kWh,Kyron,KY-2407,2024-10-11,2024-11-21,2.1,33699,99.9,BMS-4.2,2025-06-15,end_of_life,64.9,False
BAT-2W-105227,2W_2.1kWh,Amptek,AM-2404,2024-03-29,2024-04-23,2.1,33545,98.9,BMS-4.2,,,79.9,False
BAT-3W-105228,3W_4.8kWh,Cellora,CE-2503,2025-02-28,2025-03-24,4.8,71848,99.3,BMS-4.1,,,85.7,False
BAT-3W-105229,3W_4.8kWh,Kyron,KY-2418,2025-04-20,2025-06-12,4.8,64169,98.9,BMS-4.1,,,87.0,False
BAT-2W-105230,2W_2.1kWh,Amptek,AM-2409,2024-09-09,2024-09-20,2.1,33361,98.8,BMS-4.0,,,78.5,False
BAT-2W-105231,2W_2.1kWh,Amptek,AM-2407,2024-05-04,2024-07-02,2.1,32470,99.3,BMS-4.0,,,79.7,False
BAT-2W-105232,2W_2.1kWh,Cellora,CE-2312,2023-10-12,2023-12-05,2.1,33043,99.1,BMS-4.1,,,80.1,False
BAT-2W-105233,2W_2.1kWh,Cellora,CE-2408,2024-06-12,2024-08-08,2.1,31999,99.3,BMS-4.2,,,78.9,False
BAT-2W-105234,2W_2.1kWh,Cellora,CE-2503,2025-03-16,2025-03-28,2.1,31811,99.0,BMS-4.2,,,79.5,False
BAT-2W-105235,2W_2.1kWh,Amptek,AM-2405,2024-04-07,2024-05-01,2.1,31004,99.0,BMS-4.1,,,79.9,False
BAT-2W-105236,2W_2.1kWh,Cellora,CE-2306,2023-04-13,2023-06-04,2.1,33317,99.2,BMS-4.0,,,80.8,False
BAT-2W-105237,2W_2.1kWh,Amptek,AM-2503,2025-02-01,2025-03-16,2.1,32940,99.2,BMS-4.2,,,79.8,False
BAT-2W-105238,2W_2.1kWh,Cellora,CE-2303,2023-02-28,2023-03-25,2.1,31420,99.2,BMS-4.2,,,80.1,False
BAT-2W-105239,2W_2.1kWh,Kyron,KY-2409,2024-10-18,2024-11-26,2.1,32430,99.1,BMS-4.2,2025-06-15,end_of_life,58.7,False
BAT-2W-105240,2W_2.1kWh,Cellora,CE-2311,2023-10-07,2023-11-12,2.1,32437,98.6,BMS-4.0,,,79.5,False
BAT-3W-105241,3W_4.8kWh,Cellora,CE-2303,2023-01-29,2023-03-15,4.8,65183,99.3,BMS-4.0,,,86.3,False
BAT-2W-105242,2W_2.1kWh,Kyron,KY-2408,2024-09-18,2024-10-31,2.1,31887,99.3,BMS-4.0,2025-06-15,end_of_life,67.6,False
BAT-2W-105243,2W_2.1kWh,Cellora,CE-2408,2024-06-12,2024-08-03,2.1,31016,99.5,BMS-4.0,,,79.8,False
BAT-3W-105244,3W_4.8kWh,Cellora,CE-2304,2023-03-04,2023-04-13,4.8,67665,98.7,BMS-4.2,,,86.1,False
BAT-2W-105245,2W_2.1kWh,Amptek,AM-2501,2024-12-19,2025-01-11,2.1,31259,99.0,BMS-4.1,,,77.7,False
BAT-2W-105246,2W_2.1kWh,Cellora,CE-2311,2023-10-17,2023-11-08,2.1,30325,99.9,BMS-4.2,,,80.2,False
BAT-2W-105247,2W_2.1kWh,Amptek,AM-2501,2025-01-06,2025-01-16,2.1,32232,99.5,BMS-4.1,,,79.3,False
BAT-3W-105248,3W_4.8kWh,Cellora,CE-2303,2023-03-17,2023-03-29,4.8,71354,99.6,BMS-4.1,,,87.8,False
BAT-2W-105249,2W_2.1kWh,Cellora,CE-2405,2024-03-16,2024-05-12,2.1,32002,99.6,BMS-4.1,,,80.3,False
BAT-2W-105250,2W_2.1kWh,Amptek,AM-2501,2024-11-15,2025-01-08,2.1,32707,98.9,BMS-4.0,,,78.8,False
BAT-2W-105251,2W_2.1kWh,Cellora,CE-2309,2023-08-22,2023-09-10,2.1,31972,99.8,BMS-4.1,,,80.6,False
BAT-2W-105252,2W_2.1kWh,Cellora,CE-2307,2023-06-01,2023-07-27,2.1,31080,99.5,BMS-4.1,,,80.6,False
BAT-2W-105253,2W_2.1kWh,Cellora,CE-2410,2024-09-19,2024-10-28,2.1,30293,99.2,BMS-4.1,,,78.5,False
BAT-2W-105254,2W_2.1kWh,Cellora,CE-2502,2025-01-29,2025-02-09,2.1,32079,99.7,BMS-4.2,,,80.7,False
BAT-2W-105255,2W_2.1kWh,Amptek,AM-2412,2024-10-26,2024-12-17,2.1,33051,98.8,BMS-4.1,,,80.6,False
BAT-2W-105256,2W_2.1kWh,Cellora,CE-2407,2024-06-06,2024-07-20,2.1,33284,99.1,BMS-4.1,,,78.4,False
BAT-2W-105257,2W_2.1kWh,Amptek,AM-2503,2025-01-29,2025-03-26,2.1,33390,98.7,BMS-4.1,,,80.7,False
BAT-2W-105258,2W_2.1kWh,Cellora,CE-2410,2024-09-02,2024-10-02,2.1,30161,98.6,BMS-4.2,,,78.1,False
BAT-2W-105259,2W_2.1kWh,Cellora,CE-2303,2023-02-02,2023-03-29,2.1,33264,99.4,BMS-4.1,,,79.5,False
BAT-3W-105260,3W_4.8kWh,Kyron,KY-2407,2024-06-06,2024-07-09,4.8,70594,99.4,BMS-4.0,,,70.1,False
BAT-3W-105261,3W_4.8kWh,Cellora,CE-2402,2024-01-20,2024-02-08,4.8,67104,98.7,BMS-4.2,,,86.5,False
BAT-2W-105262,2W_2.1kWh,Cellora,CE-2505,2025-04-18,2025-05-16,2.1,33059,99.7,BMS-4.1,,,80.5,False
BAT-2W-105263,2W_2.1kWh,Kyron,KY-2409,2024-09-03,2024-10-20,2.1,32530,98.6,BMS-4.1,2025-06-15,end_of_life,63.6,False
BAT-2W-105264,2W_2.1kWh,Amptek,AM-2407,2024-06-01,2024-07-07,2.1,30221,99.4,BMS-4.1,,,80.1,False
BAT-2W-105265,2W_2.1kWh,Cellora,CE-2310,2023-09-21,2023-10-23,2.1,31797,98.2,BMS-4.1,,,79.3,False
BAT-2W-105266,2W_2.1kWh,Kyron,KY-2407,2024-09-26,2024-11-14,2.1,31782,99.5,BMS-4.2,2025-06-15,end_of_life,62.1,False
BAT-2W-105267,2W_2.1kWh,Cellora,CE-2306,2023-06-16,2023-06-30,2.1,29636,99.0,BMS-4.0,,,78.9,False
BAT-2W-105268,2W_2.1kWh,Cellora,CE-2405,2024-03-25,2024-05-20,2.1,29687,99.2,BMS-4.0,,,80.7,False
BAT-2W-105269,2W_2.1kWh,Kyron,KY-2408,2024-08-20,2024-09-20,2.1,33173,98.7,BMS-4.2,2025-06-15,end_of_life,59.8,False
BAT-3W-105270,3W_4.8kWh,Kyron,KY-2410,2024-08-15,2024-10-06,4.8,68122,99.6,BMS-4.1,,,86.5,False
BAT-2W-105271,2W_2.1kWh,Cellora,CE-2307,2023-06-14,2023-07-10,2.1,31299,98.8,BMS-4.1,,,79.8,False
BAT-2W-105272,2W_2.1kWh,Cellora,CE-2411,2024-10-19,2024-11-07,2.1,33197,99.3,BMS-4.1,,,78.5,False
BAT-2W-105273,2W_2.1kWh,Kyron,KY-2409,2024-08-30,2024-09-15,2.1,30265,99.5,BMS-4.1,2025-06-15,end_of_life,56.8,False
BAT-2W-105274,2W_2.1kWh,Cellora,CE-2501,2024-12-12,2025-01-16,2.1,34555,99.2,BMS-4.1,,,80.0,False
BAT-3W-105275,3W_4.8kWh,Cellora,CE-2304,2023-03-10,2023-04-15,4.8,72113,98.9,BMS-4.2,,,85.9,False
BAT-2W-105276,2W_2.1kWh,Cellora,CE-2406,2024-05-11,2024-06-30,2.1,31512,99.2,BMS-4.0,,,81.2,False
BAT-2W-105277,2W_2.1kWh,Amptek,AM-2406,2024-05-03,2024-06-28,2.1,32253,99.1,BMS-4.0,,,80.2,False
BAT-2W-105278,2W_2.1kWh,Cellora,CE-2504,2025-04-09,2025-04-21,2.1,32287,99.0,BMS-4.0,,,81.0,False
BAT-2W-105279,2W_2.1kWh,Cellora,CE-2410,2024-10-05,2024-10-18,2.1,34166,99.5,BMS-4.2,,,80.1,False
BAT-2W-105280,2W_2.1kWh,Cellora,CE-2405,2024-03-28,2024-05-05,2.1,30713,99.4,BMS-4.2,,,80.1,False
BAT-3W-105281,3W_4.8kWh,Cellora,CE-2505,2025-04-11,2025-05-20,4.8,68698,99.1,BMS-4.2,,,85.8,False
BAT-3W-105282,3W_4.8kWh,Cellora,CE-2412,2024-11-25,2024-12-05,4.8,67663,98.6,BMS-4.2,,,86.4,False
BAT-2W-105283,2W_2.1kWh,Cellora,CE-2310,2023-08-30,2023-10-24,2.1,33216,99.7,BMS-4.2,,,81.2,False
BAT-2W-105284,2W_2.1kWh,Amptek,AM-2408,2024-08-14,2024-08-26,2.1,33733,98.8,BMS-4.2,,,80.2,False
BAT-2W-105285,2W_2.1kWh,Kyron,KY-2407,2024-09-13,2024-10-07,2.1,33263,99.3,BMS-4.0,2025-06-15,end_of_life,58.4,False
BAT-2W-105286,2W_2.1kWh,Kyron,KY-2407,2024-10-10,2024-11-27,2.1,30384,99.3,BMS-4.1,2025-06-15,end_of_life,60.3,False
BAT-3W-105287,3W_4.8kWh,Cellora,CE-2308,2023-08-06,2023-08-19,4.8,62188,100.0,BMS-4.1,,,87.8,False
BAT-2W-105288,2W_2.1kWh,Cellora,CE-2504,2025-03-16,2025-04-17,2.1,34262,98.9,BMS-4.1,,,79.1,False
BAT-3W-105289,3W_4.8kWh,Amptek,AM-2503,2025-02-03,2025-03-28,4.8,69382,98.8,BMS-4.2,,,86.7,False
BAT-2W-105290,2W_2.1kWh,Cellora,CE-2407,2024-06-19,2024-07-20,2.1,31111,99.9,BMS-4.2,,,80.5,False
BAT-2W-105291,2W_2.1kWh,Kyron,KY-2407,2024-10-05,2024-10-21,2.1,31123,99.6,BMS-4.2,2025-06-15,end_of_life,63.7,False
BAT-2W-105292,2W_2.1kWh,Cellora,CE-2502,2025-02-10,2025-02-24,2.1,32821,99.2,BMS-4.2,,,80.1,False
BAT-2W-105293,2W_2.1kWh,Amptek,AM-2501,2024-12-08,2025-01-24,2.1,31785,99.0,BMS-4.2,,,80.3,False
BAT-2W-105294,2W_2.1kWh,Kyron,KY-2407,2024-09-13,2024-10-20,2.1,30925,98.9,BMS-4.1,2025-06-15,end_of_life,59.9,False
BAT-2W-105295,2W_2.1kWh,Amptek,AM-2411,2024-09-27,2024-11-12,2.1,31418,99.4,BMS-4.1,,,79.5,False
BAT-2W-105296,2W_2.1kWh,Amptek,AM-2501,2024-12-05,2025-01-21,2.1,33496,98.8,BMS-4.0,,,78.7,False
BAT-2W-105297,2W_2.1kWh,Kyron,KY-2407,2024-09-02,2024-10-06,2.1,28749,99.7,BMS-4.2,2025-06-15,end_of_life,62.0,False
BAT-2W-105298,2W_2.1kWh,Cellora,CE-2412,2024-11-29,2024-12-15,2.1,35520,98.9,BMS-4.1,,,80.7,False
BAT-2W-105299,2W_2.1kWh,Kyron,KY-2407,2024-10-22,2024-11-16,2.1,31526,99.1,BMS-4.2,2025-06-15,end_of_life,59.8,False
BAT-2W-105300,2W_2.1kWh,Cellora,CE-2306,2023-04-21,2023-06-07,2.1,30584,98.9,BMS-4.1,,,81.1,False
BAT-2W-105301,2W_2.1kWh,Kyron,KY-2408,2024-09-10,2024-10-22,2.1,32664,99.0,BMS-4.0,2025-06-15,end_of_life,62.2,False
BAT-2W-105302,2W_2.1kWh,Cellora,CE-2505,2025-04-05,2025-05-26,2.1,32694,99.0,BMS-4.0,,,81.1,False
BAT-2W-105303,2W_2.1kWh,Cellora,CE-2502,2024-12-30,2025-02-12,2.1,30750,98.7,BMS-4.0,,,80.4,False
BAT-2W-105304,2W_2.1kWh,Cellora,CE-2408,2024-07-03,2024-08-01,2.1,30813,99.1,BMS-4.1,,,80.9,False
BAT-2W-105305,2W_2.1kWh,Kyron,KY-2408,2024-09-29,2024-10-09,2.1,32086,98.7,BMS-4.0,2025-06-15,end_of_life,61.5,False
BAT-3W-105306,3W_4.8kWh,Kyron,KY-2412,2024-11-19,2024-12-15,4.8,72562,99.3,BMS-4.2,,,86.0,False
BAT-2W-105307,2W_2.1kWh,Amptek,AM-2501,2024-12-19,2025-01-18,2.1,31755,99.5,BMS-4.0,,,79.9,False
BAT-2W-105308,2W_2.1kWh,Amptek,AM-2408,2024-07-24,2024-08-30,2.1,33513,98.6,BMS-4.0,,,79.9,False
BAT-2W-105309,2W_2.1kWh,Cellora,CE-2411,2024-10-07,2024-11-26,2.1,29763,99.0,BMS-4.1,,,80.3,False
BAT-2W-105310,2W_2.1kWh,Cellora,CE-2303,2023-01-14,2023-03-05,2.1,31772,98.9,BMS-4.2,,,79.7,False
BAT-2W-105311,2W_2.1kWh,Cellora,CE-2310,2023-09-03,2023-10-17,2.1,32655,98.6,BMS-4.2,,,79.8,False
BAT-2W-105312,2W_2.1kWh,Kyron,KY-2408,2024-08-14,2024-10-01,2.1,35500,99.3,BMS-4.0,2025-06-15,end_of_life,58.5,False
BAT-2W-105313,2W_2.1kWh,Amptek,AM-2505,2025-04-21,2025-05-25,2.1,31805,99.0,BMS-4.0,,,81.1,False
BAT-2W-105314,2W_2.1kWh,Cellora,CE-2412,2024-11-06,2024-12-14,2.1,30398,99.6,BMS-4.2,,,80.5,False
BAT-2W-105315,2W_2.1kWh,Amptek,AM-2505,2025-03-16,2025-05-07,2.1,32306,99.4,BMS-4.0,,,80.5,False
BAT-2W-105316,2W_2.1kWh,Cellora,CE-2504,2025-03-30,2025-04-25,2.1,32336,98.2,BMS-4.0,,,77.1,False
BAT-2W-105317,2W_2.1kWh,Cellora,CE-2303,2023-02-04,2023-03-15,2.1,31064,99.7,BMS-4.1,,,79.4,False
BAT-2W-105318,2W_2.1kWh,Amptek,AM-2504,2025-03-26,2025-04-26,2.1,30262,99.8,BMS-4.0,,,81.5,False
BAT-2W-105319,2W_2.1kWh,Kyron,KY-2408,2024-10-11,2024-11-27,2.1,31938,99.0,BMS-4.1,2025-06-15,end_of_life,58.0,False
BAT-2W-105320,2W_2.1kWh,Amptek,AM-2503,2025-02-10,2025-03-28,2.1,31587,99.5,BMS-4.1,,,80.8,False
BAT-2W-105321,2W_2.1kWh,Kyron,KY-2407,2024-08-02,2024-09-20,2.1,29583,98.8,BMS-4.1,2025-06-15,end_of_life,60.3,False
BAT-3W-105322,3W_4.8kWh,Amptek,AM-2506,2025-04-26,2025-06-13,4.8,67915,99.0,BMS-4.1,,,86.5,False
BAT-3W-105323,3W_4.8kWh,Cellora,CE-2408,2024-08-14,2024-08-25,4.8,68617,98.7,BMS-4.0,,,85.9,False
BAT-3W-105324,3W_4.8kWh,Cellora,CE-2304,2023-03-26,2023-04-17,4.8,70293,99.1,BMS-4.1,,,84.6,False
BAT-2W-105325,2W_2.1kWh,Kyron,KY-2409,2024-11-05,2024-11-29,2.1,32294,98.0,BMS-4.1,2025-06-15,end_of_life,59.4,False
BAT-3W-105326,3W_4.8kWh,Kyron,KY-2413,2024-12-09,2025-01-17,4.8,65985,99.5,BMS-4.2,,,86.9,False
BAT-2W-105327,2W_2.1kWh,Cellora,CE-2312,2023-10-04,2023-12-02,2.1,33108,98.7,BMS-4.0,,,79.7,False
BAT-2W-105328,2W_2.1kWh,Cellora,CE-2410,2024-09-15,2024-10-19,2.1,33646,98.8,BMS-4.1,,,79.2,False
BAT-2W-105329,2W_2.1kWh,Amptek,AM-2412,2024-11-23,2024-12-21,2.1,33313,99.3,BMS-4.0,,,79.0,False
BAT-2W-105330,2W_2.1kWh,Amptek,AM-2407,2024-07-10,2024-07-23,2.1,32237,99.4,BMS-4.1,,,79.2,False
BAT-2W-105331,2W_2.1kWh,Amptek,AM-2407,2024-06-11,2024-07-22,2.1,32773,99.0,BMS-4.1,,,79.0,False
BAT-2W-105332,2W_2.1kWh,Cellora,CE-2504,2025-03-10,2025-04-05,2.1,31480,99.9,BMS-4.1,,,81.3,False
BAT-2W-105333,2W_2.1kWh,Kyron,KY-2408,2024-11-01,2024-11-16,2.1,30979,98.7,BMS-4.0,2025-06-15,end_of_life,57.5,False
BAT-2W-105334,2W_2.1kWh,Cellora,CE-2409,2024-08-30,2024-09-17,2.1,33854,99.0,BMS-4.2,,,81.0,False
BAT-2W-105335,2W_2.1kWh,Cellora,CE-2410,2024-08-16,2024-10-03,2.1,31071,99.1,BMS-4.2,,,79.5,False
BAT-3W-105336,3W_4.8kWh,Amptek,AM-2410,2024-09-20,2024-10-21,4.8,69513,98.8,BMS-4.0,,,85.5,False
BAT-2W-105337,2W_2.1kWh,Kyron,KY-2409,2024-09-22,2024-10-20,2.1,33027,98.7,BMS-4.1,2025-06-15,end_of_life,60.4,False
BAT-2W-105338,2W_2.1kWh,Cellora,CE-2503,2025-01-31,2025-03-27,2.1,28930,99.8,BMS-4.0,,,80.6,False
BAT-2W-105339,2W_2.1kWh,Amptek,AM-2404,2024-02-16,2024-04-04,2.1,31799,99.4,BMS-4.0,,,81.3,False
BAT-3W-105340,3W_4.8kWh,Amptek,AM-2412,2024-10-19,2024-12-15,4.8,69579,99.0,BMS-4.1,,,86.8,False
BAT-2W-105341,2W_2.1kWh,Kyron,KY-2408,2024-10-07,2024-11-13,2.1,31437,99.1,BMS-4.1,2025-06-15,end_of_life,60.8,False
BAT-3W-105342,3W_4.8kWh,Kyron,KY-2409,2024-08-01,2024-09-04,4.8,67504,99.0,BMS-4.1,,,70.4,False
BAT-2W-105343,2W_2.1kWh,Kyron,KY-2409,2024-10-10,2024-11-24,2.1,33421,99.1,BMS-4.1,2025-06-15,end_of_life,61.1,False
BAT-2W-105344,2W_2.1kWh,Cellora,CE-2402,2023-12-28,2024-02-02,2.1,30684,99.7,BMS-4.1,,,79.3,False
BAT-2W-105345,2W_2.1kWh,Kyron,KY-2409,2024-10-21,2024-11-15,2.1,30999,99.3,BMS-4.1,2025-06-15,end_of_life,60.4,False
BAT-2W-105346,2W_2.1kWh,Kyron,KY-2408,2024-09-12,2024-10-09,2.1,31267,99.0,BMS-4.2,2025-06-15,end_of_life,58.1,False
BAT-2W-105347,2W_2.1kWh,Cellora,CE-2402,2024-01-24,2024-02-04,2.1,32175,98.9,BMS-4.0,,,79.7,False
BAT-2W-105348,2W_2.1kWh,Cellora,CE-2405,2024-05-19,2024-05-31,2.1,31487,99.1,BMS-4.1,,,80.8,False
BAT-2W-105349,2W_2.1kWh,Kyron,KY-2407,2024-08-31,2024-09-27,2.1,34558,99.3,BMS-4.0,2025-06-15,end_of_life,59.3,False
BAT-2W-105350,2W_2.1kWh,Cellora,CE-2401,2023-12-15,2024-01-23,2.1,34487,99.6,BMS-4.0,,,80.4,False
BAT-2W-105351,2W_2.1kWh,Cellora,CE-2311,2023-09-25,2023-11-22,2.1,31660,98.7,BMS-4.2,,,79.4,False
BAT-2W-105352,2W_2.1kWh,Cellora,CE-2502,2025-01-22,2025-02-25,2.1,32132,97.9,BMS-4.0,,,79.1,False
BAT-2W-105353,2W_2.1kWh,Cellora,CE-2304,2023-03-13,2023-04-29,2.1,30989,99.2,BMS-4.2,,,80.4,False
BAT-2W-105354,2W_2.1kWh,Cellora,CE-2505,2025-03-19,2025-05-12,2.1,33494,99.0,BMS-4.0,,,77.0,False
BAT-2W-105355,2W_2.1kWh,Cellora,CE-2503,2025-02-06,2025-03-17,2.1,32669,99.0,BMS-4.1,,,79.4,False
BAT-2W-105356,2W_2.1kWh,Cellora,CE-2406,2024-06-09,2024-06-30,2.1,32220,98.9,BMS-4.2,,,79.3,False
BAT-2W-105357,2W_2.1kWh,Amptek,AM-2412,2024-11-16,2024-12-14,2.1,32599,99.3,BMS-4.0,,,79.3,False
BAT-2W-105358,2W_2.1kWh,Cellora,CE-2502,2025-01-09,2025-02-04,2.1,31897,98.5,BMS-4.0,,,80.2,False
BAT-2W-105359,2W_2.1kWh,Cellora,CE-2409,2024-08-20,2024-09-13,2.1,33186,99.6,BMS-4.2,,,80.6,False
BAT-3W-105360,3W_4.8kWh,Cellora,CE-2305,2023-05-18,2023-05-28,4.8,69289,99.3,BMS-4.1,,,86.2,False
BAT-2W-105361,2W_2.1kWh,Cellora,CE-2311,2023-10-02,2023-11-11,2.1,29782,98.6,BMS-4.1,,,79.3,False
BAT-2W-105362,2W_2.1kWh,Amptek,AM-2409,2024-09-07,2024-09-23,2.1,30335,99.0,BMS-4.1,,,79.3,False
BAT-2W-105363,2W_2.1kWh,Cellora,CE-2406,2024-05-23,2024-06-05,2.1,33098,99.0,BMS-4.2,,,79.8,False
BAT-2W-105364,2W_2.1kWh,Kyron,KY-2407,2024-10-30,2024-11-29,2.1,31280,98.7,BMS-4.1,2025-06-15,end_of_life,62.4,False
BAT-2W-105365,2W_2.1kWh,Cellora,CE-2504,2025-02-09,2025-04-07,2.1,31680,99.3,BMS-4.1,,,78.8,False
BAT-3W-105366,3W_4.8kWh,Amptek,AM-2506,2025-04-25,2025-06-02,4.8,71001,100.0,BMS-4.2,,,87.8,False
BAT-2W-105367,2W_2.1kWh,Cellora,CE-2401,2023-12-10,2024-01-05,2.1,32916,99.7,BMS-4.1,,,79.4,False
BAT-2W-105368,2W_2.1kWh,Amptek,AM-2410,2024-09-11,2024-10-17,2.1,31160,99.1,BMS-4.0,,,80.0,False
BAT-2W-105369,2W_2.1kWh,Kyron,KY-2408,2024-09-08,2024-10-26,2.1,32166,99.4,BMS-4.2,2025-06-15,end_of_life,61.7,False
BAT-2W-105370,2W_2.1kWh,Kyron,KY-2409,2024-09-15,2024-11-01,2.1,32944,99.4,BMS-4.1,2025-06-15,end_of_life,60.9,False
BAT-2W-105371,2W_2.1kWh,Amptek,AM-2405,2024-05-05,2024-05-20,2.1,32165,98.9,BMS-4.2,,,79.2,False
BAT-2W-105372,2W_2.1kWh,Amptek,AM-2504,2025-02-23,2025-04-05,2.1,32205,98.9,BMS-4.0,,,79.8,False
BAT-2W-105373,2W_2.1kWh,Cellora,CE-2308,2023-07-10,2023-08-02,2.1,35161,99.3,BMS-4.1,,,79.8,False
BAT-2W-105374,2W_2.1kWh,Kyron,KY-2409,2024-10-06,2024-11-22,2.1,30474,99.6,BMS-4.0,2025-06-15,end_of_life,58.1,False
BAT-2W-105375,2W_2.1kWh,Cellora,CE-2402,2023-12-15,2024-02-07,2.1,32465,99.0,BMS-4.0,,,80.5,False
BAT-2W-105376,2W_2.1kWh,Cellora,CE-2303,2023-02-02,2023-03-30,2.1,31417,99.1,BMS-4.0,,,78.8,False
BAT-2W-105377,2W_2.1kWh,Cellora,CE-2410,2024-09-15,2024-10-20,2.1,29966,99.5,BMS-4.0,,,80.9,False
BAT-2W-105378,2W_2.1kWh,Cellora,CE-2401,2023-11-23,2024-01-08,2.1,31936,99.3,BMS-4.1,,,80.9,False
BAT-2W-105379,2W_2.1kWh,Cellora,CE-2404,2024-03-26,2024-04-30,2.1,30148,98.9,BMS-4.2,,,79.7,False
BAT-2W-105380,2W_2.1kWh,Kyron,KY-2409,2024-10-10,2024-10-28,2.1,33569,99.0,BMS-4.0,2025-06-15,end_of_life,61.0,False
BAT-2W-105381,2W_2.1kWh,Cellora,CE-2309,2023-08-17,2023-09-16,2.1,31649,98.8,BMS-4.2,,,79.3,False
BAT-2W-105382,2W_2.1kWh,Kyron,KY-2409,2024-09-28,2024-10-21,2.1,33030,99.5,BMS-4.1,2025-06-15,end_of_life,60.1,False
BAT-2W-105383,2W_2.1kWh,Cellora,CE-2409,2024-08-29,2024-09-18,2.1,32329,99.4,BMS-4.0,,,80.8,False
BAT-2W-105384,2W_2.1kWh,Cellora,CE-2409,2024-07-31,2024-09-16,2.1,32286,99.1,BMS-4.1,,,79.7,False
BAT-2W-105385,2W_2.1kWh,Kyron,KY-2408,2024-09-30,2024-11-17,2.1,30155,99.2,BMS-4.1,2025-06-15,end_of_life,59.1,False
BAT-2W-105386,2W_2.1kWh,Kyron,KY-2407,2024-10-26,2024-11-18,2.1,30514,98.9,BMS-4.1,2025-06-15,end_of_life,61.4,False
BAT-3W-105387,3W_4.8kWh,Cellora,CE-2407,2024-06-07,2024-07-02,4.8,64831,99.6,BMS-4.1,,,87.0,False
BAT-2W-105388,2W_2.1kWh,Amptek,AM-2505,2025-04-18,2025-05-24,2.1,32733,99.7,BMS-4.2,,,80.7,False
BAT-3W-105389,3W_4.8kWh,Cellora,CE-2401,2023-12-22,2024-01-23,4.8,69900,99.1,BMS-4.2,,,87.2,False
BAT-2W-105390,2W_2.1kWh,Amptek,AM-2409,2024-08-15,2024-09-08,2.1,32820,99.2,BMS-4.1,,,80.4,False
BAT-2W-105391,2W_2.1kWh,Cellora,CE-2305,2023-04-19,2023-05-28,2.1,34293,98.4,BMS-4.0,,,79.6,False
BAT-2W-105392,2W_2.1kWh,Amptek,AM-2501,2024-12-01,2025-01-08,2.1,33221,99.2,BMS-4.2,,,79.4,False
BAT-2W-105393,2W_2.1kWh,Cellora,CE-2305,2023-03-17,2023-05-13,2.1,31583,98.5,BMS-4.1,,,79.0,False
BAT-2W-105394,2W_2.1kWh,Kyron,KY-2407,2024-08-10,2024-09-13,2.1,33927,99.2,BMS-4.2,2025-06-15,end_of_life,60.0,False
BAT-2W-105395,2W_2.1kWh,Cellora,CE-2501,2024-12-02,2025-01-28,2.1,33143,99.4,BMS-4.2,,,80.8,False
BAT-2W-105396,2W_2.1kWh,Amptek,AM-2502,2025-01-08,2025-02-20,2.1,30824,99.2,BMS-4.0,,,80.7,False
BAT-2W-105397,2W_2.1kWh,Cellora,CE-2310,2023-10-13,2023-10-29,2.1,31456,99.2,BMS-4.0,,,79.8,False
BAT-2W-105398,2W_2.1kWh,Cellora,CE-2404,2024-03-09,2024-04-02,2.1,32222,99.2,BMS-4.0,,,79.4,False
BAT-2W-105399,2W_2.1kWh,Kyron,KY-2408,2024-09-30,2024-11-09,2.1,31615,99.4,BMS-4.1,2025-06-15,end_of_life,58.1,False
BAT-3W-105400,3W_4.8kWh,Kyron,KY-2408,2024-06-10,2024-08-07,4.8,67965,99.3,BMS-4.1,2025-06-15,end_of_life,69.4,False
BAT-2W-105401,2W_2.1kWh,Cellora,CE-2312,2023-12-11,2023-12-31,2.1,31231,99.3,BMS-4.2,,,80.6,False
BAT-2W-105402,2W_2.1kWh,Cellora,CE-2406,2024-04-26,2024-06-15,2.1,31942,99.3,BMS-4.0,,,81.8,False
BAT-2W-105403,2W_2.1kWh,Cellora,CE-2312,2023-11-12,2023-12-09,2.1,33717,99.6,BMS-4.0,,,81.2,False
BAT-2W-105404,2W_2.1kWh,Cellora,CE-2502,2024-12-31,2025-02-05,2.1,32239,98.8,BMS-4.0,,,80.3,False
BAT-2W-105405,2W_2.1kWh,Cellora,CE-2408,2024-08-08,2024-08-30,2.1,32998,99.0,BMS-4.0,,,79.6,False
BAT-2W-105406,2W_2.1kWh,Kyron,KY-2409,2024-10-05,2024-11-07,2.1,32673,99.5,BMS-4.1,2025-06-15,end_of_life,61.6,False
BAT-2W-105407,2W_2.1kWh,Amptek,AM-2410,2024-09-26,2024-10-21,2.1,30602,98.6,BMS-4.0,,,80.4,False
BAT-2W-105408,2W_2.1kWh,Kyron,KY-2409,2024-09-06,2024-09-26,2.1,31979,99.3,BMS-4.1,2025-06-15,end_of_life,59.2,False
BAT-2W-105409,2W_2.1kWh,Kyron,KY-2407,2024-10-21,2024-11-18,2.1,32487,98.2,BMS-4.2,2025-06-15,end_of_life,58.5,False
BAT-2W-105410,2W_2.1kWh,Cellora,CE-2311,2023-10-23,2023-11-25,2.1,32159,98.4,BMS-4.2,,,79.7,False
BAT-3W-105411,3W_4.8kWh,Amptek,AM-2406,2024-05-20,2024-06-14,4.8,70886,98.8,BMS-4.0,,,87.0,False
BAT-2W-105412,2W_2.1kWh,Cellora,CE-2306,2023-05-06,2023-06-15,2.1,32718,99.5,BMS-4.2,,,81.1,False
BAT-2W-105413,2W_2.1kWh,Cellora,CE-2502,2024-12-24,2025-02-02,2.1,32695,98.7,BMS-4.0,,,79.7,False
BAT-3W-105414,3W_4.8kWh,Amptek,AM-2502,2024-12-20,2025-02-03,4.8,66118,99.3,BMS-4.0,,,86.5,False
BAT-2W-105415,2W_2.1kWh,Cellora,CE-2407,2024-06-16,2024-07-10,2.1,32606,100.0,BMS-4.0,,,81.6,False
BAT-2W-105416,2W_2.1kWh,Amptek,AM-2503,2025-02-16,2025-03-31,2.1,30229,99.1,BMS-4.2,,,80.2,False
BAT-2W-105417,2W_2.1kWh,Cellora,CE-2405,2024-05-08,2024-05-22,2.1,31968,99.4,BMS-4.2,,,81.0,False
BAT-2W-105418,2W_2.1kWh,Cellora,CE-2504,2025-03-14,2025-04-26,2.1,32500,99.0,BMS-4.1,,,79.9,False
BAT-2W-105419,2W_2.1kWh,Cellora,CE-2501,2025-01-05,2025-01-21,2.1,31597,98.7,BMS-4.1,,,79.6,False
BAT-2W-105420,2W_2.1kWh,Cellora,CE-2406,2024-05-18,2024-06-22,2.1,31807,99.3,BMS-4.0,,,78.8,False
BAT-2W-105421,2W_2.1kWh,Cellora,CE-2404,2024-03-14,2024-04-06,2.1,31854,99.1,BMS-4.0,,,79.1,False
BAT-2W-105422,2W_2.1kWh,Cellora,CE-2412,2024-11-04,2024-12-25,2.1,33163,99.4,BMS-4.2,,,81.0,False
BAT-2W-105423,2W_2.1kWh,Kyron,KY-2408,2024-09-05,2024-10-15,2.1,34670,100.0,BMS-4.2,2025-06-15,end_of_life,60.8,False
BAT-2W-105424,2W_2.1kWh,Amptek,AM-2406,2024-05-16,2024-06-29,2.1,30560,99.2,BMS-4.2,,,80.9,False
BAT-3W-105425,3W_4.8kWh,Cellora,CE-2305,2023-03-16,2023-05-14,4.8,68286,98.5,BMS-4.2,,,86.2,False
BAT-2W-105426,2W_2.1kWh,Cellora,CE-2501,2024-12-22,2025-01-06,2.1,30689,99.0,BMS-4.1,,,80.9,False
BAT-2W-105427,2W_2.1kWh,Cellora,CE-2501,2024-11-26,2025-01-23,2.1,30835,99.6,BMS-4.0,,,80.1,False
BAT-2W-105428,2W_2.1kWh,Cellora,CE-2406,2024-05-16,2024-06-30,2.1,33410,99.0,BMS-4.2,,,80.9,False
BAT-2W-105429,2W_2.1kWh,Cellora,CE-2304,2023-02-24,2023-04-14,2.1,33457,99.6,BMS-4.0,,,80.5,False
BAT-2W-105430,2W_2.1kWh,Kyron,KY-2408,2024-10-17,2024-11-15,2.1,30730,99.3,BMS-4.1,2025-06-15,end_of_life,63.1,False
BAT-2W-105431,2W_2.1kWh,Amptek,AM-2405,2024-04-05,2024-05-07,2.1,33014,99.6,BMS-4.1,,,78.4,False
BAT-2W-105432,2W_2.1kWh,Kyron,KY-2408,2024-09-09,2024-10-24,2.1,31108,98.7,BMS-4.0,2025-06-15,end_of_life,61.9,False
BAT-2W-105433,2W_2.1kWh,Amptek,AM-2406,2024-05-21,2024-06-24,2.1,31898,99.6,BMS-4.2,,,80.2,False
BAT-2W-105434,2W_2.1kWh,Cellora,CE-2412,2024-10-19,2024-12-08,2.1,31627,98.8,BMS-4.2,,,79.6,False
BAT-2W-105435,2W_2.1kWh,Cellora,CE-2405,2024-04-02,2024-05-15,2.1,34124,99.4,BMS-4.1,,,80.3,False
BAT-3W-105436,3W_4.8kWh,Cellora,CE-2308,2023-08-04,2023-08-30,4.8,66001,98.9,BMS-4.1,,,86.6,False
BAT-2W-105437,2W_2.1kWh,Cellora,CE-2305,2023-04-02,2023-05-27,2.1,33020,99.5,BMS-4.2,,,80.3,False
BAT-2W-105438,2W_2.1kWh,Amptek,AM-2406,2024-05-07,2024-06-24,2.1,29978,99.5,BMS-4.1,,,81.2,False
BAT-2W-105439,2W_2.1kWh,Kyron,KY-2409,2024-10-01,2024-11-14,2.1,31643,98.5,BMS-4.0,2025-06-15,end_of_life,59.5,False
BAT-2W-105440,2W_2.1kWh,Cellora,CE-2503,2025-02-16,2025-03-28,2.1,33660,99.0,BMS-4.1,,,79.4,False
BAT-2W-105441,2W_2.1kWh,Kyron,KY-2408,2024-08-15,2024-10-03,2.1,33016,99.4,BMS-4.0,2025-06-15,end_of_life,60.0,False
BAT-2W-105442,2W_2.1kWh,Kyron,KY-2408,2024-09-21,2024-11-04,2.1,32155,98.8,BMS-4.1,2025-06-15,end_of_life,59.6,False
BAT-2W-105443,2W_2.1kWh,Cellora,CE-2312,2023-12-10,2023-12-22,2.1,33816,99.3,BMS-4.1,,,79.8,False
BAT-2W-105444,2W_2.1kWh,Cellora,CE-2305,2023-04-22,2023-05-14,2.1,30150,99.9,BMS-4.1,,,81.3,False
BAT-2W-105445,2W_2.1kWh,Cellora,CE-2304,2023-03-13,2023-04-23,2.1,34176,99.3,BMS-4.1,,,81.3,False
BAT-2W-105446,2W_2.1kWh,Kyron,KY-2409,2024-08-16,2024-10-03,2.1,32483,99.0,BMS-4.0,2025-06-15,end_of_life,62.1,False
BAT-2W-105447,2W_2.1kWh,Amptek,AM-2412,2024-12-10,2024-12-24,2.1,32429,99.2,BMS-4.2,,,80.4,False
BAT-2W-105448,2W_2.1kWh,Kyron,KY-2409,2024-08-22,2024-09-28,2.1,31698,98.5,BMS-4.2,2025-06-15,end_of_life,59.3,False
BAT-2W-105449,2W_2.1kWh,Cellora,CE-2306,2023-06-15,2023-06-26,2.1,31464,99.2,BMS-4.2,,,78.9,False
BAT-3W-105450,3W_4.8kWh,Cellora,CE-2411,2024-10-10,2024-11-26,4.8,66389,99.5,BMS-4.2,,,87.8,False
BAT-2W-105451,2W_2.1kWh,Kyron,KY-2407,2024-10-25,2024-11-11,2.1,32712,99.6,BMS-4.1,2025-06-15,end_of_life,59.3,False
BAT-2W-105452,2W_2.1kWh,Cellora,CE-2503,2025-02-13,2025-03-01,2.1,31976,99.1,BMS-4.0,,,80.8,False
BAT-2W-105453,2W_2.1kWh,Cellora,CE-2408,2024-07-13,2024-08-31,2.1,32042,99.3,BMS-4.1,,,80.1,False
BAT-2W-105454,2W_2.1kWh,Cellora,CE-2409,2024-08-02,2024-09-26,2.1,31830,99.1,BMS-4.1,,,80.4,False
BAT-2W-105455,2W_2.1kWh,Cellora,CE-2305,2023-03-23,2023-05-04,2.1,32955,99.2,BMS-4.1,,,80.4,False
BAT-2W-105456,2W_2.1kWh,Amptek,AM-2504,2025-02-20,2025-04-13,2.1,31380,99.4,BMS-4.1,,,80.7,False
BAT-2W-105457,2W_2.1kWh,Cellora,CE-2308,2023-07-28,2023-08-12,2.1,32326,98.9,BMS-4.1,,,80.5,False
BAT-2W-105458,2W_2.1kWh,Cellora,CE-2410,2024-09-25,2024-10-28,2.1,30940,99.3,BMS-4.1,,,80.4,False
BAT-2W-105459,2W_2.1kWh,Amptek,AM-2404,2024-03-14,2024-04-29,2.1,32828,99.2,BMS-4.1,,,79.5,False
BAT-2W-105460,2W_2.1kWh,Cellora,CE-2311,2023-10-01,2023-11-18,2.1,31266,98.7,BMS-4.2,,,78.7,False
BAT-2W-105461,2W_2.1kWh,Kyron,KY-2409,2024-08-29,2024-10-07,2.1,32756,99.1,BMS-4.2,2025-06-15,end_of_life,61.8,False
BAT-2W-105462,2W_2.1kWh,Amptek,AM-2406,2024-05-16,2024-06-01,2.1,32021,99.8,BMS-4.0,,,80.5,False
BAT-2W-105463,2W_2.1kWh,Cellora,CE-2309,2023-08-25,2023-09-15,2.1,31542,98.9,BMS-4.1,,,80.1,False
BAT-3W-105464,3W_4.8kWh,Kyron,KY-2412,2024-10-26,2024-12-14,4.8,65544,99.0,BMS-4.2,,,86.1,False
BAT-2W-105465,2W_2.1kWh,Cellora,CE-2410,2024-09-30,2024-10-17,2.1,32146,99.5,BMS-4.2,,,80.1,False
BAT-2W-105466,2W_2.1kWh,Cellora,CE-2307,2023-06-30,2023-07-30,2.1,32266,99.3,BMS-4.1,,,80.3,False
BAT-2W-105467,2W_2.1kWh,Cellora,CE-2311,2023-09-27,2023-11-03,2.1,32563,99.1,BMS-4.2,,,78.8,False
BAT-2W-105468,2W_2.1kWh,Cellora,CE-2310,2023-09-03,2023-10-03,2.1,31274,99.0,BMS-4.2,,,79.4,False
BAT-2W-105469,2W_2.1kWh,Kyron,KY-2408,2024-09-14,2024-10-09,2.1,32200,99.2,BMS-4.1,2025-06-15,end_of_life,63.5,False
BAT-2W-105470,2W_2.1kWh,Amptek,AM-2506,2025-05-07,2025-06-03,2.1,33091,99.4,BMS-4.2,,,80.4,False
BAT-2W-105471,2W_2.1kWh,Cellora,CE-2410,2024-08-31,2024-10-22,2.1,30819,100.0,BMS-4.1,,,79.7,False
BAT-2W-105472,2W_2.1kWh,Amptek,AM-2506,2025-05-21,2025-06-12,2.1,32892,99.5,BMS-4.1,,,80.1,False
BAT-2W-105473,2W_2.1kWh,Cellora,CE-2308,2023-08-06,2023-08-30,2.1,32340,99.1,BMS-4.1,,,79.6,False
BAT-2W-105474,2W_2.1kWh,Cellora,CE-2504,2025-04-01,2025-04-29,2.1,31534,99.2,BMS-4.1,,,79.8,False
BAT-3W-105475,3W_4.8kWh,Cellora,CE-2312,2023-10-30,2023-12-05,4.8,66206,99.5,BMS-4.2,,,86.1,False
BAT-2W-105476,2W_2.1kWh,Cellora,CE-2310,2023-09-25,2023-10-16,2.1,32898,99.2,BMS-4.1,,,81.1,False
BAT-2W-105477,2W_2.1kWh,Amptek,AM-2407,2024-06-26,2024-07-10,2.1,32346,98.6,BMS-4.2,,,79.5,False
BAT-2W-105478,2W_2.1kWh,Cellora,CE-2503,2025-02-08,2025-03-01,2.1,31039,98.9,BMS-4.0,,,79.5,False
BAT-2W-105479,2W_2.1kWh,Cellora,CE-2305,2023-03-20,2023-05-17,2.1,31923,99.3,BMS-4.1,,,80.0,False
BAT-2W-105480,2W_2.1kWh,Cellora,CE-2311,2023-10-01,2023-11-02,2.1,30986,98.6,BMS-4.2,,,79.3,False
BAT-2W-105481,2W_2.1kWh,Cellora,CE-2501,2024-11-11,2025-01-05,2.1,32141,98.7,BMS-4.1,,,79.5,False
BAT-2W-105482,2W_2.1kWh,Cellora,CE-2311,2023-09-11,2023-11-08,2.1,32434,98.8,BMS-4.0,,,78.5,False
BAT-2W-105483,2W_2.1kWh,Cellora,CE-2310,2023-10-10,2023-10-26,2.1,31491,99.1,BMS-4.2,,,81.4,False
BAT-2W-105484,2W_2.1kWh,Kyron,KY-2408,2024-08-23,2024-09-12,2.1,30750,98.9,BMS-4.1,2025-06-15,end_of_life,57.1,False
BAT-2W-105485,2W_2.1kWh,Cellora,CE-2407,2024-05-15,2024-07-02,2.1,31812,99.2,BMS-4.0,,,79.1,False
BAT-2W-105486,2W_2.1kWh,Amptek,AM-2404,2024-02-29,2024-04-10,2.1,31677,99.3,BMS-4.1,,,78.7,False
BAT-2W-105487,2W_2.1kWh,Kyron,KY-2409,2024-08-13,2024-09-17,2.1,31974,99.2,BMS-4.1,2025-06-15,end_of_life,60.7,False
BAT-2W-105488,2W_2.1kWh,Amptek,AM-2405,2024-04-13,2024-05-02,2.1,31367,99.5,BMS-4.1,,,80.8,False
BAT-3W-105489,3W_4.8kWh,Amptek,AM-2410,2024-08-04,2024-10-01,4.8,70681,98.7,BMS-4.0,,,86.2,False
BAT-2W-105490,2W_2.1kWh,Kyron,KY-2409,2024-09-18,2024-10-31,2.1,32897,99.4,BMS-4.0,2025-06-15,end_of_life,59.2,False
BAT-3W-105491,3W_4.8kWh,Cellora,CE-2309,2023-08-17,2023-09-14,4.8,70545,99.3,BMS-4.2,,,87.3,False
BAT-2W-105492,2W_2.1kWh,Cellora,CE-2412,2024-10-09,2024-12-06,2.1,31435,98.4,BMS-4.1,,,77.9,False
BAT-2W-105493,2W_2.1kWh,Kyron,KY-2407,2024-11-14,2024-11-24,2.1,32560,99.6,BMS-4.2,2025-06-15,end_of_life,60.5,False
BAT-3W-105494,3W_4.8kWh,Kyron,KY-2410,2024-09-11,2024-10-02,4.8,65850,98.8,BMS-4.1,,,85.7,False
BAT-2W-105495,2W_2.1kWh,Cellora,CE-2408,2024-07-18,2024-08-20,2.1,30543,99.2,BMS-4.1,,,80.5,False
BAT-3W-105496,3W_4.8kWh,Amptek,AM-2407,2024-05-25,2024-07-20,4.8,64127,98.5,BMS-4.1,,,85.8,False
BAT-2W-105497,2W_2.1kWh,Kyron,KY-2407,2024-09-26,2024-10-08,2.1,32370,99.3,BMS-4.0,2025-06-15,end_of_life,58.9,False
BAT-2W-105498,2W_2.1kWh,Cellora,CE-2404,2024-03-03,2024-04-22,2.1,32875,99.6,BMS-4.1,,,80.1,False
BAT-2W-105499,2W_2.1kWh,Amptek,AM-2505,2025-04-09,2025-05-09,2.1,33553,99.2,BMS-4.1,,,80.4,False
BAT-2W-105500,2W_2.1kWh,Kyron,KY-2408,2024-10-10,2024-11-21,2.1,30362,99.2,BMS-4.1,2025-06-15,end_of_life,60.8,False
BAT-2W-105501,2W_2.1kWh,Cellora,CE-2412,2024-11-14,2024-12-31,2.1,31437,99.0,BMS-4.0,,,79.5,False
BAT-2W-105502,2W_2.1kWh,Kyron,KY-2409,2024-09-01,2024-09-18,2.1,30915,99.0,BMS-4.1,2025-06-15,end_of_life,61.0,False
BAT-2W-105503,2W_2.1kWh,Cellora,CE-2408,2024-06-08,2024-08-05,2.1,30773,98.8,BMS-4.1,,,80.7,False
BAT-2W-105504,2W_2.1kWh,Amptek,AM-2407,2024-05-07,2024-07-01,2.1,31556,99.2,BMS-4.0,,,79.4,False
BAT-2W-105505,2W_2.1kWh,Amptek,AM-2403,2024-01-18,2024-03-01,2.1,32992,98.8,BMS-4.2,,,78.6,False
BAT-2W-105506,2W_2.1kWh,Cellora,CE-2309,2023-09-13,2023-09-23,2.1,30512,99.6,BMS-4.2,,,81.4,False
BAT-2W-105507,2W_2.1kWh,Cellora,CE-2305,2023-04-01,2023-05-08,2.1,31911,99.0,BMS-4.2,,,79.2,False
BAT-2W-105508,2W_2.1kWh,Cellora,CE-2410,2024-09-22,2024-10-21,2.1,31830,98.9,BMS-4.1,,,77.1,False
BAT-3W-105509,3W_4.8kWh,Amptek,AM-2409,2024-08-12,2024-09-01,4.8,65427,99.7,BMS-4.1,,,87.1,False
BAT-2W-105510,2W_2.1kWh,Cellora,CE-2402,2024-01-23,2024-02-26,2.1,32579,99.1,BMS-4.2,,,80.7,False
BAT-2W-105511,2W_2.1kWh,Cellora,CE-2404,2024-03-08,2024-04-28,2.1,31176,98.7,BMS-4.2,,,78.6,False
BAT-3W-105512,3W_4.8kWh,Cellora,CE-2502,2024-12-27,2025-02-07,4.8,68181,98.6,BMS-4.1,,,86.8,False
BAT-2W-105513,2W_2.1kWh,Cellora,CE-2502,2025-01-10,2025-02-21,2.1,33137,99.1,BMS-4.2,,,82.3,False
BAT-2W-105514,2W_2.1kWh,Cellora,CE-2305,2023-04-03,2023-05-10,2.1,33616,99.5,BMS-4.2,,,79.3,False
BAT-2W-105515,2W_2.1kWh,Cellora,CE-2505,2025-04-22,2025-05-21,2.1,31385,99.4,BMS-4.2,,,79.4,False
BAT-2W-105516,2W_2.1kWh,Cellora,CE-2407,2024-07-01,2024-07-13,2.1,32742,99.0,BMS-4.0,,,81.2,False
BAT-3W-105517,3W_4.8kWh,Cellora,CE-2306,2023-05-15,2023-06-26,4.8,68062,99.3,BMS-4.2,,,86.9,False
BAT-2W-105518,2W_2.1kWh,Kyron,KY-2409,2024-08-24,2024-09-27,2.1,33170,99.0,BMS-4.0,2025-06-15,end_of_life,60.9,False
BAT-2W-105519,2W_2.1kWh,Amptek,AM-2406,2024-04-23,2024-06-19,2.1,31377,99.3,BMS-4.0,,,78.8,False
BAT-2W-105520,2W_2.1kWh,Kyron,KY-2407,2024-10-25,2024-11-12,2.1,34573,99.4,BMS-4.0,2025-06-15,end_of_life,60.7,False
BAT-2W-105521,2W_2.1kWh,Cellora,CE-2406,2024-05-27,2024-06-16,2.1,30719,99.1,BMS-4.1,,,80.0,False
BAT-2W-105522,2W_2.1kWh,Kyron,KY-2407,2024-10-04,2024-11-11,2.1,30895,98.9,BMS-4.1,2025-06-15,end_of_life,58.7,False
BAT-2W-105523,2W_2.1kWh,Cellora,CE-2312,2023-11-26,2023-12-11,2.1,31773,99.2,BMS-4.0,,,79.3,False
BAT-2W-105524,2W_2.1kWh,Kyron,KY-2409,2024-09-26,2024-11-01,2.1,32984,100.0,BMS-4.0,2025-06-15,end_of_life,62.7,False
BAT-2W-105525,2W_2.1kWh,Cellora,CE-2406,2024-06-02,2024-06-24,2.1,30599,99.6,BMS-4.0,,,79.2,False
BAT-3W-105526,3W_4.8kWh,Cellora,CE-2306,2023-04-21,2023-06-07,4.8,69143,98.9,BMS-4.1,,,86.8,False
BAT-2W-105527,2W_2.1kWh,Amptek,AM-2412,2024-12-05,2024-12-31,2.1,32765,99.3,BMS-4.2,,,79.2,False
BAT-2W-105528,2W_2.1kWh,Kyron,KY-2409,2024-10-12,2024-11-06,2.1,32193,98.9,BMS-4.1,2025-06-15,end_of_life,58.3,False
BAT-2W-105529,2W_2.1kWh,Cellora,CE-2409,2024-08-13,2024-09-05,2.1,29684,100.0,BMS-4.0,,,81.3,False
BAT-2W-105530,2W_2.1kWh,Cellora,CE-2503,2025-03-01,2025-03-24,2.1,30321,99.6,BMS-4.2,,,80.9,False
BAT-3W-105531,3W_4.8kWh,Cellora,CE-2409,2024-08-09,2024-09-22,4.8,70311,99.4,BMS-4.2,,,86.7,False
BAT-2W-105532,2W_2.1kWh,Kyron,KY-2408,2024-10-03,2024-10-21,2.1,31391,99.4,BMS-4.0,2025-06-15,end_of_life,62.2,False
BAT-2W-105533,2W_2.1kWh,Cellora,CE-2411,2024-10-14,2024-11-02,2.1,30914,98.9,BMS-4.2,,,79.3,False
BAT-2W-105534,2W_2.1kWh,Kyron,KY-2408,2024-08-17,2024-09-17,2.1,34092,100.0,BMS-4.2,2025-06-15,end_of_life,57.4,False
BAT-2W-105535,2W_2.1kWh,Cellora,CE-2311,2023-10-20,2023-11-13,2.1,33104,98.8,BMS-4.1,,,80.4,False
BAT-2W-105536,2W_2.1kWh,Cellora,CE-2307,2023-05-24,2023-07-01,2.1,31516,99.2,BMS-4.0,,,80.1,False
BAT-2W-105537,2W_2.1kWh,Amptek,AM-2505,2025-04-18,2025-05-14,2.1,31838,99.2,BMS-4.1,,,80.1,False
BAT-2W-105538,2W_2.1kWh,Kyron,KY-2409,2024-09-11,2024-10-24,2.1,30826,98.7,BMS-4.1,2025-06-15,end_of_life,60.1,False
BAT-3W-105539,3W_4.8kWh,Kyron,KY-2408,2024-07-09,2024-08-16,4.8,69966,98.9,BMS-4.0,2025-06-15,end_of_life,69.1,False
BAT-3W-105540,3W_4.8kWh,Cellora,CE-2401,2023-11-22,2024-01-10,4.8,69441,99.1,BMS-4.0,,,86.1,False
BAT-2W-105541,2W_2.1kWh,Amptek,AM-2503,2025-02-12,2025-03-01,2.1,32273,99.8,BMS-4.0,,,82.5,False
BAT-2W-105542,2W_2.1kWh,Kyron,KY-2407,2024-11-09,2024-11-23,2.1,33173,99.1,BMS-4.0,2025-06-15,end_of_life,61.1,False
BAT-2W-105543,2W_2.1kWh,Cellora,CE-2309,2023-08-25,2023-09-09,2.1,30942,99.5,BMS-4.1,,,78.7,False
BAT-2W-105544,2W_2.1kWh,Cellora,CE-2411,2024-10-13,2024-11-07,2.1,31658,99.4,BMS-4.2,,,79.9,False
BAT-2W-105545,2W_2.1kWh,Kyron,KY-2407,2024-08-13,2024-09-11,2.1,31385,98.7,BMS-4.2,2025-06-15,end_of_life,62.1,False
BAT-2W-105546,2W_2.1kWh,Amptek,AM-2501,2024-11-21,2025-01-04,2.1,32740,99.3,BMS-4.1,,,81.0,False
BAT-2W-105547,2W_2.1kWh,Amptek,AM-2405,2024-03-23,2024-05-05,2.1,32777,100.0,BMS-4.1,,,79.4,False
BAT-2W-105548,2W_2.1kWh,Cellora,CE-2309,2023-09-12,2023-09-29,2.1,31099,98.4,BMS-4.2,,,77.9,False
BAT-2W-105549,2W_2.1kWh,Kyron,KY-2407,2024-08-14,2024-09-24,2.1,32163,99.2,BMS-4.0,2025-06-15,end_of_life,57.1,False
BAT-2W-105550,2W_2.1kWh,Kyron,KY-2409,2024-10-04,2024-11-07,2.1,31783,99.1,BMS-4.1,2025-06-15,end_of_life,61.0,False
BAT-2W-105551,2W_2.1kWh,Cellora,CE-2306,2023-05-04,2023-06-06,2.1,33751,99.2,BMS-4.1,,,81.1,False
BAT-3W-105552,3W_4.8kWh,Cellora,CE-2308,2023-07-16,2023-08-25,4.8,63629,99.1,BMS-4.1,,,86.7,False
BAT-2W-105553,2W_2.1kWh,Cellora,CE-2405,2024-04-01,2024-05-27,2.1,33679,99.5,BMS-4.1,,,80.6,False
BAT-3W-105554,3W_4.8kWh,Amptek,AM-2505,2025-04-05,2025-05-13,4.8,68002,98.9,BMS-4.1,,,86.4,False
BAT-2W-105555,2W_2.1kWh,Kyron,KY-2408,2024-10-05,2024-10-19,2.1,31845,100.0,BMS-4.2,2025-06-15,end_of_life,60.1,False
BAT-2W-105556,2W_2.1kWh,Cellora,CE-2307,2023-05-09,2023-07-04,2.1,31133,98.6,BMS-4.0,,,79.1,False
BAT-2W-105557,2W_2.1kWh,Amptek,AM-2408,2024-07-07,2024-08-12,2.1,31657,99.4,BMS-4.0,,,80.8,False
BAT-2W-105558,2W_2.1kWh,Cellora,CE-2403,2024-03-09,2024-03-19,2.1,31391,99.3,BMS-4.0,,,80.3,False
BAT-2W-105559,2W_2.1kWh,Kyron,KY-2407,2024-11-07,2024-11-23,2.1,31938,99.3,BMS-4.0,2025-06-15,end_of_life,60.4,False
BAT-2W-105560,2W_2.1kWh,Cellora,CE-2305,2023-05-03,2023-05-21,2.1,32426,98.9,BMS-4.1,,,78.6,False
BAT-2W-105561,2W_2.1kWh,Cellora,CE-2409,2024-07-08,2024-09-02,2.1,32143,98.8,BMS-4.1,,,80.3,False
BAT-2W-105562,2W_2.1kWh,Cellora,CE-2307,2023-06-21,2023-07-29,2.1,33780,98.6,BMS-4.0,,,78.2,False
BAT-2W-105563,2W_2.1kWh,Amptek,AM-2404,2024-02-23,2024-04-01,2.1,30691,98.8,BMS-4.2,,,78.8,False
BAT-3W-105564,3W_4.8kWh,Amptek,AM-2503,2025-02-18,2025-03-05,4.8,66204,99.0,BMS-4.0,,,87.0,False
BAT-2W-105565,2W_2.1kWh,Kyron,KY-2409,2024-09-29,2024-10-15,2.1,30417,99.6,BMS-4.1,2025-06-15,end_of_life,59.1,False
BAT-2W-105566,2W_2.1kWh,Amptek,AM-2407,2024-06-28,2024-07-25,2.1,31518,98.6,BMS-4.2,,,79.1,False
BAT-2W-105567,2W_2.1kWh,Cellora,CE-2408,2024-07-11,2024-08-08,2.1,32563,98.6,BMS-4.0,,,80.6,False
BAT-2W-105568,2W_2.1kWh,Cellora,CE-2403,2024-01-20,2024-03-14,2.1,33103,98.7,BMS-4.0,,,79.5,False
BAT-3W-105569,3W_4.8kWh,Cellora,CE-2308,2023-07-15,2023-08-04,4.8,67529,98.9,BMS-4.0,,,87.0,False
BAT-2W-105570,2W_2.1kWh,Cellora,CE-2403,2024-02-13,2024-03-29,2.1,31609,98.3,BMS-4.1,,,78.8,False
BAT-2W-105571,2W_2.1kWh,Cellora,CE-2406,2024-05-23,2024-06-06,2.1,31072,99.3,BMS-4.0,,,80.7,False
BAT-2W-105572,2W_2.1kWh,Cellora,CE-2307,2023-06-20,2023-07-17,2.1,32695,98.9,BMS-4.1,,,79.1,False
BAT-3W-105573,3W_4.8kWh,Cellora,CE-2502,2025-01-16,2025-02-13,4.8,70845,98.9,BMS-4.0,,,85.9,False
BAT-2W-105574,2W_2.1kWh,Kyron,KY-2409,2024-10-15,2024-11-28,2.1,33071,99.2,BMS-4.0,2025-06-15,end_of_life,62.5,False
BAT-3W-105575,3W_4.8kWh,Amptek,AM-2412,2024-10-28,2024-12-24,4.8,69881,99.4,BMS-4.2,,,85.3,False
BAT-2W-105576,2W_2.1kWh,Kyron,KY-2409,2024-10-04,2024-11-18,2.1,32041,99.0,BMS-4.0,2025-06-15,end_of_life,61.0,False
BAT-2W-105577,2W_2.1kWh,Kyron,KY-2408,2024-09-29,2024-11-10,2.1,31634,99.3,BMS-4.1,2025-06-15,end_of_life,59.9,False
BAT-2W-105578,2W_2.1kWh,Amptek,AM-2502,2025-01-25,2025-02-10,2.1,30259,99.9,BMS-4.0,,,81.3,False
BAT-2W-105579,2W_2.1kWh,Cellora,CE-2401,2023-12-19,2024-01-26,2.1,30208,99.6,BMS-4.1,,,79.3,False
BAT-3W-105580,3W_4.8kWh,Cellora,CE-2405,2024-04-25,2024-05-31,4.8,65358,99.4,BMS-4.1,,,86.2,False
BAT-2W-105581,2W_2.1kWh,Amptek,AM-2412,2024-10-15,2024-12-10,2.1,32971,99.5,BMS-4.0,,,80.1,False
BAT-3W-105582,3W_4.8kWh,Cellora,CE-2503,2025-01-15,2025-03-02,4.8,74599,99.7,BMS-4.1,,,86.8,False
BAT-2W-105583,2W_2.1kWh,Cellora,CE-2308,2023-08-01,2023-08-18,2.1,31261,99.0,BMS-4.0,,,79.5,False
BAT-3W-105584,3W_4.8kWh,Amptek,AM-2405,2024-04-12,2024-05-05,4.8,70174,99.3,BMS-4.0,,,86.3,False
BAT-2W-105585,2W_2.1kWh,Cellora,CE-2410,2024-08-24,2024-10-12,2.1,31844,99.2,BMS-4.0,,,79.4,False
BAT-2W-105586,2W_2.1kWh,Kyron,KY-2408,2024-09-28,2024-10-21,2.1,31608,98.9,BMS-4.1,2025-06-15,end_of_life,59.8,False
BAT-2W-105587,2W_2.1kWh,Cellora,CE-2401,2023-11-14,2024-01-07,2.1,31922,99.0,BMS-4.2,,,80.4,False
BAT-2W-105588,2W_2.1kWh,Cellora,CE-2501,2024-12-19,2025-01-01,2.1,32390,99.2,BMS-4.2,,,79.1,False
BAT-3W-105589,3W_4.8kWh,Kyron,KY-2409,2024-08-15,2024-09-15,4.8,71509,99.3,BMS-4.1,2025-06-15,end_of_life,69.2,False
BAT-2W-105590,2W_2.1kWh,Cellora,CE-2411,2024-10-24,2024-11-28,2.1,32288,99.0,BMS-4.0,,,79.3,False
BAT-2W-105591,2W_2.1kWh,Cellora,CE-2307,2023-05-30,2023-07-21,2.1,32136,98.7,BMS-4.2,,,80.4,False
BAT-3W-105592,3W_4.8kWh,Amptek,AM-2406,2024-05-16,2024-06-05,4.8,68352,99.7,BMS-4.0,,,87.2,False
BAT-2W-105593,2W_2.1kWh,Cellora,CE-2305,2023-03-28,2023-05-17,2.1,31761,99.2,BMS-4.2,,,80.6,False
BAT-2W-105594,2W_2.1kWh,Cellora,CE-2403,2024-02-22,2024-03-12,2.1,32354,99.3,BMS-4.2,,,79.0,False
BAT-2W-105595,2W_2.1kWh,Cellora,CE-2309,2023-07-30,2023-09-25,2.1,32437,99.4,BMS-4.0,,,80.8,False
BAT-3W-105596,3W_4.8kWh,Kyron,KY-2410,2024-10-06,2024-10-19,4.8,70461,98.5,BMS-4.0,,,85.2,False
BAT-2W-105597,2W_2.1kWh,Cellora,CE-2308,2023-07-18,2023-08-05,2.1,31765,98.2,BMS-4.2,,,77.3,False
BAT-3W-105598,3W_4.8kWh,Cellora,CE-2412,2024-11-07,2024-12-16,4.8,69759,99.7,BMS-4.1,,,86.5,False
BAT-2W-105599,2W_2.1kWh,Kyron,KY-2409,2024-08-24,2024-09-10,2.1,32317,99.5,BMS-4.0,2025-06-15,end_of_life,62.3,False
BAT-2W-105600,2W_2.1kWh,Amptek,AM-2506,2025-05-23,2025-06-02,2.1,33989,98.1,BMS-4.2,,,79.6,False
BAT-3W-105601,3W_4.8kWh,Amptek,AM-2407,2024-06-06,2024-07-10,4.8,67238,100.0,BMS-4.2,,,86.7,False
BAT-2W-105602,2W_2.1kWh,Cellora,CE-2309,2023-08-01,2023-09-01,2.1,32502,99.2,BMS-4.0,,,79.0,False
BAT-2W-105603,2W_2.1kWh,Amptek,AM-2407,2024-06-03,2024-07-24,2.1,32844,98.8,BMS-4.1,,,80.0,False
BAT-2W-105604,2W_2.1kWh,Amptek,AM-2410,2024-08-18,2024-10-10,2.1,33749,99.3,BMS-4.2,,,80.9,False
BAT-3W-105605,3W_4.8kWh,Amptek,AM-2506,2025-04-20,2025-06-08,4.8,70191,98.8,BMS-4.1,,,85.8,False
BAT-2W-105606,2W_2.1kWh,Kyron,KY-2407,2024-08-22,2024-09-17,2.1,32681,98.9,BMS-4.1,2025-06-15,end_of_life,60.3,False
BAT-2W-105607,2W_2.1kWh,Amptek,AM-2410,2024-09-13,2024-10-09,2.1,31838,99.1,BMS-4.0,,,79.5,False
BAT-2W-105608,2W_2.1kWh,Kyron,KY-2409,2024-10-15,2024-11-16,2.1,31410,98.6,BMS-4.0,2025-06-15,end_of_life,59.5,False
BAT-3W-105609,3W_4.8kWh,Cellora,CE-2409,2024-07-19,2024-09-09,4.8,67372,99.3,BMS-4.2,,,86.6,False
BAT-3W-105610,3W_4.8kWh,Cellora,CE-2407,2024-07-01,2024-07-22,4.8,68833,99.6,BMS-4.1,,,86.5,False
BAT-2W-105611,2W_2.1kWh,Cellora,CE-2309,2023-07-26,2023-09-10,2.1,32505,99.0,BMS-4.2,,,78.6,False
BAT-2W-105612,2W_2.1kWh,Amptek,AM-2408,2024-08-07,2024-08-22,2.1,30104,98.3,BMS-4.2,,,79.2,False
BAT-3W-105613,3W_4.8kWh,Amptek,AM-2407,2024-07-11,2024-07-27,4.8,68730,99.5,BMS-4.1,,,87.3,False
BAT-2W-105614,2W_2.1kWh,Cellora,CE-2503,2025-02-23,2025-03-18,2.1,31750,99.0,BMS-4.0,,,79.2,False
BAT-2W-105615,2W_2.1kWh,Cellora,CE-2305,2023-04-21,2023-05-10,2.1,33573,99.8,BMS-4.2,,,79.8,False
BAT-2W-105616,2W_2.1kWh,Cellora,CE-2403,2024-01-24,2024-03-07,2.1,30662,98.8,BMS-4.2,,,78.4,False
BAT-2W-105617,2W_2.1kWh,Kyron,KY-2407,2024-07-31,2024-09-15,2.1,30667,99.8,BMS-4.1,2025-06-15,end_of_life,60.0,False
BAT-2W-105618,2W_2.1kWh,Cellora,CE-2409,2024-08-09,2024-09-05,2.1,31038,99.1,BMS-4.2,,,79.5,False
BAT-2W-105619,2W_2.1kWh,Cellora,CE-2303,2023-01-29,2023-03-03,2.1,31127,98.7,BMS-4.0,,,79.7,False
BAT-2W-105620,2W_2.1kWh,Kyron,KY-2408,2024-10-18,2024-11-08,2.1,32254,99.7,BMS-4.2,2025-06-15,end_of_life,58.9,False
BAT-2W-105621,2W_2.1kWh,Kyron,KY-2407,2024-09-28,2024-11-02,2.1,31910,99.6,BMS-4.2,2025-06-15,end_of_life,61.6,False
BAT-2W-105622,2W_2.1kWh,Amptek,AM-2504,2025-03-02,2025-04-03,2.1,31145,98.4,BMS-4.2,,,80.0,False
BAT-2W-105623,2W_2.1kWh,Amptek,AM-2409,2024-07-26,2024-09-22,2.1,33192,98.7,BMS-4.0,,,80.3,False
BAT-2W-105624,2W_2.1kWh,Cellora,CE-2503,2025-03-02,2025-03-26,2.1,30184,98.9,BMS-4.1,,,80.9,False
BAT-3W-105625,3W_4.8kWh,Cellora,CE-2307,2023-06-07,2023-07-22,4.8,72219,99.4,BMS-4.1,,,84.8,False
BAT-2W-105626,2W_2.1kWh,Kyron,KY-2409,2024-10-11,2024-11-19,2.1,32003,99.2,BMS-4.0,2025-06-15,end_of_life,59.7,False
BAT-2W-105627,2W_2.1kWh,Kyron,KY-2408,2024-08-09,2024-09-11,2.1,31979,98.5,BMS-4.0,2025-06-15,end_of_life,63.1,False
BAT-2W-105628,2W_2.1kWh,Cellora,CE-2310,2023-08-30,2023-10-15,2.1,33031,99.2,BMS-4.2,,,79.5,False
BAT-2W-105629,2W_2.1kWh,Kyron,KY-2409,2024-09-11,2024-10-02,2.1,31586,99.5,BMS-4.0,2025-06-15,end_of_life,61.7,False
BAT-3W-105630,3W_4.8kWh,Cellora,CE-2310,2023-09-24,2023-10-24,4.8,66780,99.3,BMS-4.2,,,87.0,False
BAT-2W-105631,2W_2.1kWh,Kyron,KY-2407,2024-10-13,2024-11-06,2.1,32237,99.7,BMS-4.0,2025-06-15,end_of_life,62.0,False
BAT-2W-105632,2W_2.1kWh,Kyron,KY-2408,2024-10-13,2024-11-03,2.1,33995,99.0,BMS-4.1,2025-06-15,end_of_life,59.1,False
BAT-3W-105633,3W_4.8kWh,Cellora,CE-2412,2024-11-27,2024-12-20,4.8,68345,99.3,BMS-4.1,,,85.3,False
BAT-2W-105634,2W_2.1kWh,Cellora,CE-2304,2023-03-13,2023-04-27,2.1,33219,99.1,BMS-4.2,,,80.0,False
BAT-2W-105635,2W_2.1kWh,Cellora,CE-2404,2024-03-01,2024-04-18,2.1,32523,98.6,BMS-4.0,,,78.9,False
BAT-3W-105636,3W_4.8kWh,Kyron,KY-2411,2024-10-04,2024-11-27,4.8,68006,99.5,BMS-4.1,,,85.7,False
BAT-2W-105637,2W_2.1kWh,Kyron,KY-2408,2024-10-12,2024-10-31,2.1,34232,99.5,BMS-4.0,2025-06-15,end_of_life,62.6,False
BAT-3W-105638,3W_4.8kWh,Amptek,AM-2406,2024-05-13,2024-06-18,4.8,67649,99.4,BMS-4.1,,,87.1,False
BAT-2W-105639,2W_2.1kWh,Cellora,CE-2409,2024-08-20,2024-09-06,2.1,31679,99.8,BMS-4.2,,,81.6,False
BAT-2W-105640,2W_2.1kWh,Cellora,CE-2408,2024-08-05,2024-08-26,2.1,29502,98.9,BMS-4.2,,,79.2,False
BAT-2W-105641,2W_2.1kWh,Cellora,CE-2502,2024-12-20,2025-02-10,2.1,31784,99.6,BMS-4.0,,,81.0,False
BAT-2W-105642,2W_2.1kWh,Cellora,CE-2505,2025-03-30,2025-05-08,2.1,32074,98.4,BMS-4.2,,,79.2,False
BAT-2W-105643,2W_2.1kWh,Cellora,CE-2305,2023-04-24,2023-05-20,2.1,30472,99.0,BMS-4.0,,,78.8,False
BAT-2W-105644,2W_2.1kWh,Cellora,CE-2311,2023-09-11,2023-11-09,2.1,31720,99.3,BMS-4.1,,,81.3,False
BAT-2W-105645,2W_2.1kWh,Amptek,AM-2408,2024-06-18,2024-08-03,2.1,31762,99.4,BMS-4.1,,,80.2,False
BAT-2W-105646,2W_2.1kWh,Amptek,AM-2502,2024-12-10,2025-02-07,2.1,32147,99.3,BMS-4.1,,,80.2,False
BAT-2W-105647,2W_2.1kWh,Cellora,CE-2504,2025-03-23,2025-04-29,2.1,32332,99.4,BMS-4.0,,,81.8,False
BAT-2W-105648,2W_2.1kWh,Kyron,KY-2409,2024-09-05,2024-09-22,2.1,32716,98.9,BMS-4.0,2025-06-15,end_of_life,60.9,False
BAT-2W-105649,2W_2.1kWh,Kyron,KY-2407,2024-11-01,2024-11-16,2.1,28591,98.9,BMS-4.1,2025-06-15,end_of_life,57.3,False
BAT-2W-105650,2W_2.1kWh,Cellora,CE-2406,2024-05-26,2024-06-17,2.1,33148,99.1,BMS-4.0,,,80.4,False
BAT-2W-105651,2W_2.1kWh,Cellora,CE-2407,2024-06-19,2024-07-25,2.1,31115,98.9,BMS-4.2,,,79.6,False
BAT-2W-105652,2W_2.1kWh,Kyron,KY-2407,2024-10-28,2024-11-25,2.1,34025,99.1,BMS-4.0,2025-06-15,end_of_life,58.4,False
BAT-3W-105653,3W_4.8kWh,Kyron,KY-2411,2024-10-15,2024-11-20,4.8,67513,99.3,BMS-4.2,,,86.3,False
BAT-2W-105654,2W_2.1kWh,Cellora,CE-2311,2023-09-21,2023-11-13,2.1,30259,99.3,BMS-4.0,,,79.8,False
BAT-2W-105655,2W_2.1kWh,Cellora,CE-2504,2025-03-06,2025-04-13,2.1,32018,99.6,BMS-4.0,,,82.5,False
BAT-2W-105656,2W_2.1kWh,Cellora,CE-2408,2024-07-14,2024-08-29,2.1,30231,99.0,BMS-4.2,,,80.1,False
BAT-2W-105657,2W_2.1kWh,Cellora,CE-2409,2024-09-10,2024-09-20,2.1,32550,98.8,BMS-4.1,,,80.0,False
BAT-2W-105658,2W_2.1kWh,Cellora,CE-2411,2024-11-06,2024-11-18,2.1,33712,99.4,BMS-4.1,,,80.3,False
BAT-2W-105659,2W_2.1kWh,Cellora,CE-2303,2023-01-17,2023-03-09,2.1,31567,99.1,BMS-4.2,,,80.3,False
BAT-2W-105660,2W_2.1kWh,Cellora,CE-2503,2025-03-07,2025-03-28,2.1,31808,99.0,BMS-4.0,,,79.0,False
BAT-2W-105661,2W_2.1kWh,Kyron,KY-2408,2024-09-13,2024-10-04,2.1,33469,98.9,BMS-4.2,2025-06-15,end_of_life,59.7,False
BAT-2W-105662,2W_2.1kWh,Kyron,KY-2408,2024-10-24,2024-11-24,2.1,30263,99.0,BMS-4.0,2025-06-15,end_of_life,58.8,False
BAT-2W-105663,2W_2.1kWh,Kyron,KY-2408,2024-09-06,2024-09-23,2.1,31014,98.9,BMS-4.2,2025-06-15,end_of_life,61.2,False
BAT-2W-105664,2W_2.1kWh,Kyron,KY-2409,2024-09-14,2024-10-15,2.1,32048,99.3,BMS-4.2,2025-06-15,end_of_life,59.1,False
BAT-3W-105665,3W_4.8kWh,Cellora,CE-2408,2024-07-24,2024-08-25,4.8,68924,99.4,BMS-4.1,,,87.2,False
BAT-2W-105666,2W_2.1kWh,Amptek,AM-2501,2024-11-14,2025-01-02,2.1,33496,98.8,BMS-4.1,,,78.5,False
BAT-2W-105667,2W_2.1kWh,Cellora,CE-2308,2023-06-18,2023-08-15,2.1,33265,98.5,BMS-4.1,,,78.3,False
BAT-2W-105668,2W_2.1kWh,Cellora,CE-2501,2024-12-10,2025-01-23,2.1,32205,99.6,BMS-4.0,,,79.1,False
BAT-2W-105669,2W_2.1kWh,Amptek,AM-2409,2024-09-01,2024-09-14,2.1,30976,99.2,BMS-4.0,,,80.0,False
BAT-2W-105670,2W_2.1kWh,Amptek,AM-2410,2024-09-27,2024-10-26,2.1,33153,99.1,BMS-4.1,,,80.2,False
BAT-2W-105671,2W_2.1kWh,Amptek,AM-2406,2024-05-10,2024-06-28,2.1,32143,99.6,BMS-4.2,,,79.5,False
BAT-2W-105672,2W_2.1kWh,Cellora,CE-2504,2025-02-14,2025-04-09,2.1,31268,99.8,BMS-4.0,,,80.6,False
BAT-2W-105673,2W_2.1kWh,Kyron,KY-2409,2024-08-24,2024-10-01,2.1,31616,99.3,BMS-4.1,2025-06-15,end_of_life,59.1,False
BAT-2W-105674,2W_2.1kWh,Cellora,CE-2303,2023-02-11,2023-03-08,2.1,30868,98.9,BMS-4.1,,,79.3,False
BAT-2W-105675,2W_2.1kWh,Cellora,CE-2312,2023-11-08,2023-12-31,2.1,32117,99.4,BMS-4.0,,,80.2,False
BAT-2W-105676,2W_2.1kWh,Cellora,CE-2505,2025-04-02,2025-05-24,2.1,31872,99.4,BMS-4.2,,,80.4,False
BAT-2W-105677,2W_2.1kWh,Kyron,KY-2409,2024-09-18,2024-10-12,2.1,33733,99.2,BMS-4.1,2025-06-15,end_of_life,60.3,False
BAT-2W-105678,2W_2.1kWh,Kyron,KY-2408,2024-08-28,2024-10-02,2.1,28926,99.1,BMS-4.0,2025-06-15,end_of_life,61.4,False
BAT-2W-105679,2W_2.1kWh,Cellora,CE-2303,2023-01-31,2023-03-15,2.1,33811,99.2,BMS-4.1,,,80.3,False
BAT-2W-105680,2W_2.1kWh,Cellora,CE-2501,2024-12-07,2025-01-26,2.1,30021,99.1,BMS-4.1,,,80.3,False
BAT-2W-105681,2W_2.1kWh,Cellora,CE-2307,2023-05-29,2023-07-24,2.1,34291,99.8,BMS-4.2,,,80.6,False
BAT-2W-105682,2W_2.1kWh,Cellora,CE-2409,2024-08-06,2024-09-03,2.1,32035,99.0,BMS-4.2,,,79.6,False
BAT-2W-105683,2W_2.1kWh,Kyron,KY-2407,2024-08-11,2024-09-13,2.1,32231,99.4,BMS-4.2,2025-06-15,end_of_life,62.8,False
BAT-2W-105684,2W_2.1kWh,Cellora,CE-2401,2023-11-26,2024-01-23,2.1,31386,99.3,BMS-4.0,,,80.2,False
BAT-3W-105685,3W_4.8kWh,Amptek,AM-2503,2025-01-29,2025-03-21,4.8,66552,98.7,BMS-4.0,,,85.9,False
BAT-3W-105686,3W_4.8kWh,Cellora,CE-2404,2024-04-14,2024-04-25,4.8,71691,98.5,BMS-4.1,,,85.5,False
BAT-2W-105687,2W_2.1kWh,Amptek,AM-2501,2024-12-23,2025-01-06,2.1,32576,99.6,BMS-4.1,,,79.3,False
BAT-2W-105688,2W_2.1kWh,Cellora,CE-2305,2023-03-19,2023-05-07,2.1,30984,99.8,BMS-4.2,,,80.6,False
BAT-3W-105689,3W_4.8kWh,Kyron,KY-2417,2025-05-02,2025-05-26,4.8,66095,98.7,BMS-4.0,,,85.1,False
BAT-2W-105690,2W_2.1kWh,Kyron,KY-2408,2024-11-09,2024-11-30,2.1,33225,99.3,BMS-4.2,2025-06-15,end_of_life,56.5,False
BAT-2W-105691,2W_2.1kWh,Cellora,CE-2312,2023-11-12,2023-12-28,2.1,33803,99.4,BMS-4.2,,,81.2,False
BAT-2W-105692,2W_2.1kWh,Cellora,CE-2307,2023-06-12,2023-07-21,2.1,31619,98.8,BMS-4.1,,,79.8,False
BAT-3W-105693,3W_4.8kWh,Cellora,CE-2405,2024-04-08,2024-05-14,4.8,65668,99.7,BMS-4.1,,,87.7,False
BAT-2W-105694,2W_2.1kWh,Amptek,AM-2411,2024-10-10,2024-11-02,2.1,30800,99.3,BMS-4.0,,,81.0,False
BAT-2W-105695,2W_2.1kWh,Cellora,CE-2404,2024-03-20,2024-04-30,2.1,32230,99.5,BMS-4.2,,,80.1,False
BAT-2W-105696,2W_2.1kWh,Cellora,CE-2307,2023-06-26,2023-07-11,2.1,33405,100.0,BMS-4.1,,,81.5,False
BAT-2W-105697,2W_2.1kWh,Cellora,CE-2503,2025-02-14,2025-03-21,2.1,32430,99.7,BMS-4.2,,,80.7,False
BAT-2W-105698,2W_2.1kWh,Cellora,CE-2503,2025-01-21,2025-03-19,2.1,32800,98.8,BMS-4.1,,,79.9,False
BAT-2W-105699,2W_2.1kWh,Cellora,CE-2407,2024-07-02,2024-07-29,2.1,31545,99.3,BMS-4.0,,,81.0,False
BAT-2W-105700,2W_2.1kWh,Kyron,KY-2408,2024-10-05,2024-10-20,2.1,30358,99.5,BMS-4.2,2025-06-15,end_of_life,60.0,False
BAT-2W-105701,2W_2.1kWh,Kyron,KY-2407,2024-10-22,2024-11-26,2.1,32927,99.3,BMS-4.2,2025-06-15,end_of_life,65.6,False
BAT-2W-105702,2W_2.1kWh,Cellora,CE-2312,2023-11-26,2023-12-20,2.1,32308,98.8,BMS-4.1,,,80.0,False
BAT-2W-105703,2W_2.1kWh,Kyron,KY-2408,2024-09-16,2024-10-13,2.1,33788,99.2,BMS-4.1,2025-06-15,end_of_life,62.0,False
BAT-2W-105704,2W_2.1kWh,Cellora,CE-2409,2024-08-15,2024-09-22,2.1,33191,99.0,BMS-4.0,,,78.9,False
BAT-3W-105705,3W_4.8kWh,Cellora,CE-2401,2023-12-07,2024-01-02,4.8,65058,99.6,BMS-4.1,,,85.7,False
BAT-2W-105706,2W_2.1kWh,Kyron,KY-2407,2024-10-25,2024-11-27,2.1,31303,99.2,BMS-4.1,2025-06-15,end_of_life,63.9,False
BAT-2W-105707,2W_2.1kWh,Cellora,CE-2303,2023-02-08,2023-03-27,2.1,30489,100.0,BMS-4.0,,,81.7,False
BAT-3W-105708,3W_4.8kWh,Cellora,CE-2408,2024-07-30,2024-08-09,4.8,66944,99.1,BMS-4.2,,,86.3,False
BAT-2W-105709,2W_2.1kWh,Cellora,CE-2411,2024-09-24,2024-11-16,2.1,30076,98.6,BMS-4.2,,,78.7,False
BAT-2W-105710,2W_2.1kWh,Amptek,AM-2410,2024-09-16,2024-10-13,2.1,32310,99.1,BMS-4.2,,,80.6,False
BAT-2W-105711,2W_2.1kWh,Amptek,AM-2412,2024-11-25,2024-12-17,2.1,32933,98.8,BMS-4.0,,,80.7,False
BAT-2W-105712,2W_2.1kWh,Amptek,AM-2407,2024-06-19,2024-07-31,2.1,30222,98.9,BMS-4.0,,,81.0,False
BAT-2W-105713,2W_2.1kWh,Kyron,KY-2408,2024-08-16,2024-09-30,2.1,32275,99.0,BMS-4.1,2025-06-15,end_of_life,62.2,False
BAT-2W-105714,2W_2.1kWh,Kyron,KY-2408,2024-10-22,2024-11-16,2.1,30375,98.1,BMS-4.0,2025-06-15,end_of_life,59.0,False
BAT-2W-105715,2W_2.1kWh,Amptek,AM-2506,2025-04-26,2025-06-12,2.1,32586,99.3,BMS-4.1,,,81.1,False
BAT-2W-105716,2W_2.1kWh,Cellora,CE-2407,2024-06-08,2024-07-21,2.1,31471,99.6,BMS-4.0,,,80.7,False
BAT-2W-105717,2W_2.1kWh,Cellora,CE-2309,2023-07-30,2023-09-03,2.1,30837,98.6,BMS-4.0,,,80.0,False
BAT-2W-105718,2W_2.1kWh,Cellora,CE-2404,2024-02-26,2024-04-13,2.1,31268,99.5,BMS-4.1,,,79.6,False
BAT-2W-105719,2W_2.1kWh,Amptek,AM-2407,2024-07-11,2024-07-28,2.1,31376,99.7,BMS-4.1,,,79.9,False
BAT-2W-105720,2W_2.1kWh,Amptek,AM-2412,2024-10-26,2024-12-10,2.1,30136,99.8,BMS-4.1,,,81.9,False
BAT-2W-105721,2W_2.1kWh,Cellora,CE-2411,2024-10-07,2024-11-22,2.1,31917,99.8,BMS-4.0,,,82.0,False
BAT-2W-105722,2W_2.1kWh,Kyron,KY-2408,2024-09-20,2024-11-03,2.1,30341,99.6,BMS-4.2,2025-06-15,end_of_life,61.1,False
BAT-2W-105723,2W_2.1kWh,Kyron,KY-2407,2024-10-10,2024-10-24,2.1,33613,99.9,BMS-4.2,2025-06-15,end_of_life,63.6,False
BAT-3W-105724,3W_4.8kWh,Cellora,CE-2501,2024-12-06,2025-01-29,4.8,66064,99.2,BMS-4.1,,,87.1,False
BAT-3W-105725,3W_4.8kWh,Kyron,KY-2407,2024-05-28,2024-07-12,4.8,67471,99.2,BMS-4.1,2025-06-15,end_of_life,68.8,False
BAT-2W-105726,2W_2.1kWh,Kyron,KY-2408,2024-08-04,2024-09-20,2.1,30593,98.1,BMS-4.0,2025-06-15,end_of_life,60.0,False
BAT-2W-105727,2W_2.1kWh,Kyron,KY-2409,2024-09-22,2024-10-20,2.1,31296,99.2,BMS-4.2,2025-06-15,end_of_life,60.8,False
BAT-2W-105728,2W_2.1kWh,Amptek,AM-2406,2024-05-29,2024-06-17,2.1,32578,98.7,BMS-4.1,,,79.4,False
BAT-2W-105729,2W_2.1kWh,Cellora,CE-2412,2024-11-23,2024-12-14,2.1,32217,98.5,BMS-4.1,,,79.0,False
BAT-2W-105730,2W_2.1kWh,Kyron,KY-2407,2024-09-16,2024-10-15,2.1,32632,99.3,BMS-4.2,2025-06-15,end_of_life,62.5,False
BAT-2W-105731,2W_2.1kWh,Cellora,CE-2404,2024-02-16,2024-04-01,2.1,29838,99.4,BMS-4.2,,,81.0,False
BAT-2W-105732,2W_2.1kWh,Cellora,CE-2401,2023-12-18,2024-01-29,2.1,30129,98.7,BMS-4.0,,,80.4,False
BAT-2W-105733,2W_2.1kWh,Cellora,CE-2404,2024-03-07,2024-04-08,2.1,34344,99.9,BMS-4.0,,,79.0,False
BAT-2W-105734,2W_2.1kWh,Amptek,AM-2501,2024-12-02,2025-01-18,2.1,30785,99.0,BMS-4.2,,,79.8,False
BAT-2W-105735,2W_2.1kWh,Cellora,CE-2409,2024-07-28,2024-09-17,2.1,32331,99.4,BMS-4.0,,,79.6,False
BAT-2W-105736,2W_2.1kWh,Cellora,CE-2412,2024-11-03,2024-12-14,2.1,31883,99.6,BMS-4.2,,,81.9,False
BAT-2W-105737,2W_2.1kWh,Cellora,CE-2309,2023-08-15,2023-09-06,2.1,32079,99.4,BMS-4.2,,,79.8,False
BAT-3W-105738,3W_4.8kWh,Cellora,CE-2310,2023-09-08,2023-10-04,4.8,68327,99.1,BMS-4.2,,,86.4,False
BAT-2W-105739,2W_2.1kWh,Cellora,CE-2401,2024-01-01,2024-01-26,2.1,32972,99.0,BMS-4.1,,,80.5,False
BAT-3W-105740,3W_4.8kWh,Kyron,KY-2411,2024-10-05,2024-11-29,4.8,70045,100.0,BMS-4.2,,,87.8,False
BAT-3W-105741,3W_4.8kWh,Kyron,KY-2409,2024-08-26,2024-09-21,4.8,66677,99.5,BMS-4.0,2025-06-15,end_of_life,67.2,False
BAT-2W-105742,2W_2.1kWh,Amptek,AM-2505,2025-04-27,2025-05-31,2.1,32658,98.2,BMS-4.1,,,79.6,False
BAT-2W-105743,2W_2.1kWh,Cellora,CE-2404,2024-03-05,2024-04-28,2.1,32174,98.9,BMS-4.0,,,80.8,False
BAT-2W-105744,2W_2.1kWh,Amptek,AM-2506,2025-04-25,2025-06-08,2.1,32398,98.9,BMS-4.2,,,79.4,False
BAT-2W-105745,2W_2.1kWh,Cellora,CE-2303,2023-03-01,2023-03-12,2.1,32878,99.6,BMS-4.1,,,79.2,False
BAT-3W-105746,3W_4.8kWh,Cellora,CE-2503,2025-03-02,2025-03-19,4.8,69068,100.0,BMS-4.1,,,87.5,False
BAT-2W-105747,2W_2.1kWh,Amptek,AM-2506,2025-05-12,2025-06-11,2.1,30386,99.4,BMS-4.2,,,79.6,False
BAT-2W-105748,2W_2.1kWh,Amptek,AM-2404,2024-02-19,2024-04-10,2.1,33535,99.0,BMS-4.1,,,81.1,False
BAT-2W-105749,2W_2.1kWh,Cellora,CE-2503,2025-02-11,2025-03-20,2.1,33094,99.6,BMS-4.2,,,81.7,False
BAT-3W-105750,3W_4.8kWh,Cellora,CE-2501,2024-11-18,2025-01-04,4.8,64728,99.2,BMS-4.0,,,86.2,False
BAT-2W-105751,2W_2.1kWh,Cellora,CE-2505,2025-05-08,2025-05-25,2.1,32926,99.0,BMS-4.2,,,78.9,False
BAT-2W-105752,2W_2.1kWh,Cellora,CE-2404,2024-03-24,2024-04-07,2.1,33689,99.0,BMS-4.2,,,80.6,False
BAT-3W-105753,3W_4.8kWh,Cellora,CE-2401,2024-01-14,2024-01-28,4.8,69240,99.1,BMS-4.2,,,86.5,False
BAT-2W-105754,2W_2.1kWh,Cellora,CE-2307,2023-06-02,2023-07-30,2.1,31971,99.3,BMS-4.2,,,79.8,False
BAT-2W-105755,2W_2.1kWh,Cellora,CE-2411,2024-10-01,2024-11-29,2.1,32246,99.4,BMS-4.1,,,80.1,False
BAT-2W-105756,2W_2.1kWh,Kyron,KY-2408,2024-09-21,2024-11-09,2.1,30960,99.0,BMS-4.1,2025-06-15,end_of_life,61.5,False
BAT-2W-105757,2W_2.1kWh,Kyron,KY-2407,2024-10-12,2024-10-23,2.1,32362,99.1,BMS-4.2,2025-06-15,end_of_life,59.3,False
BAT-2W-105758,2W_2.1kWh,Amptek,AM-2403,2024-01-25,2024-03-15,2.1,30820,99.0,BMS-4.2,,,80.1,False
BAT-2W-105759,2W_2.1kWh,Amptek,AM-2409,2024-08-11,2024-09-08,2.1,31143,98.6,BMS-4.1,,,78.6,False
BAT-2W-105760,2W_2.1kWh,Kyron,KY-2407,2024-08-22,2024-09-23,2.1,32635,98.9,BMS-4.1,2025-06-15,end_of_life,61.7,False
BAT-2W-105761,2W_2.1kWh,Cellora,CE-2308,2023-06-20,2023-08-17,2.1,30881,99.3,BMS-4.1,,,81.1,False
BAT-2W-105762,2W_2.1kWh,Cellora,CE-2304,2023-03-20,2023-04-05,2.1,29739,99.2,BMS-4.1,,,79.4,False
BAT-3W-105763,3W_4.8kWh,Cellora,CE-2505,2025-04-29,2025-05-22,4.8,70061,99.4,BMS-4.0,,,87.1,False
BAT-2W-105764,2W_2.1kWh,Kyron,KY-2407,2024-10-24,2024-11-13,2.1,29695,99.4,BMS-4.1,2025-06-15,end_of_life,61.1,False
BAT-2W-105765,2W_2.1kWh,Amptek,AM-2504,2025-02-10,2025-04-03,2.1,32189,99.0,BMS-4.2,,,80.6,False
BAT-2W-105766,2W_2.1kWh,Cellora,CE-2402,2023-12-15,2024-02-01,2.1,33153,99.1,BMS-4.0,,,80.0,False
BAT-2W-105767,2W_2.1kWh,Kyron,KY-2407,2024-07-27,2024-09-13,2.1,30489,99.2,BMS-4.0,2025-06-15,end_of_life,58.4,False
BAT-2W-105768,2W_2.1kWh,Cellora,CE-2304,2023-03-23,2023-04-27,2.1,33302,98.2,BMS-4.2,,,80.0,False
BAT-2W-105769,2W_2.1kWh,Kyron,KY-2407,2024-08-29,2024-10-08,2.1,30079,99.6,BMS-4.0,2025-06-15,end_of_life,61.0,False
BAT-2W-105770,2W_2.1kWh,Kyron,KY-2407,2024-09-19,2024-10-11,2.1,34262,99.0,BMS-4.0,2025-06-15,end_of_life,60.9,False
BAT-2W-105771,2W_2.1kWh,Cellora,CE-2411,2024-10-19,2024-11-03,2.1,31309,98.7,BMS-4.1,,,81.1,False
BAT-2W-105772,2W_2.1kWh,Cellora,CE-2502,2025-01-28,2025-02-23,2.1,32307,100.0,BMS-4.1,,,81.0,False
BAT-2W-105773,2W_2.1kWh,Cellora,CE-2404,2024-03-23,2024-04-13,2.1,30857,99.8,BMS-4.2,,,81.1,False
BAT-3W-105774,3W_4.8kWh,Cellora,CE-2505,2025-04-09,2025-05-13,4.8,65859,99.0,BMS-4.1,,,85.7,False
BAT-2W-105775,2W_2.1kWh,Cellora,CE-2501,2024-12-11,2025-01-17,2.1,33362,99.8,BMS-4.1,,,80.4,False
BAT-2W-105776,2W_2.1kWh,Cellora,CE-2303,2023-01-29,2023-03-22,2.1,31099,99.1,BMS-4.1,,,79.0,False
BAT-3W-105777,3W_4.8kWh,Cellora,CE-2403,2024-01-26,2024-03-21,4.8,68216,99.1,BMS-4.2,,,86.8,False
BAT-2W-105778,2W_2.1kWh,Amptek,AM-2406,2024-04-20,2024-06-06,2.1,32007,99.5,BMS-4.0,,,79.1,False
BAT-2W-105779,2W_2.1kWh,Cellora,CE-2503,2025-02-15,2025-03-31,2.1,30259,99.3,BMS-4.1,,,79.7,False
BAT-2W-105780,2W_2.1kWh,Cellora,CE-2303,2023-02-11,2023-03-11,2.1,32157,99.2,BMS-4.1,,,79.9,False
BAT-2W-105781,2W_2.1kWh,Cellora,CE-2504,2025-04-04,2025-04-25,2.1,35666,98.9,BMS-4.1,,,80.0,False
BAT-2W-105782,2W_2.1kWh,Cellora,CE-2308,2023-07-11,2023-08-23,2.1,32823,99.1,BMS-4.0,,,79.8,False
BAT-2W-105783,2W_2.1kWh,Kyron,KY-2409,2024-10-14,2024-11-02,2.1,31559,99.0,BMS-4.1,2025-06-15,end_of_life,59.7,False
BAT-2W-105784,2W_2.1kWh,Amptek,AM-2408,2024-06-29,2024-08-16,2.1,31018,99.2,BMS-4.0,,,80.5,False
BAT-2W-105785,2W_2.1kWh,Kyron,KY-2408,2024-10-10,2024-10-28,2.1,31437,99.5,BMS-4.2,2025-06-15,end_of_life,59.7,False
BAT-2W-105786,2W_2.1kWh,Kyron,KY-2409,2024-10-21,2024-11-13,2.1,33370,99.2,BMS-4.1,2025-06-15,end_of_life,59.1,False
BAT-2W-105787,2W_2.1kWh,Cellora,CE-2408,2024-07-21,2024-08-13,2.1,31088,99.3,BMS-4.0,,,80.2,False
BAT-3W-105788,3W_4.8kWh,Cellora,CE-2409,2024-07-22,2024-09-03,4.8,66706,98.2,BMS-4.1,,,85.7,False
BAT-2W-105789,2W_2.1kWh,Kyron,KY-2408,2024-09-18,2024-11-04,2.1,31999,99.4,BMS-4.0,2025-06-15,end_of_life,60.5,False
BAT-2W-105790,2W_2.1kWh,Cellora,CE-2306,2023-05-07,2023-06-03,2.1,33067,99.4,BMS-4.1,,,79.8,False
BAT-2W-105791,2W_2.1kWh,Amptek,AM-2408,2024-06-25,2024-08-08,2.1,33124,99.2,BMS-4.1,,,79.7,False
BAT-2W-105792,2W_2.1kWh,Cellora,CE-2309,2023-08-02,2023-09-16,2.1,31382,99.6,BMS-4.0,,,82.1,False
BAT-2W-105793,2W_2.1kWh,Amptek,AM-2405,2024-03-18,2024-05-05,2.1,33214,99.6,BMS-4.2,,,81.8,False
BAT-2W-105794,2W_2.1kWh,Cellora,CE-2411,2024-10-02,2024-11-10,2.1,32003,99.6,BMS-4.1,,,80.7,False
BAT-2W-105795,2W_2.1kWh,Cellora,CE-2307,2023-06-05,2023-07-23,2.1,31811,98.9,BMS-4.2,,,77.8,False
BAT-2W-105796,2W_2.1kWh,Kyron,KY-2409,2024-10-09,2024-11-02,2.1,30989,98.8,BMS-4.0,2025-06-15,end_of_life,62.2,False
BAT-2W-105797,2W_2.1kWh,Cellora,CE-2307,2023-05-22,2023-07-05,2.1,32253,99.3,BMS-4.2,,,79.1,False
BAT-2W-105798,2W_2.1kWh,Amptek,AM-2409,2024-08-09,2024-09-27,2.1,30011,98.8,BMS-4.2,,,79.7,False
BAT-2W-105799,2W_2.1kWh,Kyron,KY-2407,2024-10-30,2024-11-28,2.1,32050,99.4,BMS-4.1,2025-06-15,end_of_life,61.2,False
BAT-2W-105800,2W_2.1kWh,Cellora,CE-2410,2024-08-16,2024-10-11,2.1,30995,99.0,BMS-4.0,,,81.0,False
BAT-2W-105801,2W_2.1kWh,Cellora,CE-2503,2025-03-15,2025-03-28,2.1,31014,99.1,BMS-4.1,,,80.5,False
BAT-2W-105802,2W_2.1kWh,Cellora,CE-2503,2025-01-09,2025-03-01,2.1,31942,99.5,BMS-4.2,,,80.4,False
BAT-2W-105803,2W_2.1kWh,Amptek,AM-2409,2024-08-08,2024-09-12,2.1,31930,99.1,BMS-4.1,,,80.5,False
BAT-2W-105804,2W_2.1kWh,Cellora,CE-2404,2024-03-14,2024-04-23,2.1,32434,99.7,BMS-4.2,,,79.7,False
BAT-2W-105805,2W_2.1kWh,Cellora,CE-2309,2023-08-27,2023-09-08,2.1,29974,98.7,BMS-4.0,,,79.7,False
BAT-2W-105806,2W_2.1kWh,Cellora,CE-2405,2024-04-21,2024-05-14,2.1,30034,98.3,BMS-4.0,,,77.6,False
BAT-2W-105807,2W_2.1kWh,Cellora,CE-2501,2024-11-17,2025-01-04,2.1,30277,98.8,BMS-4.1,,,80.7,False
BAT-2W-105808,2W_2.1kWh,Cellora,CE-2405,2024-05-06,2024-05-17,2.1,31981,99.3,BMS-4.0,,,80.1,False
BAT-2W-105809,2W_2.1kWh,Cellora,CE-2411,2024-11-11,2024-11-25,2.1,32913,99.3,BMS-4.0,,,80.8,False
BAT-2W-105810,2W_2.1kWh,Kyron,KY-2408,2024-10-10,2024-11-16,2.1,33356,99.6,BMS-4.2,2025-06-15,end_of_life,61.0,False
BAT-2W-105811,2W_2.1kWh,Cellora,CE-2311,2023-09-09,2023-11-01,2.1,32715,99.1,BMS-4.1,,,79.5,False
BAT-2W-105812,2W_2.1kWh,Kyron,KY-2409,2024-09-26,2024-10-10,2.1,32721,99.1,BMS-4.0,2025-06-15,end_of_life,61.1,False
BAT-3W-105813,3W_4.8kWh,Cellora,CE-2505,2025-03-22,2025-05-07,4.8,67885,99.5,BMS-4.0,,,86.1,False
BAT-2W-105814,2W_2.1kWh,Kyron,KY-2407,2024-10-01,2024-10-17,2.1,29956,98.9,BMS-4.2,2025-06-15,end_of_life,59.7,False
BAT-2W-105815,2W_2.1kWh,Cellora,CE-2311,2023-10-12,2023-11-30,2.1,29320,99.4,BMS-4.1,,,80.3,False
BAT-3W-105816,3W_4.8kWh,Cellora,CE-2409,2024-08-27,2024-09-16,4.8,66981,98.8,BMS-4.0,,,85.5,False
BAT-2W-105817,2W_2.1kWh,Cellora,CE-2404,2024-03-26,2024-04-26,2.1,31413,100.0,BMS-4.2,,,80.8,False
BAT-2W-105818,2W_2.1kWh,Kyron,KY-2409,2024-11-07,2024-11-25,2.1,30839,98.9,BMS-4.0,2025-06-15,end_of_life,61.5,False
BAT-2W-105819,2W_2.1kWh,Cellora,CE-2310,2023-08-27,2023-10-25,2.1,32307,98.9,BMS-4.0,,,80.8,False
BAT-2W-105820,2W_2.1kWh,Cellora,CE-2411,2024-10-23,2024-11-19,2.1,32125,99.6,BMS-4.0,,,81.3,False
BAT-3W-105821,3W_4.8kWh,Cellora,CE-2411,2024-10-08,2024-11-02,4.8,65624,98.8,BMS-4.2,,,85.5,False
BAT-2W-105822,2W_2.1kWh,Cellora,CE-2504,2025-03-21,2025-04-26,2.1,31450,98.6,BMS-4.0,,,79.6,False
BAT-2W-105823,2W_2.1kWh,Cellora,CE-2305,2023-05-14,2023-05-28,2.1,33658,99.3,BMS-4.1,,,80.2,False
BAT-3W-105824,3W_4.8kWh,Amptek,AM-2411,2024-10-11,2024-11-30,4.8,69027,99.1,BMS-4.0,,,87.1,False
BAT-2W-105825,2W_2.1kWh,Cellora,CE-2307,2023-05-13,2023-07-07,2.1,30961,98.4,BMS-4.1,,,80.6,False
BAT-2W-105826,2W_2.1kWh,Cellora,CE-2404,2024-03-26,2024-04-10,2.1,30914,99.3,BMS-4.1,,,79.5,False
BAT-2W-105827,2W_2.1kWh,Kyron,KY-2407,2024-09-18,2024-10-08,2.1,33639,98.5,BMS-4.1,2025-06-15,end_of_life,58.7,False
BAT-2W-105828,2W_2.1kWh,Cellora,CE-2412,2024-11-14,2024-12-26,2.1,35124,99.6,BMS-4.2,,,81.3,False
BAT-2W-105829,2W_2.1kWh,Amptek,AM-2412,2024-12-03,2024-12-13,2.1,29550,98.6,BMS-4.1,,,78.8,False
BAT-2W-105830,2W_2.1kWh,Cellora,CE-2404,2024-02-14,2024-04-06,2.1,34198,99.2,BMS-4.0,,,79.9,False
BAT-3W-105831,3W_4.8kWh,Cellora,CE-2409,2024-08-13,2024-09-12,4.8,66037,98.5,BMS-4.0,,,85.7,False
BAT-2W-105832,2W_2.1kWh,Cellora,CE-2401,2024-01-04,2024-01-22,2.1,32398,99.5,BMS-4.2,,,79.1,False
BAT-2W-105833,2W_2.1kWh,Cellora,CE-2502,2025-01-10,2025-02-04,2.1,31577,98.9,BMS-4.2,,,80.7,False
BAT-2W-105834,2W_2.1kWh,Cellora,CE-2306,2023-05-28,2023-06-15,2.1,31293,99.4,BMS-4.0,,,79.9,False
BAT-2W-105835,2W_2.1kWh,Cellora,CE-2312,2023-11-04,2023-12-26,2.1,31787,99.8,BMS-4.1,,,82.6,False
BAT-2W-105836,2W_2.1kWh,Cellora,CE-2304,2023-03-26,2023-04-17,2.1,34143,99.3,BMS-4.0,,,79.8,False
BAT-2W-105837,2W_2.1kWh,Cellora,CE-2410,2024-09-21,2024-10-12,2.1,31148,98.5,BMS-4.0,,,79.1,False
BAT-2W-105838,2W_2.1kWh,Cellora,CE-2505,2025-05-02,2025-05-13,2.1,31983,99.1,BMS-4.0,,,79.2,False
BAT-2W-105839,2W_2.1kWh,Kyron,KY-2409,2024-08-19,2024-09-27,2.1,34762,98.9,BMS-4.1,2025-06-15,end_of_life,58.5,False
BAT-3W-105840,3W_4.8kWh,Cellora,CE-2303,2023-03-10,2023-03-27,4.8,67016,99.5,BMS-4.2,,,87.6,False
BAT-2W-105841,2W_2.1kWh,Amptek,AM-2504,2025-02-21,2025-04-07,2.1,32921,99.3,BMS-4.0,,,78.9,False
BAT-2W-105842,2W_2.1kWh,Amptek,AM-2410,2024-08-06,2024-10-04,2.1,31508,99.6,BMS-4.0,,,80.4,False
BAT-3W-105843,3W_4.8kWh,Cellora,CE-2406,2024-04-18,2024-06-01,4.8,64698,99.2,BMS-4.0,,,85.9,False
BAT-2W-105844,2W_2.1kWh,Cellora,CE-2307,2023-06-17,2023-07-30,2.1,32189,99.2,BMS-4.2,,,80.1,False
BAT-2W-105845,2W_2.1kWh,Amptek,AM-2412,2024-11-15,2024-12-07,2.1,31287,99.4,BMS-4.2,,,81.1,False
BAT-3W-105846,3W_4.8kWh,Kyron,KY-2410,2024-09-06,2024-10-06,4.8,69258,100.0,BMS-4.0,,,87.4,False
BAT-2W-105847,2W_2.1kWh,Cellora,CE-2306,2023-05-23,2023-06-13,2.1,30577,99.1,BMS-4.0,,,80.4,False
BAT-3W-105848,3W_4.8kWh,Cellora,CE-2408,2024-07-18,2024-08-10,4.8,70503,99.4,BMS-4.0,,,87.3,False
BAT-2W-105849,2W_2.1kWh,Cellora,CE-2303,2023-03-13,2023-03-29,2.1,29615,98.2,BMS-4.0,,,77.9,False
BAT-2W-105850,2W_2.1kWh,Cellora,CE-2308,2023-06-13,2023-08-06,2.1,32962,99.7,BMS-4.2,,,80.5,False
BAT-2W-105851,2W_2.1kWh,Cellora,CE-2409,2024-08-02,2024-09-13,2.1,31255,99.4,BMS-4.0,,,78.9,False
BAT-3W-105852,3W_4.8kWh,Cellora,CE-2305,2023-03-16,2023-05-02,4.8,69893,99.2,BMS-4.1,,,86.8,False
BAT-2W-105853,2W_2.1kWh,Cellora,CE-2406,2024-05-28,2024-06-14,2.1,32087,99.4,BMS-4.1,,,80.2,False
BAT-2W-105854,2W_2.1kWh,Cellora,CE-2409,2024-09-09,2024-09-21,2.1,33314,99.2,BMS-4.0,,,79.1,False
BAT-3W-105855,3W_4.8kWh,Kyron,KY-2413,2024-11-12,2025-01-08,4.8,67016,98.9,BMS-4.2,,,85.8,False
BAT-2W-105856,2W_2.1kWh,Amptek,AM-2501,2024-12-30,2025-01-23,2.1,32828,98.5,BMS-4.1,,,79.3,False
BAT-3W-105857,3W_4.8kWh,Kyron,KY-2413,2024-11-25,2025-01-16,4.8,69716,99.9,BMS-4.0,,,86.0,False
BAT-2W-105858,2W_2.1kWh,Cellora,CE-2307,2023-06-02,2023-07-26,2.1,32693,99.6,BMS-4.2,,,78.7,False
BAT-2W-105859,2W_2.1kWh,Cellora,CE-2406,2024-04-20,2024-06-07,2.1,31471,99.2,BMS-4.2,,,79.9,False
BAT-2W-105860,2W_2.1kWh,Cellora,CE-2502,2025-01-23,2025-02-05,2.1,33549,99.6,BMS-4.2,,,80.3,False
BAT-2W-105861,2W_2.1kWh,Amptek,AM-2403,2024-01-13,2024-03-04,2.1,32812,99.7,BMS-4.2,,,80.1,False
BAT-2W-105862,2W_2.1kWh,Kyron,KY-2408,2024-08-28,2024-09-13,2.1,33589,99.3,BMS-4.0,2025-06-15,end_of_life,58.4,False
BAT-2W-105863,2W_2.1kWh,Kyron,KY-2407,2024-10-04,2024-11-21,2.1,32412,99.4,BMS-4.1,2025-06-15,end_of_life,59.2,False
BAT-2W-105864,2W_2.1kWh,Cellora,CE-2401,2023-12-22,2024-01-21,2.1,33403,99.1,BMS-4.0,,,79.9,False
BAT-2W-105865,2W_2.1kWh,Cellora,CE-2404,2024-03-03,2024-04-15,2.1,33532,99.7,BMS-4.0,,,80.5,False
BAT-2W-105866,2W_2.1kWh,Cellora,CE-2312,2023-11-09,2023-12-31,2.1,31475,99.3,BMS-4.0,,,78.7,False
BAT-2W-105867,2W_2.1kWh,Amptek,AM-2410,2024-08-07,2024-10-03,2.1,30098,98.7,BMS-4.1,,,79.1,False
BAT-2W-105868,2W_2.1kWh,Kyron,KY-2407,2024-08-25,2024-10-06,2.1,32264,98.5,BMS-4.1,2025-06-15,end_of_life,61.5,False
BAT-2W-105869,2W_2.1kWh,Cellora,CE-2306,2023-05-10,2023-06-28,2.1,31663,99.4,BMS-4.2,,,80.4,False
BAT-3W-105870,3W_4.8kWh,Cellora,CE-2311,2023-10-17,2023-11-04,4.8,70593,99.4,BMS-4.0,,,87.0,False
BAT-2W-105871,2W_2.1kWh,Cellora,CE-2303,2023-01-11,2023-03-03,2.1,30559,98.8,BMS-4.0,,,79.2,False
BAT-2W-105872,2W_2.1kWh,Kyron,KY-2407,2024-10-09,2024-10-24,2.1,32128,99.2,BMS-4.1,2025-06-15,end_of_life,56.8,False
BAT-2W-105873,2W_2.1kWh,Cellora,CE-2501,2025-01-01,2025-01-22,2.1,32513,99.7,BMS-4.2,,,80.9,False
BAT-3W-105874,3W_4.8kWh,Amptek,AM-2405,2024-04-10,2024-05-08,4.8,69007,98.0,BMS-4.1,,,86.5,False
BAT-2W-105875,2W_2.1kWh,Kyron,KY-2407,2024-10-21,2024-11-02,2.1,32087,98.6,BMS-4.1,2025-06-15,end_of_life,57.3,False
BAT-2W-105876,2W_2.1kWh,Cellora,CE-2305,2023-03-22,2023-05-06,2.1,33307,98.6,BMS-4.1,,,79.9,False
BAT-2W-105877,2W_2.1kWh,Amptek,AM-2409,2024-07-19,2024-09-10,2.1,32480,98.4,BMS-4.1,,,80.0,False
BAT-2W-105878,2W_2.1kWh,Cellora,CE-2308,2023-07-19,2023-08-17,2.1,33317,99.1,BMS-4.2,,,80.5,False
BAT-2W-105879,2W_2.1kWh,Amptek,AM-2408,2024-07-22,2024-08-31,2.1,32415,98.7,BMS-4.0,,,81.6,False
BAT-2W-105880,2W_2.1kWh,Kyron,KY-2408,2024-08-31,2024-09-25,2.1,30791,99.5,BMS-4.2,2025-06-15,end_of_life,59.7,False
BAT-2W-105881,2W_2.1kWh,Amptek,AM-2410,2024-09-09,2024-10-17,2.1,31693,99.7,BMS-4.1,,,79.0,False
BAT-2W-105882,2W_2.1kWh,Cellora,CE-2411,2024-10-10,2024-11-20,2.1,31270,99.3,BMS-4.0,,,79.6,False
BAT-2W-105883,2W_2.1kWh,Amptek,AM-2412,2024-11-24,2024-12-15,2.1,33439,99.3,BMS-4.2,,,79.8,False
BAT-3W-105884,3W_4.8kWh,Amptek,AM-2405,2024-03-20,2024-05-02,4.8,68324,99.2,BMS-4.0,,,85.8,False
BAT-2W-105885,2W_2.1kWh,Cellora,CE-2403,2024-02-27,2024-03-17,2.1,32282,99.3,BMS-4.1,,,79.5,False
BAT-2W-105886,2W_2.1kWh,Cellora,CE-2303,2023-02-17,2023-03-11,2.1,31700,99.5,BMS-4.1,,,81.6,False
BAT-2W-105887,2W_2.1kWh,Cellora,CE-2405,2024-05-04,2024-05-21,2.1,29902,98.9,BMS-4.0,,,79.4,False
BAT-2W-105888,2W_2.1kWh,Cellora,CE-2405,2024-04-23,2024-05-27,2.1,32845,99.3,BMS-4.1,,,78.7,False
BAT-2W-105889,2W_2.1kWh,Cellora,CE-2305,2023-04-28,2023-05-25,2.1,31505,99.0,BMS-4.2,,,80.3,False
BAT-2W-105890,2W_2.1kWh,Cellora,CE-2404,2024-03-07,2024-04-24,2.1,32970,98.6,BMS-4.1,,,78.4,False
BAT-2W-105891,2W_2.1kWh,Kyron,KY-2407,2024-09-21,2024-10-22,2.1,31118,99.4,BMS-4.0,2025-06-15,end_of_life,58.6,False
BAT-2W-105892,2W_2.1kWh,Kyron,KY-2408,2024-09-08,2024-09-26,2.1,30609,99.5,BMS-4.2,2025-06-15,end_of_life,65.9,False
BAT-2W-105893,2W_2.1kWh,Cellora,CE-2402,2024-01-19,2024-02-04,2.1,32928,98.9,BMS-4.1,,,78.8,False
BAT-2W-105894,2W_2.1kWh,Cellora,CE-2412,2024-11-16,2024-12-11,2.1,30374,99.1,BMS-4.1,,,80.3,False
BAT-3W-105895,3W_4.8kWh,Kyron,KY-2415,2025-01-30,2025-03-11,4.8,69014,99.3,BMS-4.2,,,87.1,False
BAT-3W-105896,3W_4.8kWh,Kyron,KY-2407,2024-06-15,2024-07-05,4.8,66841,98.9,BMS-4.1,2025-06-15,end_of_life,68.0,False
BAT-2W-105897,2W_2.1kWh,Cellora,CE-2503,2025-02-03,2025-03-07,2.1,31913,99.8,BMS-4.0,,,81.4,False
BAT-2W-105898,2W_2.1kWh,Cellora,CE-2501,2024-12-14,2025-01-23,2.1,32759,99.2,BMS-4.2,,,80.7,False
BAT-2W-105899,2W_2.1kWh,Cellora,CE-2312,2023-10-08,2023-12-06,2.1,32703,98.8,BMS-4.0,,,79.9,False
BAT-2W-105900,2W_2.1kWh,Amptek,AM-2501,2024-11-16,2025-01-02,2.1,31768,99.0,BMS-4.1,,,80.1,False
BAT-2W-105901,2W_2.1kWh,Kyron,KY-2408,2024-10-19,2024-11-04,2.1,31243,99.0,BMS-4.0,2025-06-15,end_of_life,57.1,False
BAT-2W-105902,2W_2.1kWh,Amptek,AM-2503,2025-01-25,2025-03-23,2.1,30469,98.0,BMS-4.0,,,79.4,False
BAT-2W-105903,2W_2.1kWh,Kyron,KY-2408,2024-10-05,2024-11-03,2.1,32061,99.6,BMS-4.2,2025-06-15,end_of_life,61.0,False
BAT-2W-105904,2W_2.1kWh,Amptek,AM-2407,2024-06-19,2024-07-04,2.1,32718,99.2,BMS-4.1,,,79.1,False
BAT-2W-105905,2W_2.1kWh,Cellora,CE-2502,2025-01-07,2025-02-23,2.1,30867,98.8,BMS-4.1,,,79.9,False
BAT-3W-105906,3W_4.8kWh,Cellora,CE-2303,2023-01-31,2023-03-30,4.8,67712,99.5,BMS-4.2,,,87.3,False
BAT-2W-105907,2W_2.1kWh,Kyron,KY-2408,2024-09-14,2024-10-19,2.1,31523,99.0,BMS-4.2,2025-06-15,end_of_life,58.6,False
BAT-2W-105908,2W_2.1kWh,Cellora,CE-2404,2024-02-19,2024-04-16,2.1,31872,98.8,BMS-4.2,,,79.2,False
BAT-2W-105909,2W_2.1kWh,Cellora,CE-2406,2024-05-04,2024-06-23,2.1,33196,99.4,BMS-4.2,,,79.9,False
BAT-2W-105910,2W_2.1kWh,Cellora,CE-2408,2024-07-19,2024-08-06,2.1,32526,98.6,BMS-4.0,,,80.0,False
BAT-3W-105911,3W_4.8kWh,Cellora,CE-2403,2024-02-27,2024-03-14,4.8,65972,99.7,BMS-4.2,,,86.2,False
BAT-2W-105912,2W_2.1kWh,Kyron,KY-2408,2024-10-22,2024-11-20,2.1,32151,99.5,BMS-4.1,2025-06-15,end_of_life,62.9,False
BAT-3W-105913,3W_4.8kWh,Cellora,CE-2412,2024-11-13,2024-12-20,4.8,69275,99.1,BMS-4.0,,,85.7,False
BAT-2W-105914,2W_2.1kWh,Cellora,CE-2404,2024-03-30,2024-04-11,2.1,33709,98.7,BMS-4.1,,,78.3,False
BAT-2W-105915,2W_2.1kWh,Amptek,AM-2403,2024-01-29,2024-03-09,2.1,30530,98.6,BMS-4.0,,,80.9,False
BAT-2W-105916,2W_2.1kWh,Cellora,CE-2405,2024-03-31,2024-05-21,2.1,32715,99.3,BMS-4.0,,,80.5,False
BAT-2W-105917,2W_2.1kWh,Kyron,KY-2407,2024-09-12,2024-10-11,2.1,33498,99.0,BMS-4.2,2025-06-15,end_of_life,58.1,False
BAT-2W-105918,2W_2.1kWh,Cellora,CE-2408,2024-06-26,2024-08-12,2.1,32381,99.3,BMS-4.2,,,79.8,False
BAT-2W-105919,2W_2.1kWh,Cellora,CE-2304,2023-03-02,2023-04-07,2.1,32261,98.6,BMS-4.0,,,79.1,False
BAT-2W-105920,2W_2.1kWh,Cellora,CE-2411,2024-10-16,2024-11-06,2.1,32794,99.9,BMS-4.2,,,80.2,False
BAT-2W-105921,2W_2.1kWh,Amptek,AM-2406,2024-05-20,2024-06-21,2.1,33571,99.2,BMS-4.0,,,79.8,False
BAT-2W-105922,2W_2.1kWh,Kyron,KY-2408,2024-08-18,2024-09-26,2.1,32170,99.2,BMS-4.2,2025-06-15,end_of_life,61.0,False
BAT-2W-105923,2W_2.1kWh,Amptek,AM-2504,2025-02-22,2025-04-16,2.1,33259,99.3,BMS-4.1,,,79.3,False
BAT-2W-105924,2W_2.1kWh,Cellora,CE-2412,2024-11-08,2024-12-05,2.1,30422,99.8,BMS-4.1,,,81.9,False
BAT-2W-105925,2W_2.1kWh,Cellora,CE-2409,2024-08-30,2024-09-28,2.1,29547,99.9,BMS-4.0,,,79.7,False
BAT-2W-105926,2W_2.1kWh,Cellora,CE-2312,2023-10-30,2023-12-10,2.1,31160,98.2,BMS-4.0,,,79.1,False
BAT-2W-105927,2W_2.1kWh,Cellora,CE-2408,2024-07-25,2024-08-15,2.1,32606,99.6,BMS-4.0,,,81.4,False
BAT-3W-105928,3W_4.8kWh,Cellora,CE-2405,2024-03-23,2024-05-04,4.8,68297,99.1,BMS-4.0,,,85.8,False
BAT-2W-105929,2W_2.1kWh,Cellora,CE-2310,2023-09-15,2023-10-21,2.1,32254,99.1,BMS-4.0,,,79.6,False
BAT-2W-105930,2W_2.1kWh,Cellora,CE-2505,2025-03-25,2025-05-10,2.1,31967,99.0,BMS-4.2,,,79.1,False
BAT-2W-105931,2W_2.1kWh,Cellora,CE-2305,2023-04-25,2023-05-23,2.1,31840,99.7,BMS-4.2,,,81.5,False
BAT-2W-105932,2W_2.1kWh,Kyron,KY-2407,2024-10-18,2024-11-14,2.1,32924,99.1,BMS-4.0,2025-06-15,end_of_life,62.1,False
BAT-2W-105933,2W_2.1kWh,Cellora,CE-2503,2025-01-30,2025-03-14,2.1,31770,99.4,BMS-4.2,,,80.4,False
BAT-3W-105934,3W_4.8kWh,Kyron,KY-2417,2025-05-15,2025-05-29,4.8,69827,99.6,BMS-4.1,,,88.0,False
BAT-2W-105935,2W_2.1kWh,Cellora,CE-2310,2023-09-30,2023-10-11,2.1,32617,99.2,BMS-4.2,,,80.2,False
BAT-2W-105936,2W_2.1kWh,Cellora,CE-2403,2024-02-19,2024-03-19,2.1,31331,98.7,BMS-4.2,,,79.8,False
BAT-2W-105937,2W_2.1kWh,Amptek,AM-2412,2024-10-12,2024-12-05,2.1,30771,98.7,BMS-4.1,,,79.8,False
BAT-3W-105938,3W_4.8kWh,Kyron,KY-2411,2024-10-01,2024-11-01,4.8,69925,99.4,BMS-4.2,,,87.6,False
BAT-2W-105939,2W_2.1kWh,Cellora,CE-2505,2025-04-03,2025-05-25,2.1,32030,100.0,BMS-4.1,,,80.3,False
BAT-2W-105940,2W_2.1kWh,Kyron,KY-2409,2024-10-31,2024-11-27,2.1,31186,99.8,BMS-4.2,2025-06-15,end_of_life,62.9,False
BAT-2W-105941,2W_2.1kWh,Cellora,CE-2403,2024-02-26,2024-03-23,2.1,33905,99.8,BMS-4.2,,,79.8,False
BAT-2W-105942,2W_2.1kWh,Amptek,AM-2408,2024-07-15,2024-08-05,2.1,33461,99.4,BMS-4.0,,,79.9,False
BAT-2W-105943,2W_2.1kWh,Cellora,CE-2501,2024-12-16,2025-01-11,2.1,31414,99.7,BMS-4.1,,,80.5,False
BAT-2W-105944,2W_2.1kWh,Cellora,CE-2401,2023-12-11,2024-01-02,2.1,31459,99.5,BMS-4.2,,,79.6,False
BAT-3W-105945,3W_4.8kWh,Amptek,AM-2506,2025-05-11,2025-06-06,4.8,71311,99.8,BMS-4.2,,,87.5,False
BAT-2W-105946,2W_2.1kWh,Kyron,KY-2407,2024-09-16,2024-10-04,2.1,31480,99.3,BMS-4.0,2025-06-15,end_of_life,61.5,False
BAT-2W-105947,2W_2.1kWh,Cellora,CE-2306,2023-04-17,2023-06-01,2.1,32188,99.6,BMS-4.0,,,79.4,False
BAT-2W-105948,2W_2.1kWh,Kyron,KY-2408,2024-10-16,2024-11-20,2.1,33419,99.8,BMS-4.1,2025-06-15,end_of_life,58.8,False
BAT-2W-105949,2W_2.1kWh,Cellora,CE-2311,2023-11-04,2023-11-16,2.1,33258,99.7,BMS-4.2,,,79.4,False
BAT-2W-105950,2W_2.1kWh,Cellora,CE-2311,2023-11-04,2023-11-29,2.1,31148,99.1,BMS-4.0,,,79.3,False
BAT-2W-105951,2W_2.1kWh,Cellora,CE-2308,2023-07-18,2023-08-25,2.1,30565,99.3,BMS-4.2,,,80.5,False
BAT-2W-105952,2W_2.1kWh,Amptek,AM-2504,2025-03-20,2025-04-15,2.1,31365,99.2,BMS-4.0,,,80.3,False
BAT-2W-105953,2W_2.1kWh,Kyron,KY-2408,2024-10-03,2024-10-23,2.1,30465,99.0,BMS-4.0,2025-06-15,end_of_life,60.4,False
BAT-2W-105954,2W_2.1kWh,Amptek,AM-2405,2024-05-16,2024-05-28,2.1,32627,99.2,BMS-4.2,,,78.7,False
BAT-2W-105955,2W_2.1kWh,Cellora,CE-2408,2024-07-22,2024-08-21,2.1,31054,99.1,BMS-4.2,,,79.3,False
BAT-2W-105956,2W_2.1kWh,Cellora,CE-2304,2023-03-18,2023-04-02,2.1,32978,99.8,BMS-4.0,,,80.4,False
BAT-2W-105957,2W_2.1kWh,Cellora,CE-2308,2023-07-10,2023-08-01,2.1,31010,100.0,BMS-4.1,,,80.9,False
BAT-2W-105958,2W_2.1kWh,Cellora,CE-2405,2024-04-21,2024-05-31,2.1,30863,98.9,BMS-4.1,,,78.4,False
BAT-3W-105959,3W_4.8kWh,Kyron,KY-2407,2024-06-03,2024-07-09,4.8,70967,99.5,BMS-4.2,2025-06-15,end_of_life,67.9,False
BAT-2W-105960,2W_2.1kWh,Amptek,AM-2504,2025-03-19,2025-04-14,2.1,31742,99.0,BMS-4.0,,,79.5,False
BAT-2W-105961,2W_2.1kWh,Cellora,CE-2406,2024-05-12,2024-06-13,2.1,34030,99.0,BMS-4.2,,,79.4,False
BAT-2W-105962,2W_2.1kWh,Cellora,CE-2412,2024-11-09,2024-12-02,2.1,31227,99.9,BMS-4.1,,,82.2,False
BAT-3W-105963,3W_4.8kWh,Kyron,KY-2408,2024-06-18,2024-08-01,4.8,71122,99.7,BMS-4.0,,,70.6,False
BAT-3W-105964,3W_4.8kWh,Amptek,AM-2506,2025-05-09,2025-06-06,4.8,66058,99.5,BMS-4.1,,,86.7,False
BAT-2W-105965,2W_2.1kWh,Cellora,CE-2412,2024-12-07,2024-12-28,2.1,30606,98.6,BMS-4.1,,,79.6,False
BAT-2W-105966,2W_2.1kWh,Cellora,CE-2409,2024-08-23,2024-09-08,2.1,32157,99.3,BMS-4.2,,,80.6,False
BAT-2W-105967,2W_2.1kWh,Cellora,CE-2503,2025-03-06,2025-03-21,2.1,34101,99.6,BMS-4.2,,,80.0,False
BAT-2W-105968,2W_2.1kWh,Kyron,KY-2407,2024-11-05,2024-11-28,2.1,33457,99.9,BMS-4.0,2025-06-15,end_of_life,60.2,False
BAT-2W-105969,2W_2.1kWh,Cellora,CE-2411,2024-10-27,2024-11-17,2.1,33291,99.3,BMS-4.1,,,81.2,False
BAT-2W-105970,2W_2.1kWh,Kyron,KY-2408,2024-09-28,2024-11-09,2.1,33625,99.2,BMS-4.0,2025-06-15,end_of_life,56.5,False
BAT-2W-105971,2W_2.1kWh,Kyron,KY-2407,2024-08-20,2024-09-12,2.1,31202,99.8,BMS-4.1,2025-06-15,end_of_life,62.0,False
BAT-2W-105972,2W_2.1kWh,Cellora,CE-2312,2023-10-31,2023-12-23,2.1,30409,99.3,BMS-4.2,,,81.4,False
BAT-3W-105973,3W_4.8kWh,Amptek,AM-2410,2024-09-22,2024-10-06,4.8,71040,99.0,BMS-4.1,,,86.8,False
BAT-2W-105974,2W_2.1kWh,Cellora,CE-2306,2023-04-17,2023-06-02,2.1,33116,99.3,BMS-4.0,,,80.4,False
BAT-2W-105975,2W_2.1kWh,Amptek,AM-2501,2025-01-01,2025-01-12,2.1,32068,99.5,BMS-4.2,,,79.5,False
BAT-2W-105976,2W_2.1kWh,Cellora,CE-2402,2023-12-26,2024-02-09,2.1,31754,98.9,BMS-4.0,,,78.5,False
BAT-2W-105977,2W_2.1kWh,Cellora,CE-2502,2025-01-31,2025-02-18,2.1,31561,99.2,BMS-4.0,,,79.7,False
BAT-2W-105978,2W_2.1kWh,Cellora,CE-2406,2024-04-16,2024-06-01,2.1,31840,98.6,BMS-4.1,,,78.8,False
BAT-2W-105979,2W_2.1kWh,Cellora,CE-2502,2024-12-18,2025-02-12,2.1,31972,99.4,BMS-4.1,,,79.0,False
BAT-2W-105980,2W_2.1kWh,Cellora,CE-2303,2023-02-11,2023-03-26,2.1,30566,98.8,BMS-4.2,,,79.2,False
BAT-2W-105981,2W_2.1kWh,Cellora,CE-2308,2023-06-18,2023-08-02,2.1,29802,99.5,BMS-4.1,,,79.6,False
BAT-2W-105982,2W_2.1kWh,Cellora,CE-2404,2024-03-08,2024-04-25,2.1,33971,99.3,BMS-4.0,,,79.6,False
BAT-2W-105983,2W_2.1kWh,Cellora,CE-2407,2024-06-04,2024-07-29,2.1,33898,99.7,BMS-4.2,,,79.5,False
BAT-3W-105984,3W_4.8kWh,Kyron,KY-2408,2024-06-25,2024-08-08,4.8,67795,98.2,BMS-4.1,2025-06-15,end_of_life,66.3,False
BAT-2W-105985,2W_2.1kWh,Kyron,KY-2407,2024-10-09,2024-11-09,2.1,32679,99.3,BMS-4.0,2025-06-15,end_of_life,60.9,False
BAT-2W-105986,2W_2.1kWh,Cellora,CE-2304,2023-04-02,2023-04-29,2.1,32364,100.0,BMS-4.0,,,81.4,False
BAT-2W-105987,2W_2.1kWh,Kyron,KY-2407,2024-07-31,2024-09-12,2.1,33520,99.3,BMS-4.1,2025-06-15,end_of_life,61.0,False
BAT-2W-105988,2W_2.1kWh,Cellora,CE-2312,2023-11-22,2023-12-14,2.1,32126,99.1,BMS-4.1,,,79.7,False
BAT-2W-105989,2W_2.1kWh,Amptek,AM-2404,2024-03-21,2024-04-03,2.1,31055,99.2,BMS-4.0,,,78.8,False
BAT-2W-105990,2W_2.1kWh,Kyron,KY-2408,2024-09-09,2024-09-21,2.1,30755,98.4,BMS-4.2,2025-06-15,end_of_life,56.8,False
BAT-2W-105991,2W_2.1kWh,Amptek,AM-2405,2024-03-06,2024-05-04,2.1,29651,100.0,BMS-4.1,,,80.3,False
BAT-3W-105992,3W_4.8kWh,Cellora,CE-2501,2024-12-31,2025-01-15,4.8,69816,99.3,BMS-4.1,,,85.7,False
BAT-2W-105993,2W_2.1kWh,Amptek,AM-2504,2025-02-20,2025-04-02,2.1,31874,99.1,BMS-4.1,,,81.2,False
BAT-2W-105994,2W_2.1kWh,Kyron,KY-2407,2024-08-29,2024-10-05,2.1,32728,99.0,BMS-4.1,2025-06-15,end_of_life,60.0,False
BAT-2W-105995,2W_2.1kWh,Amptek,AM-2503,2025-03-12,2025-03-24,2.1,33052,99.7,BMS-4.0,,,79.7,False
BAT-2W-105996,2W_2.1kWh,Kyron,KY-2408,2024-10-18,2024-11-10,2.1,34041,99.1,BMS-4.0,2025-06-15,end_of_life,63.2,False
BAT-2W-105997,2W_2.1kWh,Cellora,CE-2408,2024-07-17,2024-08-21,2.1,31327,98.4,BMS-4.1,,,78.5,False
BAT-2W-105998,2W_2.1kWh,Cellora,CE-2307,2023-06-26,2023-07-20,2.1,32884,99.4,BMS-4.2,,,80.9,False
BAT-2W-105999,2W_2.1kWh,Amptek,AM-2503,2025-03-04,2025-03-27,2.1,34109,98.9,BMS-4.0,,,77.3,False
BAT-2W-106000,2W_2.1kWh,Kyron,KY-2408,2024-09-03,2024-10-02,2.1,33335,99.8,BMS-4.1,2025-06-15,end_of_life,59.9,False
BAT-2W-106001,2W_2.1kWh,Kyron,KY-2407,2024-10-07,2024-11-09,2.1,32237,98.4,BMS-4.1,2025-06-15,end_of_life,57.8,False
BAT-3W-106002,3W_4.8kWh,Amptek,AM-2408,2024-07-07,2024-08-10,4.8,63190,99.4,BMS-4.2,,,86.9,False
BAT-2W-106003,2W_2.1kWh,Cellora,CE-2502,2025-02-13,2025-02-28,2.1,33162,98.8,BMS-4.2,,,79.1,False
BAT-2W-106004,2W_2.1kWh,Amptek,AM-2501,2024-11-30,2025-01-15,2.1,33478,99.0,BMS-4.2,,,80.8,False
BAT-2W-106005,2W_2.1kWh,Cellora,CE-2307,2023-07-05,2023-07-31,2.1,33555,98.6,BMS-4.0,,,79.9,False
BAT-2W-106006,2W_2.1kWh,Amptek,AM-2409,2024-08-21,2024-09-06,2.1,31138,98.9,BMS-4.2,,,78.4,False
BAT-2W-106007,2W_2.1kWh,Cellora,CE-2306,2023-06-06,2023-06-24,2.1,32969,98.7,BMS-4.2,,,79.6,False
BAT-3W-106008,3W_4.8kWh,Amptek,AM-2502,2025-01-10,2025-02-23,4.8,65852,99.7,BMS-4.2,,,87.5,False
BAT-2W-106009,2W_2.1kWh,Kyron,KY-2409,2024-08-12,2024-09-27,2.1,30360,99.0,BMS-4.0,2025-06-15,end_of_life,60.5,False
BAT-2W-106010,2W_2.1kWh,Cellora,CE-2412,2024-11-10,2024-12-24,2.1,30738,99.2,BMS-4.0,,,80.0,False
BAT-2W-106011,2W_2.1kWh,Cellora,CE-2410,2024-09-11,2024-10-12,2.1,33113,99.5,BMS-4.0,,,80.2,False
BAT-2W-106012,2W_2.1kWh,Kyron,KY-2407,2024-11-08,2024-11-19,2.1,32902,99.0,BMS-4.0,2025-06-15,end_of_life,59.0,False
BAT-2W-106013,2W_2.1kWh,Cellora,CE-2304,2023-03-24,2023-04-24,2.1,32721,99.6,BMS-4.2,,,81.1,False
BAT-2W-106014,2W_2.1kWh,Kyron,KY-2408,2024-09-10,2024-10-17,2.1,32240,99.5,BMS-4.0,2025-06-15,end_of_life,60.6,False
BAT-2W-106015,2W_2.1kWh,Cellora,CE-2503,2025-03-06,2025-03-24,2.1,30867,99.9,BMS-4.1,,,80.0,False
BAT-2W-106016,2W_2.1kWh,Cellora,CE-2504,2025-04-15,2025-04-27,2.1,31362,99.2,BMS-4.0,,,77.9,False
BAT-2W-106017,2W_2.1kWh,Cellora,CE-2306,2023-05-20,2023-06-09,2.1,31560,99.7,BMS-4.2,,,80.3,False
BAT-2W-106018,2W_2.1kWh,Kyron,KY-2407,2024-08-25,2024-09-19,2.1,31979,99.1,BMS-4.2,2025-06-15,end_of_life,58.3,False
BAT-2W-106019,2W_2.1kWh,Cellora,CE-2307,2023-07-04,2023-07-22,2.1,30543,99.3,BMS-4.0,,,79.7,False
BAT-2W-106020,2W_2.1kWh,Cellora,CE-2306,2023-04-27,2023-06-03,2.1,33030,99.3,BMS-4.1,,,79.7,False
BAT-2W-106021,2W_2.1kWh,Cellora,CE-2306,2023-05-05,2023-06-15,2.1,30930,98.5,BMS-4.1,,,79.6,False
BAT-2W-106022,2W_2.1kWh,Amptek,AM-2409,2024-08-18,2024-09-15,2.1,33014,99.6,BMS-4.0,,,80.4,False
BAT-2W-106023,2W_2.1kWh,Cellora,CE-2502,2025-01-12,2025-02-21,2.1,30371,99.7,BMS-4.0,,,81.2,False
BAT-2W-106024,2W_2.1kWh,Cellora,CE-2411,2024-10-06,2024-11-07,2.1,31378,99.4,BMS-4.1,,,80.6,False
BAT-2W-106025,2W_2.1kWh,Cellora,CE-2304,2023-02-23,2023-04-03,2.1,31138,99.4,BMS-4.0,,,78.8,False
BAT-3W-106026,3W_4.8kWh,Kyron,KY-2417,2025-03-17,2025-05-10,4.8,68748,99.9,BMS-4.1,,,86.4,False
BAT-2W-106027,2W_2.1kWh,Amptek,AM-2501,2024-12-15,2025-01-21,2.1,32883,99.0,BMS-4.0,,,79.0,False
BAT-2W-106028,2W_2.1kWh,Cellora,CE-2305,2023-04-26,2023-05-21,2.1,31294,98.6,BMS-4.2,,,79.3,False
BAT-2W-106029,2W_2.1kWh,Kyron,KY-2409,2024-10-04,2024-11-11,2.1,31075,99.8,BMS-4.0,2025-06-15,end_of_life,59.2,False
BAT-2W-106030,2W_2.1kWh,Kyron,KY-2409,2024-09-26,2024-11-07,2.1,30785,99.4,BMS-4.1,2025-06-15,end_of_life,59.3,False
BAT-2W-106031,2W_2.1kWh,Kyron,KY-2409,2024-10-01,2024-11-19,2.1,32167,99.3,BMS-4.1,2025-06-15,end_of_life,60.6,False
BAT-3W-106032,3W_4.8kWh,Kyron,KY-2416,2025-04-06,2025-04-30,4.8,68843,99.0,BMS-4.0,,,86.7,False
BAT-2W-106033,2W_2.1kWh,Kyron,KY-2409,2024-11-10,2024-11-23,2.1,31184,99.3,BMS-4.2,2025-06-15,end_of_life,60.4,False
BAT-2W-106034,2W_2.1kWh,Kyron,KY-2409,2024-09-05,2024-10-24,2.1,33366,99.5,BMS-4.2,2025-06-15,end_of_life,61.2,False
BAT-2W-106035,2W_2.1kWh,Cellora,CE-2308,2023-06-11,2023-08-02,2.1,31230,99.2,BMS-4.2,,,79.2,False
BAT-2W-106036,2W_2.1kWh,Cellora,CE-2401,2024-01-03,2024-01-29,2.1,31312,99.8,BMS-4.0,,,79.5,False
BAT-2W-106037,2W_2.1kWh,Cellora,CE-2309,2023-08-08,2023-09-17,2.1,31516,99.2,BMS-4.1,,,80.1,False
BAT-2W-106038,2W_2.1kWh,Kyron,KY-2407,2024-08-23,2024-10-06,2.1,32249,98.9,BMS-4.0,2025-06-15,end_of_life,57.7,False
BAT-2W-106039,2W_2.1kWh,Cellora,CE-2407,2024-06-12,2024-07-29,2.1,30468,99.8,BMS-4.2,,,81.5,False
BAT-3W-106040,3W_4.8kWh,Cellora,CE-2410,2024-08-25,2024-10-03,4.8,68629,99.5,BMS-4.2,,,86.7,False
BAT-2W-106041,2W_2.1kWh,Kyron,KY-2409,2024-08-24,2024-09-26,2.1,33192,99.6,BMS-4.0,2025-06-15,end_of_life,61.4,False
BAT-3W-106042,3W_4.8kWh,Cellora,CE-2404,2024-03-15,2024-04-18,4.8,72106,98.6,BMS-4.2,,,86.9,False
BAT-2W-106043,2W_2.1kWh,Kyron,KY-2408,2024-09-15,2024-10-14,2.1,32910,99.3,BMS-4.1,2025-06-15,end_of_life,58.9,False
BAT-2W-106044,2W_2.1kWh,Cellora,CE-2310,2023-09-02,2023-10-13,2.1,33343,99.8,BMS-4.2,,,81.6,False
BAT-3W-106045,3W_4.8kWh,Amptek,AM-2501,2024-12-01,2025-01-12,4.8,67751,99.3,BMS-4.2,,,87.3,False
BAT-3W-106046,3W_4.8kWh,Amptek,AM-2410,2024-09-11,2024-10-16,4.8,66320,99.2,BMS-4.2,,,86.2,False
BAT-2W-106047,2W_2.1kWh,Cellora,CE-2401,2023-12-29,2024-01-12,2.1,31917,99.7,BMS-4.2,,,78.5,False
BAT-3W-106048,3W_4.8kWh,Cellora,CE-2308,2023-07-04,2023-08-05,4.8,65236,99.6,BMS-4.2,,,86.7,False
BAT-2W-106049,2W_2.1kWh,Cellora,CE-2311,2023-10-08,2023-11-12,2.1,31391,99.3,BMS-4.1,,,79.8,False
BAT-2W-106050,2W_2.1kWh,Kyron,KY-2408,2024-10-01,2024-11-05,2.1,30612,98.5,BMS-4.1,2025-06-15,end_of_life,60.2,False
BAT-2W-106051,2W_2.1kWh,Cellora,CE-2412,2024-11-17,2024-12-09,2.1,31802,99.1,BMS-4.1,,,79.3,False
BAT-2W-106052,2W_2.1kWh,Cellora,CE-2411,2024-10-25,2024-11-26,2.1,32327,99.0,BMS-4.2,,,82.2,False
BAT-2W-106053,2W_2.1kWh,Cellora,CE-2306,2023-05-04,2023-06-15,2.1,30543,99.0,BMS-4.1,,,80.0,False
BAT-2W-106054,2W_2.1kWh,Cellora,CE-2303,2023-01-27,2023-03-07,2.1,32301,99.6,BMS-4.0,,,80.2,False
BAT-2W-106055,2W_2.1kWh,Cellora,CE-2303,2023-03-03,2023-03-23,2.1,33705,99.9,BMS-4.1,,,81.5,False
BAT-2W-106056,2W_2.1kWh,Cellora,CE-2505,2025-05-07,2025-05-21,2.1,33146,98.8,BMS-4.2,,,79.5,False
BAT-2W-106057,2W_2.1kWh,Cellora,CE-2308,2023-06-24,2023-08-18,2.1,32221,99.3,BMS-4.2,,,79.3,False
BAT-2W-106058,2W_2.1kWh,Kyron,KY-2407,2024-11-08,2024-11-28,2.1,32024,98.9,BMS-4.1,2025-06-15,end_of_life,60.7,False
BAT-2W-106059,2W_2.1kWh,Cellora,CE-2504,2025-03-24,2025-04-03,2.1,31544,98.9,BMS-4.2,,,78.6,False
BAT-2W-106060,2W_2.1kWh,Cellora,CE-2305,2023-03-30,2023-05-13,2.1,31496,99.5,BMS-4.2,,,79.5,False
BAT-2W-106061,2W_2.1kWh,Cellora,CE-2407,2024-05-14,2024-07-05,2.1,32555,98.9,BMS-4.1,,,81.5,False
BAT-2W-106062,2W_2.1kWh,Kyron,KY-2409,2024-09-11,2024-10-17,2.1,28939,99.7,BMS-4.1,2025-06-15,end_of_life,58.8,False
BAT-3W-106063,3W_4.8kWh,Cellora,CE-2309,2023-09-03,2023-09-23,4.8,67415,99.7,BMS-4.2,,,85.8,False
BAT-2W-106064,2W_2.1kWh,Cellora,CE-2305,2023-03-22,2023-05-13,2.1,32164,99.0,BMS-4.1,,,78.6,False
BAT-2W-106065,2W_2.1kWh,Amptek,AM-2410,2024-08-21,2024-10-14,2.1,31031,99.3,BMS-4.0,,,80.1,False
BAT-2W-106066,2W_2.1kWh,Cellora,CE-2403,2024-02-04,2024-03-13,2.1,32301,99.4,BMS-4.0,,,79.5,False
BAT-3W-106067,3W_4.8kWh,Amptek,AM-2412,2024-11-25,2024-12-15,4.8,64439,98.5,BMS-4.0,,,86.0,False
BAT-2W-106068,2W_2.1kWh,Kyron,KY-2409,2024-08-23,2024-09-10,2.1,30477,99.3,BMS-4.1,2025-06-15,end_of_life,59.4,False
BAT-3W-106069,3W_4.8kWh,Cellora,CE-2410,2024-09-18,2024-10-15,4.8,64316,99.4,BMS-4.1,,,87.3,False
BAT-2W-106070,2W_2.1kWh,Amptek,AM-2404,2024-03-10,2024-04-11,2.1,31328,98.8,BMS-4.2,,,80.4,False
BAT-3W-106071,3W_4.8kWh,Amptek,AM-2412,2024-11-11,2024-12-17,4.8,74178,100.0,BMS-4.1,,,87.7,False
BAT-2W-106072,2W_2.1kWh,Amptek,AM-2406,2024-05-20,2024-06-30,2.1,34254,99.8,BMS-4.2,,,79.3,False
BAT-3W-106073,3W_4.8kWh,Cellora,CE-2407,2024-06-11,2024-07-10,4.8,70001,99.3,BMS-4.2,,,87.0,False
BAT-3W-106074,3W_4.8kWh,Amptek,AM-2504,2025-03-08,2025-04-03,4.8,70987,99.6,BMS-4.2,,,86.4,False
BAT-2W-106075,2W_2.1kWh,Cellora,CE-2412,2024-11-16,2024-12-25,2.1,31333,99.3,BMS-4.2,,,79.7,False
BAT-2W-106076,2W_2.1kWh,Amptek,AM-2501,2024-12-14,2025-01-01,2.1,31487,98.7,BMS-4.1,,,80.0,False
BAT-3W-106077,3W_4.8kWh,Cellora,CE-2409,2024-08-05,2024-09-04,4.8,67287,98.6,BMS-4.2,,,85.7,False
BAT-3W-106078,3W_4.8kWh,Cellora,CE-2409,2024-08-29,2024-09-17,4.8,66373,99.2,BMS-4.0,,,86.5,False
BAT-3W-106079,3W_4.8kWh,Cellora,CE-2411,2024-09-24,2024-11-01,4.8,66584,98.9,BMS-4.0,,,86.4,False
BAT-2W-106080,2W_2.1kWh,Cellora,CE-2303,2023-02-03,2023-03-10,2.1,32000,98.8,BMS-4.0,,,78.7,False
BAT-2W-106081,2W_2.1kWh,Cellora,CE-2402,2023-12-30,2024-02-16,2.1,34084,99.9,BMS-4.0,,,80.9,False
BAT-2W-106082,2W_2.1kWh,Cellora,CE-2310,2023-09-18,2023-10-09,2.1,32162,100.0,BMS-4.2,,,81.2,False
BAT-2W-106083,2W_2.1kWh,Cellora,CE-2503,2025-01-21,2025-03-16,2.1,31079,99.2,BMS-4.2,,,78.4,False
BAT-2W-106084,2W_2.1kWh,Cellora,CE-2405,2024-04-22,2024-05-07,2.1,34762,99.1,BMS-4.0,,,80.7,False
BAT-2W-106085,2W_2.1kWh,Amptek,AM-2408,2024-08-11,2024-08-23,2.1,29370,99.2,BMS-4.1,,,79.5,False
BAT-2W-106086,2W_2.1kWh,Kyron,KY-2407,2024-10-07,2024-11-21,2.1,33374,99.2,BMS-4.0,2025-06-15,end_of_life,58.2,False
BAT-2W-106087,2W_2.1kWh,Cellora,CE-2503,2025-02-24,2025-03-09,2.1,31090,98.8,BMS-4.2,,,79.4,False
BAT-2W-106088,2W_2.1kWh,Amptek,AM-2503,2025-02-05,2025-03-05,2.1,31470,99.0,BMS-4.0,,,81.1,False
BAT-2W-106089,2W_2.1kWh,Amptek,AM-2506,2025-05-02,2025-06-09,2.1,31751,99.1,BMS-4.0,,,78.6,False
BAT-2W-106090,2W_2.1kWh,Cellora,CE-2407,2024-05-25,2024-07-18,2.1,31319,99.1,BMS-4.0,,,80.9,False
BAT-2W-106091,2W_2.1kWh,Kyron,KY-2409,2024-10-01,2024-11-17,2.1,29519,99.2,BMS-4.1,2025-06-15,end_of_life,61.6,False
BAT-2W-106092,2W_2.1kWh,Kyron,KY-2409,2024-10-25,2024-11-25,2.1,31296,99.3,BMS-4.2,2025-06-15,end_of_life,63.3,False
BAT-2W-106093,2W_2.1kWh,Kyron,KY-2408,2024-08-15,2024-09-11,2.1,33001,99.2,BMS-4.0,2025-06-15,end_of_life,62.5,False
BAT-2W-106094,2W_2.1kWh,Kyron,KY-2408,2024-09-08,2024-10-26,2.1,31653,99.5,BMS-4.0,2025-06-15,end_of_life,61.5,False
BAT-3W-106095,3W_4.8kWh,Amptek,AM-2403,2024-01-30,2024-03-03,4.8,70798,99.4,BMS-4.0,,,86.5,False
BAT-2W-106096,2W_2.1kWh,Cellora,CE-2405,2024-04-12,2024-05-25,2.1,31583,99.7,BMS-4.2,,,80.4,False
BAT-2W-106097,2W_2.1kWh,Kyron,KY-2409,2024-10-20,2024-11-12,2.1,32112,100.0,BMS-4.2,2025-06-15,end_of_life,60.4,False
BAT-2W-106098,2W_2.1kWh,Cellora,CE-2505,2025-05-08,2025-05-27,2.1,30270,99.2,BMS-4.2,,,79.9,False
BAT-3W-106099,3W_4.8kWh,Kyron,KY-2408,2024-07-08,2024-08-08,4.8,69624,99.2,BMS-4.0,,,70.5,False
BAT-2W-106100,2W_2.1kWh,Kyron,KY-2408,2024-10-27,2024-11-27,2.1,35245,99.4,BMS-4.2,2025-06-15,end_of_life,62.7,False
BAT-2W-106101,2W_2.1kWh,Kyron,KY-2407,2024-08-27,2024-09-18,2.1,34191,99.7,BMS-4.0,2025-06-15,end_of_life,61.0,False
BAT-2W-106102,2W_2.1kWh,Kyron,KY-2409,2024-08-14,2024-09-18,2.1,32685,99.2,BMS-4.2,2025-06-15,end_of_life,55.5,False
BAT-3W-106103,3W_4.8kWh,Kyron,KY-2418,2025-05-04,2025-06-07,4.8,65419,98.5,BMS-4.2,,,85.6,False
BAT-2W-106104,2W_2.1kWh,Cellora,CE-2501,2024-11-18,2025-01-02,2.1,31902,99.0,BMS-4.1,,,79.0,False
BAT-2W-106105,2W_2.1kWh,Cellora,CE-2303,2023-01-25,2023-03-13,2.1,33616,99.8,BMS-4.0,,,80.3,False
BAT-2W-106106,2W_2.1kWh,Cellora,CE-2409,2024-08-08,2024-09-26,2.1,30107,98.7,BMS-4.2,,,77.9,False
BAT-2W-106107,2W_2.1kWh,Cellora,CE-2312,2023-11-19,2023-12-05,2.1,32868,99.8,BMS-4.1,,,79.9,False
BAT-2W-106108,2W_2.1kWh,Amptek,AM-2403,2024-02-11,2024-03-26,2.1,33635,98.5,BMS-4.0,,,80.0,False
BAT-2W-106109,2W_2.1kWh,Kyron,KY-2407,2024-10-13,2024-11-14,2.1,33035,99.2,BMS-4.2,2025-06-15,end_of_life,62.2,False
BAT-2W-106110,2W_2.1kWh,Kyron,KY-2408,2024-11-08,2024-11-20,2.1,30855,98.7,BMS-4.2,2025-06-15,end_of_life,62.0,False
BAT-2W-106111,2W_2.1kWh,Amptek,AM-2403,2024-02-22,2024-03-20,2.1,32495,98.7,BMS-4.1,,,79.2,False
BAT-2W-106112,2W_2.1kWh,Cellora,CE-2305,2023-04-04,2023-05-06,2.1,30567,99.0,BMS-4.1,,,79.6,False
BAT-2W-106113,2W_2.1kWh,Cellora,CE-2404,2024-03-23,2024-04-24,2.1,31567,99.9,BMS-4.0,,,80.6,False
BAT-2W-106114,2W_2.1kWh,Cellora,CE-2504,2025-03-21,2025-04-11,2.1,33233,99.0,BMS-4.2,,,80.1,False
BAT-2W-106115,2W_2.1kWh,Amptek,AM-2408,2024-07-02,2024-08-21,2.1,32071,99.3,BMS-4.2,,,78.7,False
BAT-2W-106116,2W_2.1kWh,Kyron,KY-2407,2024-10-12,2024-11-03,2.1,30847,98.9,BMS-4.1,2025-06-15,end_of_life,59.9,False
BAT-2W-106117,2W_2.1kWh,Cellora,CE-2310,2023-09-25,2023-10-21,2.1,33843,99.1,BMS-4.1,,,79.4,False
BAT-2W-106118,2W_2.1kWh,Cellora,CE-2307,2023-06-14,2023-07-30,2.1,32348,98.9,BMS-4.2,,,79.2,False
BAT-2W-106119,2W_2.1kWh,Amptek,AM-2410,2024-09-11,2024-10-15,2.1,31744,99.2,BMS-4.2,,,79.6,False
BAT-2W-106120,2W_2.1kWh,Amptek,AM-2504,2025-04-15,2025-04-29,2.1,32312,99.6,BMS-4.1,,,79.6,False
BAT-2W-106121,2W_2.1kWh,Kyron,KY-2407,2024-09-07,2024-09-24,2.1,30878,99.0,BMS-4.0,2025-06-15,end_of_life,61.3,False
BAT-3W-106122,3W_4.8kWh,Cellora,CE-2303,2023-03-02,2023-03-12,4.8,66422,98.5,BMS-4.2,,,86.1,False
BAT-2W-106123,2W_2.1kWh,Cellora,CE-2312,2023-11-09,2023-12-27,2.1,32277,99.4,BMS-4.1,,,79.8,False
BAT-2W-106124,2W_2.1kWh,Cellora,CE-2408,2024-07-07,2024-08-17,2.1,32134,99.4,BMS-4.2,,,80.8,False
BAT-3W-106125,3W_4.8kWh,Amptek,AM-2404,2024-03-16,2024-04-14,4.8,68010,99.1,BMS-4.0,,,86.3,False
BAT-2W-106126,2W_2.1kWh,Cellora,CE-2309,2023-09-04,2023-09-15,2.1,32589,99.3,BMS-4.2,,,79.2,False
BAT-2W-106127,2W_2.1kWh,Cellora,CE-2405,2024-05-11,2024-05-28,2.1,31982,98.6,BMS-4.2,,,79.9,False
BAT-2W-106128,2W_2.1kWh,Cellora,CE-2503,2025-02-09,2025-03-30,2.1,31306,99.0,BMS-4.1,,,79.3,False
BAT-2W-106129,2W_2.1kWh,Cellora,CE-2308,2023-07-30,2023-08-17,2.1,32001,99.1,BMS-4.1,,,79.5,False
BAT-2W-106130,2W_2.1kWh,Amptek,AM-2407,2024-06-20,2024-07-25,2.1,30911,99.3,BMS-4.0,,,78.8,False
BAT-2W-106131,2W_2.1kWh,Cellora,CE-2305,2023-03-22,2023-05-03,2.1,32200,98.6,BMS-4.0,,,81.0,False
BAT-2W-106132,2W_2.1kWh,Kyron,KY-2407,2024-08-28,2024-09-23,2.1,31500,99.1,BMS-4.2,2025-06-15,end_of_life,59.6,False
BAT-2W-106133,2W_2.1kWh,Cellora,CE-2304,2023-03-03,2023-04-03,2.1,31387,99.3,BMS-4.2,,,80.6,False
BAT-2W-106134,2W_2.1kWh,Cellora,CE-2312,2023-11-19,2023-12-28,2.1,33583,99.2,BMS-4.0,,,79.4,False
BAT-2W-106135,2W_2.1kWh,Kyron,KY-2408,2024-09-09,2024-10-25,2.1,31347,99.5,BMS-4.2,2025-06-15,end_of_life,61.0,False
BAT-2W-106136,2W_2.1kWh,Kyron,KY-2408,2024-10-10,2024-11-26,2.1,29563,98.9,BMS-4.0,2025-06-15,end_of_life,58.6,False
BAT-3W-106137,3W_4.8kWh,Kyron,KY-2411,2024-10-07,2024-11-16,4.8,67841,98.3,BMS-4.0,,,84.5,False
BAT-2W-106138,2W_2.1kWh,Kyron,KY-2408,2024-09-07,2024-09-27,2.1,30215,99.0,BMS-4.1,2025-06-15,end_of_life,58.6,False
BAT-3W-106139,3W_4.8kWh,Cellora,CE-2504,2025-03-17,2025-04-21,4.8,69057,99.5,BMS-4.2,,,87.1,False
BAT-2W-106140,2W_2.1kWh,Cellora,CE-2307,2023-06-03,2023-07-25,2.1,29936,98.9,BMS-4.2,,,79.7,False
BAT-3W-106141,3W_4.8kWh,Kyron,KY-2415,2025-03-05,2025-03-29,4.8,67584,99.3,BMS-4.0,,,87.4,False
BAT-2W-106142,2W_2.1kWh,Kyron,KY-2409,2024-10-04,2024-11-12,2.1,33356,99.1,BMS-4.2,2025-06-15,end_of_life,60.4,False
BAT-3W-106143,3W_4.8kWh,Amptek,AM-2406,2024-05-03,2024-06-18,4.8,66871,99.8,BMS-4.2,,,87.6,False
BAT-3W-106144,3W_4.8kWh,Cellora,CE-2305,2023-03-27,2023-05-21,4.8,65359,98.8,BMS-4.0,,,86.0,False
BAT-2W-106145,2W_2.1kWh,Cellora,CE-2505,2025-04-29,2025-05-15,2.1,30603,99.0,BMS-4.1,,,79.8,False
BAT-2W-106146,2W_2.1kWh,Amptek,AM-2503,2025-03-14,2025-03-24,2.1,34045,99.2,BMS-4.0,,,80.4,False
BAT-2W-106147,2W_2.1kWh,Cellora,CE-2504,2025-03-24,2025-04-03,2.1,31677,98.7,BMS-4.2,,,78.2,False
BAT-2W-106148,2W_2.1kWh,Amptek,AM-2411,2024-10-20,2024-11-15,2.1,32783,99.5,BMS-4.1,,,81.5,False
BAT-2W-106149,2W_2.1kWh,Amptek,AM-2410,2024-09-06,2024-10-28,2.1,32221,98.9,BMS-4.1,,,79.4,False
BAT-3W-106150,3W_4.8kWh,Cellora,CE-2304,2023-03-17,2023-04-17,4.8,72826,99.8,BMS-4.0,,,87.3,False
BAT-3W-106151,3W_4.8kWh,Cellora,CE-2310,2023-08-30,2023-10-18,4.8,66799,99.5,BMS-4.2,,,86.2,False
BAT-2W-106152,2W_2.1kWh,Kyron,KY-2407,2024-09-20,2024-11-06,2.1,34131,98.6,BMS-4.1,2025-06-15,end_of_life,59.9,False
BAT-2W-106153,2W_2.1kWh,Cellora,CE-2407,2024-06-12,2024-07-11,2.1,33818,99.3,BMS-4.1,,,78.6,False
BAT-2W-106154,2W_2.1kWh,Amptek,AM-2411,2024-09-17,2024-11-01,2.1,31689,99.6,BMS-4.1,,,79.9,False
BAT-3W-106155,3W_4.8kWh,Kyron,KY-2413,2024-12-05,2025-01-24,4.8,65525,99.9,BMS-4.2,,,87.2,False
BAT-2W-106156,2W_2.1kWh,Cellora,CE-2409,2024-08-16,2024-09-20,2.1,33187,98.9,BMS-4.2,,,80.1,False
BAT-2W-106157,2W_2.1kWh,Cellora,CE-2307,2023-06-26,2023-07-26,2.1,31063,99.1,BMS-4.0,,,80.5,False
BAT-2W-106158,2W_2.1kWh,Cellora,CE-2405,2024-04-20,2024-05-07,2.1,31601,99.7,BMS-4.0,,,80.9,False
BAT-2W-106159,2W_2.1kWh,Cellora,CE-2405,2024-05-04,2024-05-30,2.1,29065,98.7,BMS-4.2,,,80.3,False
BAT-2W-106160,2W_2.1kWh,Cellora,CE-2309,2023-08-10,2023-09-30,2.1,30857,99.0,BMS-4.2,,,79.6,False
BAT-2W-106161,2W_2.1kWh,Amptek,AM-2406,2024-05-30,2024-06-14,2.1,32399,99.5,BMS-4.1,,,80.3,False
BAT-2W-106162,2W_2.1kWh,Cellora,CE-2411,2024-10-11,2024-11-06,2.1,29883,99.3,BMS-4.2,,,80.3,False
BAT-2W-106163,2W_2.1kWh,Cellora,CE-2307,2023-05-25,2023-07-06,2.1,29723,100.0,BMS-4.0,,,82.4,False
BAT-2W-106164,2W_2.1kWh,Cellora,CE-2412,2024-11-21,2024-12-15,2.1,32604,99.4,BMS-4.0,,,79.8,False
BAT-2W-106165,2W_2.1kWh,Cellora,CE-2309,2023-08-09,2023-09-11,2.1,28479,99.6,BMS-4.1,,,80.9,False
BAT-2W-106166,2W_2.1kWh,Kyron,KY-2407,2024-09-03,2024-09-13,2.1,34310,99.0,BMS-4.2,2025-06-15,end_of_life,59.4,False
BAT-2W-106167,2W_2.1kWh,Cellora,CE-2407,2024-07-07,2024-07-22,2.1,30752,98.8,BMS-4.2,,,79.1,False
BAT-2W-106168,2W_2.1kWh,Kyron,KY-2408,2024-08-16,2024-09-23,2.1,32648,99.9,BMS-4.0,2025-06-15,end_of_life,61.4,False
BAT-2W-106169,2W_2.1kWh,Cellora,CE-2403,2024-01-23,2024-03-20,2.1,33414,99.3,BMS-4.2,,,80.5,False
BAT-2W-106170,2W_2.1kWh,Kyron,KY-2408,2024-09-28,2024-10-28,2.1,30683,100.0,BMS-4.0,2025-06-15,end_of_life,64.1,False
BAT-2W-106171,2W_2.1kWh,Kyron,KY-2409,2024-09-19,2024-10-12,2.1,32274,99.6,BMS-4.0,2025-06-15,end_of_life,61.0,False
BAT-2W-106172,2W_2.1kWh,Kyron,KY-2407,2024-08-28,2024-09-29,2.1,30167,99.3,BMS-4.1,2025-06-15,end_of_life,58.8,False
BAT-2W-106173,2W_2.1kWh,Amptek,AM-2503,2025-02-10,2025-03-17,2.1,30950,98.6,BMS-4.2,,,78.1,False
BAT-3W-106174,3W_4.8kWh,Amptek,AM-2411,2024-09-29,2024-11-05,4.8,67311,99.8,BMS-4.2,,,87.0,False
BAT-2W-106175,2W_2.1kWh,Cellora,CE-2310,2023-09-03,2023-10-07,2.1,32230,99.7,BMS-4.1,,,81.0,False
BAT-2W-106176,2W_2.1kWh,Amptek,AM-2409,2024-07-24,2024-09-13,2.1,31214,98.9,BMS-4.1,,,79.2,False
BAT-2W-106177,2W_2.1kWh,Cellora,CE-2311,2023-10-10,2023-11-10,2.1,30521,99.2,BMS-4.2,,,80.7,False
BAT-2W-106178,2W_2.1kWh,Cellora,CE-2410,2024-09-15,2024-10-20,2.1,32950,99.5,BMS-4.2,,,81.0,False
BAT-2W-106179,2W_2.1kWh,Kyron,KY-2409,2024-09-22,2024-10-31,2.1,32539,98.8,BMS-4.2,2025-06-15,end_of_life,60.9,False
BAT-2W-106180,2W_2.1kWh,Amptek,AM-2407,2024-06-20,2024-07-01,2.1,30858,99.5,BMS-4.0,,,80.2,False
BAT-2W-106181,2W_2.1kWh,Kyron,KY-2409,2024-10-08,2024-11-15,2.1,30278,99.2,BMS-4.2,2025-06-15,end_of_life,59.2,False
BAT-3W-106182,3W_4.8kWh,Cellora,CE-2412,2024-10-31,2024-12-15,4.8,65594,99.9,BMS-4.0,,,86.8,False
BAT-2W-106183,2W_2.1kWh,Amptek,AM-2404,2024-03-04,2024-04-08,2.1,31979,99.5,BMS-4.1,,,79.9,False
BAT-2W-106184,2W_2.1kWh,Cellora,CE-2407,2024-06-15,2024-07-22,2.1,32029,99.4,BMS-4.1,,,79.6,False
BAT-2W-106185,2W_2.1kWh,Cellora,CE-2406,2024-06-06,2024-06-24,2.1,33464,98.7,BMS-4.0,,,81.1,False
BAT-3W-106186,3W_4.8kWh,Kyron,KY-2411,2024-10-03,2024-11-11,4.8,64473,98.9,BMS-4.2,,,87.1,False
BAT-2W-106187,2W_2.1kWh,Kyron,KY-2409,2024-11-01,2024-11-21,2.1,30535,98.9,BMS-4.0,2025-06-15,end_of_life,60.3,False
BAT-3W-106188,3W_4.8kWh,Amptek,AM-2503,2025-01-24,2025-03-09,4.8,63914,99.4,BMS-4.2,,,86.3,False
BAT-2W-106189,2W_2.1kWh,Amptek,AM-2411,2024-10-14,2024-11-17,2.1,33878,99.5,BMS-4.2,,,80.4,False
BAT-2W-106190,2W_2.1kWh,Cellora,CE-2407,2024-06-25,2024-07-23,2.1,30065,99.0,BMS-4.1,,,78.6,False
BAT-2W-106191,2W_2.1kWh,Amptek,AM-2412,2024-11-26,2024-12-14,2.1,32750,98.7,BMS-4.1,,,78.5,False
BAT-2W-106192,2W_2.1kWh,Cellora,CE-2306,2023-05-18,2023-06-03,2.1,31575,99.3,BMS-4.1,,,79.1,False
BAT-2W-106193,2W_2.1kWh,Cellora,CE-2412,2024-11-20,2024-12-26,2.1,30740,99.3,BMS-4.2,,,79.9,False
BAT-2W-106194,2W_2.1kWh,Amptek,AM-2504,2025-03-30,2025-04-18,2.1,31838,99.0,BMS-4.2,,,79.7,False
BAT-2W-106195,2W_2.1kWh,Amptek,AM-2409,2024-09-06,2024-09-19,2.1,31922,98.9,BMS-4.0,,,80.4,False
BAT-2W-106196,2W_2.1kWh,Kyron,KY-2407,2024-08-18,2024-09-19,2.1,32211,99.4,BMS-4.0,2025-06-15,end_of_life,59.9,False
BAT-2W-106197,2W_2.1kWh,Cellora,CE-2402,2024-01-26,2024-02-08,2.1,31549,98.5,BMS-4.0,,,80.1,False
BAT-2W-106198,2W_2.1kWh,Kyron,KY-2407,2024-08-29,2024-10-04,2.1,34783,99.7,BMS-4.0,2025-06-15,end_of_life,60.8,False
BAT-2W-106199,2W_2.1kWh,Cellora,CE-2407,2024-06-21,2024-07-17,2.1,31232,98.9,BMS-4.2,,,79.4,False
BAT-3W-106200,3W_4.8kWh,Amptek,AM-2410,2024-10-11,2024-10-31,4.8,66473,99.3,BMS-4.1,,,85.8,False
BAT-3W-106201,3W_4.8kWh,Cellora,CE-2405,2024-03-22,2024-05-03,4.8,70544,99.3,BMS-4.0,,,87.3,False
BAT-3W-106202,3W_4.8kWh,Amptek,AM-2403,2024-01-28,2024-03-25,4.8,67251,98.6,BMS-4.2,,,85.7,False
BAT-2W-106203,2W_2.1kWh,Kyron,KY-2408,2024-10-27,2024-11-28,2.1,32019,99.4,BMS-4.1,2025-06-15,end_of_life,63.1,False
BAT-2W-106204,2W_2.1kWh,Amptek,AM-2503,2025-01-23,2025-03-04,2.1,29274,98.6,BMS-4.2,,,77.6,False
BAT-2W-106205,2W_2.1kWh,Cellora,CE-2409,2024-08-31,2024-09-12,2.1,33425,99.3,BMS-4.1,,,80.8,False
BAT-2W-106206,2W_2.1kWh,Kyron,KY-2408,2024-09-10,2024-10-08,2.1,33858,99.6,BMS-4.2,2025-06-15,end_of_life,59.7,False
BAT-2W-106207,2W_2.1kWh,Cellora,CE-2310,2023-09-07,2023-10-17,2.1,30966,98.7,BMS-4.2,,,80.0,False
BAT-2W-106208,2W_2.1kWh,Kyron,KY-2408,2024-10-13,2024-11-12,2.1,32964,98.7,BMS-4.0,2025-06-15,end_of_life,59.0,False
BAT-2W-106209,2W_2.1kWh,Cellora,CE-2404,2024-02-17,2024-04-02,2.1,30569,98.6,BMS-4.1,,,80.3,False
BAT-2W-106210,2W_2.1kWh,Cellora,CE-2303,2023-01-25,2023-03-23,2.1,32775,99.1,BMS-4.1,,,79.8,False
BAT-2W-106211,2W_2.1kWh,Cellora,CE-2303,2023-01-28,2023-03-15,2.1,33666,99.3,BMS-4.0,,,80.2,False
BAT-2W-106212,2W_2.1kWh,Amptek,AM-2409,2024-08-29,2024-09-25,2.1,29571,99.7,BMS-4.0,,,80.1,False
BAT-2W-106213,2W_2.1kWh,Cellora,CE-2307,2023-07-02,2023-07-21,2.1,30712,99.4,BMS-4.2,,,78.6,False
BAT-2W-106214,2W_2.1kWh,Cellora,CE-2403,2024-02-13,2024-03-13,2.1,31807,99.8,BMS-4.2,,,81.4,False
BAT-2W-106215,2W_2.1kWh,Cellora,CE-2306,2023-05-27,2023-06-24,2.1,31641,99.3,BMS-4.2,,,80.7,False
BAT-2W-106216,2W_2.1kWh,Cellora,CE-2404,2024-03-20,2024-04-03,2.1,30591,99.0,BMS-4.0,,,79.6,False
BAT-2W-106217,2W_2.1kWh,Kyron,KY-2407,2024-08-13,2024-09-12,2.1,31171,98.8,BMS-4.2,2025-06-15,end_of_life,61.2,False
BAT-2W-106218,2W_2.1kWh,Amptek,AM-2405,2024-04-03,2024-05-27,2.1,30079,99.2,BMS-4.1,,,79.3,False
BAT-2W-106219,2W_2.1kWh,Cellora,CE-2312,2023-10-08,2023-12-05,2.1,30232,99.2,BMS-4.1,,,79.9,False
BAT-2W-106220,2W_2.1kWh,Cellora,CE-2304,2023-03-27,2023-04-26,2.1,30753,99.0,BMS-4.0,,,81.2,False
BAT-2W-106221,2W_2.1kWh,Amptek,AM-2411,2024-10-04,2024-11-15,2.1,33098,99.8,BMS-4.0,,,80.7,False
BAT-2W-106222,2W_2.1kWh,Cellora,CE-2404,2024-02-16,2024-04-03,2.1,35059,99.1,BMS-4.1,,,79.5,False
BAT-3W-106223,3W_4.8kWh,Kyron,KY-2407,2024-07-13,2024-07-24,4.8,74065,99.5,BMS-4.0,2025-06-15,end_of_life,67.5,False
BAT-3W-106224,3W_4.8kWh,Amptek,AM-2409,2024-09-12,2024-09-30,4.8,66324,98.8,BMS-4.1,,,86.2,False
BAT-2W-106225,2W_2.1kWh,Cellora,CE-2504,2025-03-23,2025-04-30,2.1,34671,99.7,BMS-4.1,,,79.6,False
BAT-2W-106226,2W_2.1kWh,Cellora,CE-2311,2023-10-03,2023-11-28,2.1,31354,98.7,BMS-4.2,,,79.7,False
BAT-2W-106227,2W_2.1kWh,Amptek,AM-2503,2025-01-21,2025-03-11,2.1,31421,99.4,BMS-4.0,,,79.4,False
BAT-2W-106228,2W_2.1kWh,Kyron,KY-2407,2024-10-01,2024-11-10,2.1,30494,98.8,BMS-4.1,2025-06-15,end_of_life,61.6,False
BAT-2W-106229,2W_2.1kWh,Cellora,CE-2305,2023-04-05,2023-05-03,2.1,31787,99.2,BMS-4.0,,,80.4,False
BAT-2W-106230,2W_2.1kWh,Amptek,AM-2505,2025-05-10,2025-05-23,2.1,33325,99.7,BMS-4.0,,,81.1,False
BAT-2W-106231,2W_2.1kWh,Cellora,CE-2311,2023-09-18,2023-11-14,2.1,33310,99.2,BMS-4.2,,,81.7,False
BAT-2W-106232,2W_2.1kWh,Cellora,CE-2307,2023-06-07,2023-07-23,2.1,31242,99.6,BMS-4.1,,,81.8,False
BAT-2W-106233,2W_2.1kWh,Kyron,KY-2409,2024-10-06,2024-10-20,2.1,32191,99.4,BMS-4.1,2025-06-15,end_of_life,59.9,False
BAT-2W-106234,2W_2.1kWh,Cellora,CE-2502,2024-12-15,2025-02-04,2.1,29496,99.1,BMS-4.2,,,78.9,False
BAT-2W-106235,2W_2.1kWh,Amptek,AM-2502,2025-01-23,2025-02-06,2.1,31969,98.7,BMS-4.0,,,81.5,False
BAT-2W-106236,2W_2.1kWh,Kyron,KY-2407,2024-10-03,2024-10-14,2.1,32267,99.3,BMS-4.1,2025-06-15,end_of_life,60.7,False
BAT-2W-106237,2W_2.1kWh,Cellora,CE-2409,2024-08-17,2024-09-12,2.1,30832,99.6,BMS-4.1,,,80.2,False
BAT-3W-106238,3W_4.8kWh,Cellora,CE-2502,2024-12-19,2025-02-14,4.8,71309,98.7,BMS-4.1,,,85.4,False
BAT-2W-106239,2W_2.1kWh,Cellora,CE-2502,2025-01-24,2025-02-22,2.1,30943,99.5,BMS-4.2,,,79.8,False
BAT-2W-106240,2W_2.1kWh,Cellora,CE-2405,2024-04-26,2024-05-25,2.1,33927,98.8,BMS-4.2,,,79.5,False
BAT-3W-106241,3W_4.8kWh,Cellora,CE-2503,2025-02-21,2025-03-04,4.8,65508,100.0,BMS-4.2,,,87.6,False
BAT-2W-106242,2W_2.1kWh,Cellora,CE-2412,2024-10-25,2024-12-20,2.1,31471,99.3,BMS-4.0,,,79.3,False
BAT-2W-106243,2W_2.1kWh,Amptek,AM-2502,2025-01-27,2025-02-28,2.1,32492,98.2,BMS-4.1,,,79.6,False
BAT-3W-106244,3W_4.8kWh,Cellora,CE-2303,2023-01-07,2023-03-01,4.8,63467,99.9,BMS-4.0,,,87.7,False
BAT-2W-106245,2W_2.1kWh,Amptek,AM-2411,2024-10-31,2024-11-25,2.1,30937,99.0,BMS-4.1,,,79.7,False
BAT-2W-106246,2W_2.1kWh,Kyron,KY-2409,2024-10-20,2024-11-04,2.1,31398,99.2,BMS-4.2,2025-06-15,end_of_life,59.8,False
BAT-2W-106247,2W_2.1kWh,Cellora,CE-2503,2025-01-30,2025-03-09,2.1,31200,98.9,BMS-4.1,,,79.9,False
BAT-2W-106248,2W_2.1kWh,Cellora,CE-2309,2023-08-07,2023-09-29,2.1,32683,98.7,BMS-4.0,,,79.4,False
BAT-2W-106249,2W_2.1kWh,Amptek,AM-2404,2024-03-30,2024-04-20,2.1,32089,99.3,BMS-4.2,,,79.4,False
BAT-2W-106250,2W_2.1kWh,Cellora,CE-2309,2023-08-21,2023-09-06,2.1,33127,99.4,BMS-4.1,,,80.3,False
BAT-2W-106251,2W_2.1kWh,Cellora,CE-2410,2024-09-07,2024-10-13,2.1,31151,98.7,BMS-4.1,,,79.8,False
BAT-2W-106252,2W_2.1kWh,Kyron,KY-2407,2024-10-07,2024-10-26,2.1,32038,99.4,BMS-4.1,2025-06-15,end_of_life,61.6,False
BAT-2W-106253,2W_2.1kWh,Cellora,CE-2410,2024-08-23,2024-10-02,2.1,31378,99.4,BMS-4.1,,,80.5,False
BAT-2W-106254,2W_2.1kWh,Amptek,AM-2406,2024-05-21,2024-06-18,2.1,31384,99.7,BMS-4.1,,,80.5,False
BAT-3W-106255,3W_4.8kWh,Kyron,KY-2416,2025-03-09,2025-04-04,4.8,69247,98.5,BMS-4.1,,,84.9,False
BAT-2W-106256,2W_2.1kWh,Cellora,CE-2309,2023-08-08,2023-09-26,2.1,32836,99.2,BMS-4.0,,,78.9,False
BAT-3W-106257,3W_4.8kWh,Amptek,AM-2405,2024-04-05,2024-05-12,4.8,68286,99.3,BMS-4.2,,,84.4,False
BAT-3W-106258,3W_4.8kWh,Amptek,AM-2403,2024-02-16,2024-03-24,4.8,65430,99.4,BMS-4.2,,,86.7,False
BAT-2W-106259,2W_2.1kWh,Cellora,CE-2404,2024-02-10,2024-04-03,2.1,30283,98.8,BMS-4.0,,,79.8,False
BAT-2W-106260,2W_2.1kWh,Cellora,CE-2403,2024-02-22,2024-03-29,2.1,31549,99.8,BMS-4.2,,,81.7,False
BAT-2W-106261,2W_2.1kWh,Cellora,CE-2504,2025-03-17,2025-04-16,2.1,30945,98.6,BMS-4.0,,,79.4,False
BAT-2W-106262,2W_2.1kWh,Kyron,KY-2407,2024-08-30,2024-09-27,2.1,31268,99.4,BMS-4.1,2025-06-15,end_of_life,59.3,False
BAT-2W-106263,2W_2.1kWh,Cellora,CE-2310,2023-09-03,2023-10-20,2.1,31193,99.4,BMS-4.2,,,79.6,False
BAT-2W-106264,2W_2.1kWh,Cellora,CE-2411,2024-09-25,2024-11-16,2.1,32511,98.9,BMS-4.0,,,79.4,False
BAT-3W-106265,3W_4.8kWh,Cellora,CE-2304,2023-02-21,2023-04-20,4.8,70123,99.2,BMS-4.1,,,85.6,False
BAT-2W-106266,2W_2.1kWh,Amptek,AM-2501,2024-12-01,2025-01-24,2.1,32753,99.1,BMS-4.1,,,79.2,False
BAT-2W-106267,2W_2.1kWh,Amptek,AM-2407,2024-05-05,2024-07-01,2.1,32209,98.6,BMS-4.1,,,76.6,False
BAT-2W-106268,2W_2.1kWh,Kyron,KY-2408,2024-10-10,2024-11-20,2.1,33653,100.0,BMS-4.1,2025-06-15,end_of_life,59.9,False
BAT-2W-106269,2W_2.1kWh,Kyron,KY-2408,2024-08-20,2024-09-13,2.1,31753,99.2,BMS-4.1,2025-06-15,end_of_life,59.5,False
BAT-2W-106270,2W_2.1kWh,Amptek,AM-2404,2024-02-23,2024-04-05,2.1,32398,98.7,BMS-4.2,,,79.5,False
BAT-2W-106271,2W_2.1kWh,Cellora,CE-2303,2023-03-09,2023-03-29,2.1,31804,98.8,BMS-4.1,,,79.2,False
BAT-3W-106272,3W_4.8kWh,Amptek,AM-2411,2024-09-27,2024-11-11,4.8,65271,99.0,BMS-4.2,,,86.3,False
BAT-2W-106273,2W_2.1kWh,Cellora,CE-2406,2024-05-30,2024-06-28,2.1,33609,99.4,BMS-4.0,,,80.5,False
BAT-3W-106274,3W_4.8kWh,Cellora,CE-2504,2025-02-02,2025-04-01,4.8,68822,98.7,BMS-4.2,,,85.1,False
BAT-3W-106275,3W_4.8kWh,Kyron,KY-2412,2024-11-19,2024-12-02,4.8,67647,99.3,BMS-4.0,,,85.2,False
BAT-3W-106276,3W_4.8kWh,Cellora,CE-2305,2023-04-05,2023-05-10,4.8,61695,98.7,BMS-4.0,,,86.4,False
BAT-3W-106277,3W_4.8kWh,Cellora,CE-2312,2023-12-20,2023-12-31,4.8,68879,99.1,BMS-4.2,,,85.9,False
BAT-2W-106278,2W_2.1kWh,Cellora,CE-2412,2024-10-20,2024-12-03,2.1,31934,99.1,BMS-4.0,,,80.9,False
BAT-2W-106279,2W_2.1kWh,Cellora,CE-2504,2025-03-04,2025-04-04,2.1,31651,99.4,BMS-4.2,,,80.9,False
BAT-2W-106280,2W_2.1kWh,Cellora,CE-2310,2023-09-25,2023-10-10,2.1,33387,99.3,BMS-4.1,,,79.4,False
BAT-2W-106281,2W_2.1kWh,Amptek,AM-2412,2024-10-19,2024-12-07,2.1,32480,99.4,BMS-4.1,,,80.2,False
BAT-3W-106282,3W_4.8kWh,Amptek,AM-2504,2025-03-06,2025-04-25,4.8,66485,100.0,BMS-4.2,,,86.3,False
BAT-2W-106283,2W_2.1kWh,Kyron,KY-2409,2024-08-26,2024-09-13,2.1,29740,99.2,BMS-4.1,2025-06-15,end_of_life,57.9,False
BAT-2W-106284,2W_2.1kWh,Cellora,CE-2407,2024-05-28,2024-07-15,2.1,33077,99.5,BMS-4.1,,,80.7,False
BAT-2W-106285,2W_2.1kWh,Cellora,CE-2401,2023-12-12,2024-01-30,2.1,33662,99.4,BMS-4.0,,,80.7,False
BAT-2W-106286,2W_2.1kWh,Kyron,KY-2408,2024-10-06,2024-10-29,2.1,31419,99.0,BMS-4.1,2025-06-15,end_of_life,59.4,False
BAT-3W-106287,3W_4.8kWh,Amptek,AM-2403,2024-02-09,2024-03-19,4.8,67404,99.2,BMS-4.2,,,85.8,False
BAT-2W-106288,2W_2.1kWh,Amptek,AM-2506,2025-05-28,2025-06-12,2.1,31383,100.0,BMS-4.1,,,79.8,False
BAT-2W-106289,2W_2.1kWh,Cellora,CE-2308,2023-08-05,2023-08-15,2.1,34056,99.0,BMS-4.0,,,80.3,False
BAT-2W-106290,2W_2.1kWh,Amptek,AM-2505,2025-04-17,2025-05-13,2.1,30731,98.6,BMS-4.1,,,79.4,False
BAT-2W-106291,2W_2.1kWh,Kyron,KY-2409,2024-09-11,2024-10-14,2.1,31922,99.2,BMS-4.0,2025-06-15,end_of_life,60.1,False
BAT-2W-106292,2W_2.1kWh,Kyron,KY-2408,2024-08-08,2024-09-16,2.1,31842,99.3,BMS-4.1,2025-06-15,end_of_life,61.9,False
BAT-3W-106293,3W_4.8kWh,Kyron,KY-2407,2024-07-05,2024-07-15,4.8,66419,98.8,BMS-4.0,2025-06-15,end_of_life,66.7,False
BAT-2W-106294,2W_2.1kWh,Amptek,AM-2501,2024-12-20,2025-01-28,2.1,33092,98.9,BMS-4.2,,,80.1,False
BAT-2W-106295,2W_2.1kWh,Cellora,CE-2306,2023-05-15,2023-06-25,2.1,30863,99.1,BMS-4.0,,,79.4,False
BAT-2W-106296,2W_2.1kWh,Cellora,CE-2410,2024-09-13,2024-10-02,2.1,31383,99.0,BMS-4.0,,,80.7,False
BAT-2W-106297,2W_2.1kWh,Kyron,KY-2409,2024-09-30,2024-11-13,2.1,31446,98.1,BMS-4.2,2025-06-15,end_of_life,58.2,False
BAT-3W-106298,3W_4.8kWh,Kyron,KY-2410,2024-09-02,2024-10-20,4.8,70109,99.9,BMS-4.2,,,85.9,False
BAT-2W-106299,2W_2.1kWh,Amptek,AM-2412,2024-10-18,2024-12-01,2.1,31692,99.4,BMS-4.2,,,79.1,False
BAT-2W-106300,2W_2.1kWh,Amptek,AM-2502,2025-01-06,2025-02-25,2.1,31842,98.8,BMS-4.2,,,80.3,False
BAT-3W-106301,3W_4.8kWh,Cellora,CE-2403,2024-01-14,2024-03-03,4.8,72108,99.4,BMS-4.0,,,86.4,False
BAT-3W-106302,3W_4.8kWh,Kyron,KY-2414,2024-12-31,2025-02-19,4.8,65965,99.3,BMS-4.1,,,86.7,False
BAT-2W-106303,2W_2.1kWh,Amptek,AM-2404,2024-03-16,2024-04-24,2.1,29859,99.1,BMS-4.1,,,80.5,False
BAT-2W-106304,2W_2.1kWh,Cellora,CE-2311,2023-10-12,2023-11-02,2.1,30012,98.9,BMS-4.2,,,78.5,False
BAT-2W-106305,2W_2.1kWh,Cellora,CE-2504,2025-03-19,2025-04-27,2.1,32114,99.8,BMS-4.0,,,81.4,False
BAT-2W-106306,2W_2.1kWh,Cellora,CE-2412,2024-10-25,2024-12-14,2.1,34082,99.5,BMS-4.2,,,81.6,False
BAT-2W-106307,2W_2.1kWh,Cellora,CE-2310,2023-10-02,2023-10-29,2.1,32067,98.8,BMS-4.0,,,79.1,False
BAT-2W-106308,2W_2.1kWh,Cellora,CE-2503,2025-02-07,2025-03-04,2.1,33756,99.1,BMS-4.0,,,80.2,False
BAT-2W-106309,2W_2.1kWh,Cellora,CE-2411,2024-10-02,2024-11-29,2.1,29644,99.5,BMS-4.1,,,80.0,False
BAT-2W-106310,2W_2.1kWh,Amptek,AM-2408,2024-07-08,2024-08-18,2.1,30473,100.0,BMS-4.0,,,79.9,False
BAT-2W-106311,2W_2.1kWh,Kyron,KY-2408,2024-09-24,2024-11-03,2.1,32304,99.4,BMS-4.0,2025-06-15,end_of_life,62.2,False
BAT-2W-106312,2W_2.1kWh,Kyron,KY-2407,2024-08-26,2024-09-11,2.1,32863,99.0,BMS-4.2,2025-06-15,end_of_life,58.9,False
BAT-2W-106313,2W_2.1kWh,Amptek,AM-2504,2025-03-31,2025-04-19,2.1,33238,99.0,BMS-4.2,,,80.6,False
BAT-2W-106314,2W_2.1kWh,Kyron,KY-2407,2024-09-21,2024-10-29,2.1,29216,99.6,BMS-4.1,2025-06-15,end_of_life,61.0,False
BAT-2W-106315,2W_2.1kWh,Kyron,KY-2407,2024-09-29,2024-10-30,2.1,31423,99.2,BMS-4.1,2025-06-15,end_of_life,59.4,False
BAT-2W-106316,2W_2.1kWh,Kyron,KY-2408,2024-10-01,2024-10-17,2.1,32577,99.0,BMS-4.2,2025-06-15,end_of_life,61.7,False
BAT-2W-106317,2W_2.1kWh,Cellora,CE-2401,2023-12-08,2024-01-09,2.1,32458,99.3,BMS-4.0,,,81.8,False
BAT-2W-106318,2W_2.1kWh,Amptek,AM-2408,2024-06-16,2024-08-05,2.1,30575,98.5,BMS-4.1,,,78.9,False
BAT-2W-106319,2W_2.1kWh,Amptek,AM-2409,2024-08-13,2024-09-07,2.1,32159,98.7,BMS-4.2,,,80.5,False
BAT-2W-106320,2W_2.1kWh,Cellora,CE-2502,2025-01-14,2025-02-10,2.1,31586,99.4,BMS-4.2,,,80.8,False
BAT-2W-106321,2W_2.1kWh,Kyron,KY-2409,2024-07-31,2024-09-17,2.1,32625,99.5,BMS-4.1,2025-06-15,end_of_life,61.8,False
BAT-3W-106322,3W_4.8kWh,Kyron,KY-2411,2024-10-11,2024-11-06,4.8,68807,98.9,BMS-4.2,,,86.2,False
BAT-2W-106323,2W_2.1kWh,Cellora,CE-2307,2023-06-12,2023-07-06,2.1,32655,99.4,BMS-4.1,,,79.9,False
BAT-2W-106324,2W_2.1kWh,Kyron,KY-2407,2024-10-06,2024-11-14,2.1,31419,99.1,BMS-4.1,2025-06-15,end_of_life,57.5,False
BAT-3W-106325,3W_4.8kWh,Kyron,KY-2407,2024-05-22,2024-07-03,4.8,68120,98.1,BMS-4.2,2025-06-15,end_of_life,68.2,False
BAT-2W-106326,2W_2.1kWh,Amptek,AM-2412,2024-12-12,2024-12-28,2.1,30579,99.0,BMS-4.0,,,80.0,False
BAT-2W-106327,2W_2.1kWh,Cellora,CE-2303,2023-02-27,2023-03-11,2.1,31057,99.3,BMS-4.2,,,78.5,False
BAT-2W-106328,2W_2.1kWh,Cellora,CE-2311,2023-10-03,2023-11-06,2.1,33172,99.7,BMS-4.2,,,80.5,False
BAT-2W-106329,2W_2.1kWh,Kyron,KY-2408,2024-09-06,2024-10-15,2.1,31674,99.1,BMS-4.2,2025-06-15,end_of_life,62.4,False
BAT-2W-106330,2W_2.1kWh,Cellora,CE-2412,2024-10-26,2024-12-17,2.1,32233,99.9,BMS-4.0,,,80.0,False
BAT-2W-106331,2W_2.1kWh,Kyron,KY-2409,2024-09-12,2024-09-29,2.1,32415,98.8,BMS-4.0,2025-06-15,end_of_life,57.1,False
BAT-3W-106332,3W_4.8kWh,Kyron,KY-2418,2025-04-10,2025-06-05,4.8,70023,99.2,BMS-4.1,,,85.7,False
BAT-2W-106333,2W_2.1kWh,Cellora,CE-2303,2023-02-18,2023-03-13,2.1,32976,99.2,BMS-4.2,,,80.1,False
BAT-2W-106334,2W_2.1kWh,Cellora,CE-2411,2024-10-17,2024-11-27,2.1,33150,99.4,BMS-4.0,,,79.6,False
BAT-2W-106335,2W_2.1kWh,Cellora,CE-2308,2023-08-06,2023-08-19,2.1,33102,98.6,BMS-4.0,,,79.0,False
BAT-3W-106336,3W_4.8kWh,Cellora,CE-2307,2023-06-10,2023-07-25,4.8,68011,99.2,BMS-4.2,,,85.3,False
BAT-2W-106337,2W_2.1kWh,Cellora,CE-2304,2023-02-08,2023-04-06,2.1,31680,99.1,BMS-4.0,,,79.2,False
BAT-3W-106338,3W_4.8kWh,Cellora,CE-2308,2023-06-03,2023-08-01,4.8,64702,99.1,BMS-4.1,,,86.5,False
BAT-2W-106339,2W_2.1kWh,Kyron,KY-2408,2024-09-25,2024-10-25,2.1,31097,98.4,BMS-4.0,2025-06-15,end_of_life,56.8,False
BAT-2W-106340,2W_2.1kWh,Cellora,CE-2308,2023-06-22,2023-08-09,2.1,33227,98.7,BMS-4.2,,,79.2,False
BAT-2W-106341,2W_2.1kWh,Amptek,AM-2501,2024-11-24,2025-01-08,2.1,33764,99.4,BMS-4.2,,,79.7,False
BAT-2W-106342,2W_2.1kWh,Cellora,CE-2306,2023-05-11,2023-06-05,2.1,32854,99.5,BMS-4.0,,,80.4,False
BAT-2W-106343,2W_2.1kWh,Cellora,CE-2306,2023-05-29,2023-06-12,2.1,33079,99.8,BMS-4.2,,,80.1,False
BAT-2W-106344,2W_2.1kWh,Amptek,AM-2410,2024-09-23,2024-10-23,2.1,30438,99.4,BMS-4.2,,,80.2,False
BAT-2W-106345,2W_2.1kWh,Amptek,AM-2504,2025-03-14,2025-04-15,2.1,30305,98.9,BMS-4.2,,,79.4,False
BAT-2W-106346,2W_2.1kWh,Amptek,AM-2409,2024-08-31,2024-09-21,2.1,31087,99.7,BMS-4.2,,,80.1,False
BAT-2W-106347,2W_2.1kWh,Cellora,CE-2309,2023-08-03,2023-09-10,2.1,32744,98.8,BMS-4.0,,,80.3,False
BAT-3W-106348,3W_4.8kWh,Cellora,CE-2311,2023-09-23,2023-11-02,4.8,64661,99.2,BMS-4.1,,,85.1,False
BAT-2W-106349,2W_2.1kWh,Cellora,CE-2503,2025-02-11,2025-03-06,2.1,32668,99.3,BMS-4.2,,,79.2,False
BAT-2W-106350,2W_2.1kWh,Cellora,CE-2306,2023-04-30,2023-06-28,2.1,31363,99.3,BMS-4.0,,,80.0,False
BAT-2W-106351,2W_2.1kWh,Kyron,KY-2407,2024-08-24,2024-09-27,2.1,30471,99.0,BMS-4.0,2025-06-15,end_of_life,61.1,False
BAT-2W-106352,2W_2.1kWh,Kyron,KY-2408,2024-10-12,2024-11-11,2.1,31462,100.0,BMS-4.0,2025-06-15,end_of_life,62.4,False
BAT-2W-106353,2W_2.1kWh,Amptek,AM-2411,2024-10-27,2024-11-06,2.1,32379,98.5,BMS-4.1,,,79.3,False
BAT-2W-106354,2W_2.1kWh,Cellora,CE-2312,2023-11-24,2023-12-24,2.1,32723,98.4,BMS-4.2,,,79.7,False
BAT-2W-106355,2W_2.1kWh,Cellora,CE-2408,2024-07-12,2024-08-01,2.1,30681,99.9,BMS-4.2,,,81.5,False
BAT-2W-106356,2W_2.1kWh,Amptek,AM-2406,2024-05-26,2024-06-25,2.1,31617,99.6,BMS-4.0,,,81.6,False
BAT-2W-106357,2W_2.1kWh,Cellora,CE-2308,2023-07-16,2023-08-20,2.1,32285,99.3,BMS-4.2,,,79.2,False
BAT-2W-106358,2W_2.1kWh,Kyron,KY-2407,2024-09-29,2024-10-29,2.1,31730,98.8,BMS-4.1,2025-06-15,end_of_life,60.6,False
BAT-2W-106359,2W_2.1kWh,Cellora,CE-2410,2024-08-09,2024-10-07,2.1,32818,99.1,BMS-4.0,,,79.8,False
BAT-2W-106360,2W_2.1kWh,Kyron,KY-2408,2024-10-04,2024-10-23,2.1,31445,99.1,BMS-4.2,2025-06-15,end_of_life,57.8,False
BAT-2W-106361,2W_2.1kWh,Amptek,AM-2411,2024-11-09,2024-11-27,2.1,30667,99.2,BMS-4.0,,,78.6,False
BAT-2W-106362,2W_2.1kWh,Kyron,KY-2409,2024-10-24,2024-11-04,2.1,29243,100.0,BMS-4.2,2025-06-15,end_of_life,61.6,False
BAT-2W-106363,2W_2.1kWh,Cellora,CE-2306,2023-04-13,2023-06-06,2.1,30877,98.9,BMS-4.2,,,79.2,False
BAT-2W-106364,2W_2.1kWh,Amptek,AM-2503,2025-01-30,2025-03-11,2.1,34256,99.0,BMS-4.0,,,80.0,False
BAT-2W-106365,2W_2.1kWh,Amptek,AM-2407,2024-07-13,2024-07-23,2.1,31754,99.0,BMS-4.0,,,79.7,False
BAT-2W-106366,2W_2.1kWh,Amptek,AM-2408,2024-08-01,2024-08-30,2.1,34372,98.7,BMS-4.2,,,78.7,False
BAT-2W-106367,2W_2.1kWh,Kyron,KY-2409,2024-09-05,2024-09-25,2.1,31414,99.7,BMS-4.1,2025-06-15,end_of_life,59.3,False
BAT-2W-106368,2W_2.1kWh,Cellora,CE-2406,2024-05-11,2024-06-11,2.1,33086,99.5,BMS-4.2,,,81.2,False
BAT-3W-106369,3W_4.8kWh,Cellora,CE-2410,2024-08-14,2024-10-02,4.8,69178,99.5,BMS-4.2,,,86.7,False
BAT-2W-106370,2W_2.1kWh,Amptek,AM-2504,2025-03-13,2025-04-13,2.1,32052,99.3,BMS-4.1,,,79.0,False
BAT-2W-106371,2W_2.1kWh,Amptek,AM-2409,2024-08-07,2024-09-27,2.1,31232,99.5,BMS-4.2,,,82.2,False
BAT-2W-106372,2W_2.1kWh,Kyron,KY-2407,2024-08-09,2024-09-13,2.1,30813,99.5,BMS-4.1,2025-06-15,end_of_life,61.4,False
BAT-2W-106373,2W_2.1kWh,Cellora,CE-2310,2023-09-09,2023-10-21,2.1,31212,98.6,BMS-4.1,,,78.4,False
BAT-2W-106374,2W_2.1kWh,Cellora,CE-2405,2024-04-23,2024-05-28,2.1,31744,99.0,BMS-4.2,,,79.5,False
BAT-3W-106375,3W_4.8kWh,Amptek,AM-2505,2025-04-02,2025-05-20,4.8,64171,99.4,BMS-4.2,,,87.9,False
BAT-2W-106376,2W_2.1kWh,Amptek,AM-2503,2025-02-28,2025-03-19,2.1,32650,99.3,BMS-4.0,,,79.1,False
BAT-2W-106377,2W_2.1kWh,Cellora,CE-2402,2024-01-17,2024-02-22,2.1,29816,98.8,BMS-4.1,,,79.7,False
BAT-2W-106378,2W_2.1kWh,Kyron,KY-2408,2024-11-04,2024-11-30,2.1,34387,99.0,BMS-4.2,2025-06-15,end_of_life,61.0,False
BAT-2W-106379,2W_2.1kWh,Kyron,KY-2409,2024-09-04,2024-10-19,2.1,31005,99.1,BMS-4.2,2025-06-15,end_of_life,61.6,False
BAT-2W-106380,2W_2.1kWh,Kyron,KY-2408,2024-10-28,2024-11-13,2.1,31883,100.0,BMS-4.1,2025-06-15,end_of_life,60.2,False
BAT-3W-106381,3W_4.8kWh,Cellora,CE-2504,2025-02-12,2025-04-03,4.8,69967,99.1,BMS-4.1,,,86.6,False
BAT-3W-106382,3W_4.8kWh,Cellora,CE-2410,2024-09-05,2024-10-16,4.8,72599,98.8,BMS-4.1,,,85.4,False
BAT-2W-106383,2W_2.1kWh,Kyron,KY-2408,2024-09-20,2024-10-22,2.1,31773,98.4,BMS-4.2,2025-06-15,end_of_life,61.5,False
BAT-3W-106384,3W_4.8kWh,Cellora,CE-2504,2025-03-19,2025-04-05,4.8,65441,99.0,BMS-4.2,,,86.3,False
BAT-2W-106385,2W_2.1kWh,Kyron,KY-2407,2024-10-29,2024-11-17,2.1,31694,99.3,BMS-4.0,2025-06-15,end_of_life,60.5,False
BAT-2W-106386,2W_2.1kWh,Cellora,CE-2504,2025-03-06,2025-04-05,2.1,33018,98.6,BMS-4.1,,,80.4,False
BAT-2W-106387,2W_2.1kWh,Cellora,CE-2310,2023-10-06,2023-10-31,2.1,30665,99.2,BMS-4.0,,,79.2,False
BAT-2W-106388,2W_2.1kWh,Cellora,CE-2504,2025-03-24,2025-04-09,2.1,32738,99.4,BMS-4.1,,,79.4,False
BAT-3W-106389,3W_4.8kWh,Cellora,CE-2403,2024-03-01,2024-03-11,4.8,64297,98.8,BMS-4.2,,,86.2,False
BAT-2W-106390,2W_2.1kWh,Cellora,CE-2401,2023-11-15,2024-01-04,2.1,32036,99.0,BMS-4.2,,,80.4,False
BAT-3W-106391,3W_4.8kWh,Amptek,AM-2504,2025-04-05,2025-04-30,4.8,67079,99.1,BMS-4.0,,,86.3,False
BAT-2W-106392,2W_2.1kWh,Kyron,KY-2407,2024-10-27,2024-11-12,2.1,32370,99.0,BMS-4.0,2025-06-15,end_of_life,59.1,False
BAT-3W-106393,3W_4.8kWh,Kyron,KY-2411,2024-10-19,2024-11-03,4.8,72719,99.3,BMS-4.2,,,87.3,False
BAT-2W-106394,2W_2.1kWh,Amptek,AM-2412,2024-11-02,2024-12-09,2.1,31056,99.3,BMS-4.0,,,78.6,False
BAT-2W-106395,2W_2.1kWh,Kyron,KY-2409,2024-10-08,2024-10-20,2.1,32298,99.4,BMS-4.0,2025-06-15,end_of_life,63.1,False
BAT-2W-106396,2W_2.1kWh,Cellora,CE-2503,2025-02-06,2025-03-11,2.1,32114,98.8,BMS-4.2,,,79.7,False
BAT-2W-106397,2W_2.1kWh,Amptek,AM-2411,2024-09-28,2024-11-26,2.1,30490,99.6,BMS-4.1,,,78.9,False
BAT-3W-106398,3W_4.8kWh,Cellora,CE-2309,2023-09-04,2023-09-16,4.8,65050,98.9,BMS-4.0,,,86.7,False
BAT-2W-106399,2W_2.1kWh,Amptek,AM-2503,2025-01-28,2025-03-09,2.1,30187,99.1,BMS-4.1,,,80.7,False
BAT-2W-106400,2W_2.1kWh,Cellora,CE-2410,2024-08-27,2024-10-03,2.1,31441,98.9,BMS-4.2,,,79.5,False
BAT-2W-106401,2W_2.1kWh,Cellora,CE-2311,2023-09-23,2023-11-14,2.1,32594,98.6,BMS-4.0,,,78.7,False
BAT-3W-106402,3W_4.8kWh,Amptek,AM-2409,2024-08-21,2024-09-28,4.8,69042,99.1,BMS-4.2,,,86.3,False
BAT-2W-106403,2W_2.1kWh,Kyron,KY-2408,2024-08-19,2024-10-06,2.1,32552,99.4,BMS-4.1,2025-06-15,end_of_life,60.9,False
BAT-2W-106404,2W_2.1kWh,Amptek,AM-2410,2024-08-24,2024-10-07,2.1,32205,98.9,BMS-4.2,,,79.8,False
BAT-2W-106405,2W_2.1kWh,Kyron,KY-2408,2024-09-25,2024-10-18,2.1,31531,99.0,BMS-4.1,2025-06-15,end_of_life,58.3,False
BAT-2W-106406,2W_2.1kWh,Amptek,AM-2408,2024-07-13,2024-08-06,2.1,31126,99.1,BMS-4.1,,,79.7,False
BAT-2W-106407,2W_2.1kWh,Amptek,AM-2408,2024-06-30,2024-08-18,2.1,32976,99.2,BMS-4.2,,,80.6,False
BAT-3W-106408,3W_4.8kWh,Amptek,AM-2409,2024-07-12,2024-09-07,4.8,68547,99.4,BMS-4.0,,,87.4,False
BAT-2W-106409,2W_2.1kWh,Cellora,CE-2504,2025-04-03,2025-04-18,2.1,32338,99.2,BMS-4.2,,,79.6,False
BAT-3W-106410,3W_4.8kWh,Cellora,CE-2304,2023-03-13,2023-04-10,4.8,69164,99.6,BMS-4.1,,,87.7,False
BAT-2W-106411,2W_2.1kWh,Cellora,CE-2307,2023-06-19,2023-07-12,2.1,32593,99.5,BMS-4.1,,,80.7,False
BAT-2W-106412,2W_2.1kWh,Kyron,KY-2409,2024-10-11,2024-11-10,2.1,32397,99.3,BMS-4.0,2025-06-15,end_of_life,59.6,False
BAT-2W-106413,2W_2.1kWh,Cellora,CE-2406,2024-05-20,2024-06-20,2.1,31956,99.4,BMS-4.2,,,79.9,False
BAT-2W-106414,2W_2.1kWh,Cellora,CE-2503,2025-02-04,2025-03-13,2.1,32736,99.1,BMS-4.2,,,81.4,False
BAT-2W-106415,2W_2.1kWh,Amptek,AM-2409,2024-09-05,2024-09-17,2.1,30666,99.7,BMS-4.1,,,79.7,False
BAT-2W-106416,2W_2.1kWh,Cellora,CE-2308,2023-07-10,2023-08-05,2.1,30276,98.8,BMS-4.2,,,80.7,False
BAT-2W-106417,2W_2.1kWh,Kyron,KY-2408,2024-09-13,2024-10-20,2.1,31369,99.0,BMS-4.0,2025-06-15,end_of_life,59.1,False
BAT-2W-106418,2W_2.1kWh,Kyron,KY-2407,2024-08-21,2024-09-12,2.1,32468,99.2,BMS-4.1,2025-06-15,end_of_life,56.0,False
BAT-2W-106419,2W_2.1kWh,Amptek,AM-2505,2025-03-14,2025-05-02,2.1,32313,99.4,BMS-4.0,,,80.5,False
BAT-2W-106420,2W_2.1kWh,Amptek,AM-2406,2024-05-27,2024-06-27,2.1,30816,99.2,BMS-4.2,,,80.0,False
BAT-2W-106421,2W_2.1kWh,Kyron,KY-2409,2024-10-11,2024-11-20,2.1,28302,98.7,BMS-4.0,2025-06-15,end_of_life,61.8,False
BAT-2W-106422,2W_2.1kWh,Kyron,KY-2408,2024-10-19,2024-11-10,2.1,35310,99.8,BMS-4.0,2025-06-15,end_of_life,63.2,False
BAT-2W-106423,2W_2.1kWh,Kyron,KY-2409,2024-11-01,2024-11-13,2.1,31641,98.9,BMS-4.0,2025-06-15,end_of_life,60.4,False
BAT-2W-106424,2W_2.1kWh,Cellora,CE-2311,2023-10-19,2023-11-15,2.1,31672,98.9,BMS-4.0,,,79.7,False
BAT-2W-106425,2W_2.1kWh,Cellora,CE-2312,2023-11-01,2023-12-13,2.1,32863,98.4,BMS-4.1,,,79.3,False
BAT-2W-106426,2W_2.1kWh,Cellora,CE-2410,2024-08-26,2024-10-12,2.1,31756,99.0,BMS-4.1,,,79.5,False
BAT-3W-106427,3W_4.8kWh,Cellora,CE-2312,2023-11-23,2023-12-19,4.8,66662,99.0,BMS-4.2,,,85.9,False
BAT-2W-106428,2W_2.1kWh,Cellora,CE-2403,2024-02-14,2024-03-12,2.1,30377,99.1,BMS-4.0,,,80.0,False
BAT-2W-106429,2W_2.1kWh,Kyron,KY-2408,2024-08-29,2024-09-25,2.1,32253,99.5,BMS-4.2,2025-06-15,end_of_life,63.3,False
BAT-2W-106430,2W_2.1kWh,Cellora,CE-2307,2023-06-23,2023-07-27,2.1,31855,98.9,BMS-4.0,,,80.7,False
BAT-2W-106431,2W_2.1kWh,Cellora,CE-2409,2024-08-22,2024-09-16,2.1,30541,99.2,BMS-4.1,,,80.2,False
BAT-2W-106432,2W_2.1kWh,Cellora,CE-2403,2024-01-24,2024-03-08,2.1,31624,98.9,BMS-4.2,,,79.7,False
BAT-2W-106433,2W_2.1kWh,Cellora,CE-2406,2024-05-14,2024-06-04,2.1,32730,99.4,BMS-4.1,,,79.6,False
BAT-2W-106434,2W_2.1kWh,Cellora,CE-2307,2023-05-20,2023-07-11,2.1,32341,98.9,BMS-4.1,,,80.1,False
BAT-2W-106435,2W_2.1kWh,Cellora,CE-2504,2025-03-06,2025-04-04,2.1,32344,99.6,BMS-4.2,,,80.3,False
BAT-2W-106436,2W_2.1kWh,Cellora,CE-2405,2024-03-18,2024-05-06,2.1,30388,98.8,BMS-4.0,,,80.0,False
BAT-2W-106437,2W_2.1kWh,Kyron,KY-2409,2024-10-15,2024-11-30,2.1,29989,99.0,BMS-4.2,2025-06-15,end_of_life,60.9,False
BAT-3W-106438,3W_4.8kWh,Cellora,CE-2309,2023-07-10,2023-09-06,4.8,68585,99.0,BMS-4.1,,,86.6,False
BAT-2W-106439,2W_2.1kWh,Cellora,CE-2311,2023-10-14,2023-11-28,2.1,32962,100.0,BMS-4.0,,,80.7,False
BAT-2W-106440,2W_2.1kWh,Kyron,KY-2408,2024-10-18,2024-11-27,2.1,31575,99.0,BMS-4.0,2025-06-15,end_of_life,59.0,False
BAT-2W-106441,2W_2.1kWh,Kyron,KY-2408,2024-07-31,2024-09-18,2.1,31688,99.4,BMS-4.2,2025-06-15,end_of_life,60.5,False
BAT-2W-106442,2W_2.1kWh,Kyron,KY-2407,2024-09-28,2024-10-12,2.1,32470,99.5,BMS-4.1,2025-06-15,end_of_life,60.2,False
BAT-2W-106443,2W_2.1kWh,Cellora,CE-2311,2023-10-29,2023-11-08,2.1,33364,99.9,BMS-4.0,,,80.8,False
BAT-2W-106444,2W_2.1kWh,Amptek,AM-2407,2024-07-03,2024-07-14,2.1,31799,99.1,BMS-4.0,,,79.6,False
BAT-2W-106445,2W_2.1kWh,Cellora,CE-2306,2023-04-19,2023-06-05,2.1,31484,99.2,BMS-4.0,,,80.3,False
BAT-2W-106446,2W_2.1kWh,Cellora,CE-2409,2024-08-20,2024-09-23,2.1,34020,98.6,BMS-4.0,,,78.3,False
BAT-2W-106447,2W_2.1kWh,Cellora,CE-2408,2024-06-21,2024-08-10,2.1,31754,98.8,BMS-4.1,,,79.5,False
BAT-3W-106448,3W_4.8kWh,Amptek,AM-2503,2025-01-25,2025-03-12,4.8,65722,99.2,BMS-4.2,,,86.9,False
BAT-2W-106449,2W_2.1kWh,Kyron,KY-2408,2024-09-23,2024-10-09,2.1,32239,99.4,BMS-4.2,2025-06-15,end_of_life,61.4,False
BAT-2W-106450,2W_2.1kWh,Cellora,CE-2303,2023-02-25,2023-03-27,2.1,31927,99.1,BMS-4.1,,,80.2,False
BAT-2W-106451,2W_2.1kWh,Kyron,KY-2408,2024-10-08,2024-11-25,2.1,32493,99.0,BMS-4.0,2025-06-15,end_of_life,58.1,False
BAT-2W-106452,2W_2.1kWh,Cellora,CE-2307,2023-05-30,2023-07-04,2.1,30688,98.6,BMS-4.2,,,78.2,False
BAT-2W-106453,2W_2.1kWh,Cellora,CE-2407,2024-05-18,2024-07-02,2.1,32162,98.7,BMS-4.2,,,81.2,False
BAT-2W-106454,2W_2.1kWh,Cellora,CE-2502,2025-02-04,2025-02-17,2.1,34566,99.1,BMS-4.2,,,80.4,False
BAT-2W-106455,2W_2.1kWh,Cellora,CE-2305,2023-05-02,2023-05-15,2.1,33785,99.9,BMS-4.0,,,80.3,False
BAT-2W-106456,2W_2.1kWh,Cellora,CE-2407,2024-07-03,2024-07-19,2.1,31902,98.6,BMS-4.0,,,78.9,False
BAT-2W-106457,2W_2.1kWh,Kyron,KY-2409,2024-09-07,2024-10-16,2.1,31101,99.0,BMS-4.2,2025-06-15,end_of_life,62.4,False
BAT-2W-106458,2W_2.1kWh,Cellora,CE-2312,2023-11-19,2023-12-09,2.1,32364,99.2,BMS-4.2,,,79.9,False
BAT-2W-106459,2W_2.1kWh,Kyron,KY-2407,2024-09-05,2024-10-13,2.1,32408,99.0,BMS-4.1,2025-06-15,end_of_life,60.4,False
BAT-3W-106460,3W_4.8kWh,Amptek,AM-2411,2024-10-22,2024-11-08,4.8,69606,99.2,BMS-4.1,,,85.5,False
BAT-3W-106461,3W_4.8kWh,Cellora,CE-2410,2024-09-14,2024-10-15,4.8,71704,99.7,BMS-4.0,,,87.9,False
BAT-2W-106462,2W_2.1kWh,Cellora,CE-2312,2023-11-17,2023-12-18,2.1,31453,99.7,BMS-4.0,,,78.8,False
BAT-2W-106463,2W_2.1kWh,Cellora,CE-2303,2023-03-04,2023-03-18,2.1,32575,99.1,BMS-4.2,,,79.0,False
BAT-2W-106464,2W_2.1kWh,Cellora,CE-2501,2025-01-12,2025-01-23,2.1,30541,99.2,BMS-4.0,,,79.7,False
BAT-2W-106465,2W_2.1kWh,Kyron,KY-2408,2024-08-26,2024-09-27,2.1,31481,99.0,BMS-4.2,2025-06-15,end_of_life,59.7,False
BAT-2W-106466,2W_2.1kWh,Cellora,CE-2411,2024-11-05,2024-11-19,2.1,30621,99.1,BMS-4.2,,,80.7,False
BAT-2W-106467,2W_2.1kWh,Cellora,CE-2505,2025-04-11,2025-05-22,2.1,32621,99.1,BMS-4.2,,,79.4,False
BAT-2W-106468,2W_2.1kWh,Kyron,KY-2409,2024-07-27,2024-09-11,2.1,32987,99.4,BMS-4.0,2025-06-15,end_of_life,62.3,False
BAT-3W-106469,3W_4.8kWh,Amptek,AM-2407,2024-05-26,2024-07-22,4.8,70142,99.2,BMS-4.2,,,87.9,False
BAT-2W-106470,2W_2.1kWh,Cellora,CE-2401,2023-12-18,2024-01-10,2.1,31700,99.9,BMS-4.2,,,80.5,False
BAT-3W-106471,3W_4.8kWh,Kyron,KY-2415,2025-01-06,2025-03-06,4.8,63512,99.4,BMS-4.0,,,86.6,False
BAT-2W-106472,2W_2.1kWh,Cellora,CE-2412,2024-11-29,2024-12-17,2.1,30723,99.4,BMS-4.1,,,80.2,False
BAT-2W-106473,2W_2.1kWh,Cellora,CE-2410,2024-10-17,2024-10-27,2.1,33509,99.0,BMS-4.0,,,80.8,False
BAT-2W-106474,2W_2.1kWh,Kyron,KY-2407,2024-10-17,2024-11-14,2.1,33278,99.0,BMS-4.2,2025-06-15,end_of_life,60.3,False
BAT-2W-106475,2W_2.1kWh,Cellora,CE-2504,2025-03-21,2025-04-22,2.1,33052,98.8,BMS-4.2,,,78.9,False
BAT-2W-106476,2W_2.1kWh,Cellora,CE-2307,2023-06-09,2023-07-29,2.1,32958,99.3,BMS-4.2,,,80.9,False
BAT-2W-106477,2W_2.1kWh,Cellora,CE-2312,2023-11-06,2023-12-12,2.1,32992,98.7,BMS-4.1,,,78.1,False
BAT-2W-106478,2W_2.1kWh,Kyron,KY-2409,2024-09-29,2024-11-10,2.1,30997,99.1,BMS-4.1,2025-06-15,end_of_life,61.5,False
BAT-2W-106479,2W_2.1kWh,Cellora,CE-2310,2023-09-12,2023-10-24,2.1,32602,98.7,BMS-4.1,,,80.6,False
BAT-2W-106480,2W_2.1kWh,Cellora,CE-2405,2024-04-14,2024-05-23,2.1,30008,98.9,BMS-4.1,,,80.3,False
BAT-2W-106481,2W_2.1kWh,Cellora,CE-2404,2024-04-10,2024-04-27,2.1,32713,99.5,BMS-4.1,,,80.5,False
BAT-3W-106482,3W_4.8kWh,Cellora,CE-2309,2023-08-17,2023-09-21,4.8,64837,98.8,BMS-4.2,,,86.1,False
BAT-2W-106483,2W_2.1kWh,Cellora,CE-2404,2024-03-25,2024-04-23,2.1,30112,99.5,BMS-4.2,,,80.3,False
BAT-2W-106484,2W_2.1kWh,Cellora,CE-2407,2024-06-17,2024-07-29,2.1,32794,99.4,BMS-4.1,,,80.5,False
BAT-2W-106485,2W_2.1kWh,Amptek,AM-2504,2025-03-12,2025-04-22,2.1,33103,98.6,BMS-4.2,,,80.4,False
BAT-2W-106486,2W_2.1kWh,Cellora,CE-2308,2023-07-11,2023-08-24,2.1,32315,98.9,BMS-4.2,,,78.9,False
BAT-2W-106487,2W_2.1kWh,Amptek,AM-2504,2025-03-11,2025-04-27,2.1,30761,99.6,BMS-4.2,,,79.3,False
BAT-2W-106488,2W_2.1kWh,Kyron,KY-2407,2024-09-14,2024-10-23,2.1,31126,99.0,BMS-4.2,2025-06-15,end_of_life,59.3,False
BAT-3W-106489,3W_4.8kWh,Cellora,CE-2403,2024-02-18,2024-03-18,4.8,67401,99.7,BMS-4.2,,,87.4,False
BAT-2W-106490,2W_2.1kWh,Cellora,CE-2305,2023-04-10,2023-05-09,2.1,32682,98.4,BMS-4.0,,,79.4,False
BAT-2W-106491,2W_2.1kWh,Cellora,CE-2502,2025-01-22,2025-02-03,2.1,32865,99.4,BMS-4.0,,,79.9,False
BAT-2W-106492,2W_2.1kWh,Cellora,CE-2303,2023-01-15,2023-03-07,2.1,30575,98.3,BMS-4.2,,,78.6,False
BAT-3W-106493,3W_4.8kWh,Amptek,AM-2403,2024-01-29,2024-03-06,4.8,66541,99.3,BMS-4.1,,,86.5,False
BAT-3W-106494,3W_4.8kWh,Kyron,KY-2413,2024-12-26,2025-01-29,4.8,67630,98.7,BMS-4.2,,,86.1,False
BAT-2W-106495,2W_2.1kWh,Kyron,KY-2408,2024-10-22,2024-11-30,2.1,32313,98.6,BMS-4.1,2025-06-15,end_of_life,61.2,False
BAT-2W-106496,2W_2.1kWh,Kyron,KY-2409,2024-10-22,2024-11-19,2.1,30867,99.9,BMS-4.0,2025-06-15,end_of_life,63.2,False
BAT-2W-106497,2W_2.1kWh,Cellora,CE-2412,2024-12-03,2024-12-30,2.1,30607,99.6,BMS-4.1,,,81.5,False
BAT-2W-106498,2W_2.1kWh,Kyron,KY-2408,2024-11-05,2024-11-22,2.1,31885,100.0,BMS-4.2,2025-06-15,end_of_life,63.5,False
BAT-2W-106499,2W_2.1kWh,Kyron,KY-2407,2024-09-11,2024-10-29,2.1,33063,98.5,BMS-4.0,2025-06-15,end_of_life,60.4,False
