city,date,max_temp_c,min_temp_c,rainfall_mm,heat_alert,flood_disruption,festival_or_event,is_public_holiday,grid_outage_hours,competitor_promo_active,ecommerce_sale_event
Bengaluru,2024-01-01,16.7,6.7,0.0,False,False,,False,0.0,False,False
Bengaluru,2024-01-02,17.3,4.6,1.8,False,False,,False,0.2,False,False
Bengaluru,2024-01-03,13.9,6.9,0.7,False,False,,False,0.0,False,False
Bengaluru,2024-01-04,17.9,4.0,2.2,False,False,,False,0.1,False,False
Bengaluru,2024-01-05,16.0,7.8,2.0,False,False,,False,0.0,False,False
Bengaluru,2024-01-06,17.6,7.9,0.0,False,False,,False,0.1,False,False
Bengaluru,2024-01-07,17.2,8.2,0.0,False,False,,False,0.1,False,False
Bengaluru,2024-01-08,16.6,4.9,0.3,False,False,,False,0.3,False,False
Bengaluru,2024-01-09,16.8,8.2,0.0,False,False,,False,0.1,False,False
Bengaluru,2024-01-10,17.0,7.2,1.0,False,False,,False,0.2,False,False
Bengaluru,2024-01-11,16.8,5.6,0.0,False,False,,False,0.0,False,False
Bengaluru,2024-01-12,18.5,4.9,0.0,False,False,,False,0.2,False,False
Bengaluru,2024-01-13,17.6,5.8,0.0,False,False,,False,0.0,False,False
Bengaluru,2024-01-14,17.7,6.3,0.0,False,False,,False,0.2,False,False
Bengaluru,2024-01-15,14.4,5.5,0.0,False,False,,False,0.0,False,False
Bengaluru,2024-01-16,17.2,5.8,0.7,False,False,,False,0.0,False,False
Bengaluru,2024-01-17,18.0,6.3,0.8,False,False,,False,0.1,False,False
Bengaluru,2024-01-18,13.6,6.6,0.1,False,False,,False,0.0,False,False
Bengaluru,2024-01-19,16.5,8.1,1.6,False,False,,False,0.0,False,False
Bengaluru,2024-01-20,19.5,7.8,0.0,False,False,,False,0.1,False,False
Bengaluru,2024-01-21,15.7,7.2,2.3,False,False,,False,0.2,False,False
Bengaluru,2024-01-22,15.4,7.8,0.3,False,False,,False,0.4,False,False
Bengaluru,2024-01-23,18.5,8.2,0.9,False,False,,False,0.2,False,False
Bengaluru,2024-01-24,13.0,8.2,0.2,False,False,,False,0.1,False,False
Bengaluru,2024-01-25,14.9,6.9,10.9,False,False,,False,0.1,False,False
Bengaluru,2024-01-26,15.4,7.4,1.1,False,False,,False,0.0,False,False
Bengaluru,2024-01-27,17.7,7.6,1.8,False,False,,False,0.2,False,False
Bengaluru,2024-01-28,20.1,7.5,1.3,False,False,,False,0.1,False,False
Bengaluru,2024-01-29,17.2,7.4,0.5,False,False,,False,0.1,False,False
Bengaluru,2024-01-30,17.9,8.8,1.2,False,False,,False,0.1,False,False
Bengaluru,2024-01-31,17.6,5.6,0.0,False,False,,False,0.1,False,False
Bengaluru,2024-02-01,18.6,5.4,0.0,False,False,,False,0.0,False,False
Bengaluru,2024-02-02,19.1,10.3,0.3,False,False,,False,0.1,False,False
Bengaluru,2024-02-03,22.2,6.3,0.0,False,False,,False,0.2,False,False
Bengaluru,2024-02-04,15.7,8.7,0.0,False,False,,False,0.1,False,False
Bengaluru,2024-02-05,17.6,8.6,0.3,False,False,,False,0.3,False,False
Bengaluru,2024-02-06,17.7,6.9,1.3,False,False,,False,0.1,False,False
Bengaluru,2024-02-07,19.7,6.7,1.4,False,False,,False,0.1,False,False
Bengaluru,2024-02-08,19.9,9.4,0.4,False,False,,False,0.1,False,False
Bengaluru,2024-02-09,19.5,8.0,0.0,False,False,,False,0.1,False,False
Bengaluru,2024-02-10,17.3,7.8,1.8,False,False,,False,0.0,False,False
Bengaluru,2024-02-11,17.9,9.9,0.0,False,False,,False,0.0,False,False
Bengaluru,2024-02-12,16.8,7.3,0.0,False,False,,False,0.4,False,False
Bengaluru,2024-02-13,16.1,8.3,2.5,False,False,,False,0.0,False,False
Bengaluru,2024-02-14,20.0,6.1,0.4,False,False,,False,0.0,False,False
Bengaluru,2024-02-15,20.4,7.1,3.0,False,False,,False,0.0,False,False
Bengaluru,2024-02-16,19.5,7.2,0.9,False,False,,False,0.2,False,False
Bengaluru,2024-02-17,20.6,7.1,3.1,False,False,,False,0.0,False,False
Bengaluru,2024-02-18,18.1,10.5,2.1,False,False,,False,0.2,False,False
Bengaluru,2024-02-19,18.2,7.9,0.0,False,False,,False,0.0,False,False
Bengaluru,2024-02-20,17.3,8.5,0.0,False,False,,False,0.1,False,False
Bengaluru,2024-02-21,18.8,6.7,0.0,False,False,,False,0.1,False,False
Bengaluru,2024-02-22,17.4,6.3,0.0,False,False,,False,0.0,False,False
Bengaluru,2024-02-23,20.4,7.2,0.0,False,False,,False,0.1,False,False
Bengaluru,2024-02-24,16.3,9.7,0.0,False,False,,False,0.0,False,False
Bengaluru,2024-02-25,20.7,7.0,0.0,False,False,,False,0.1,False,False
Bengaluru,2024-02-26,18.9,6.3,0.0,False,False,,False,0.0,False,False
Bengaluru,2024-02-27,18.3,7.4,0.0,False,False,,False,0.1,False,False
Bengaluru,2024-02-28,17.1,8.0,0.1,False,False,,False,0.2,False,False
Bengaluru,2024-02-29,18.9,5.5,0.9,False,False,,False,0.2,False,False
Bengaluru,2024-03-01,23.7,8.0,1.8,False,False,,False,0.1,False,False
Bengaluru,2024-03-02,20.0,10.0,6.5,False,False,,False,0.0,False,False
Bengaluru,2024-03-03,24.2,8.7,1.1,False,False,,False,0.1,False,False
Bengaluru,2024-03-04,24.5,10.0,3.2,False,False,,False,0.4,False,False
Bengaluru,2024-03-05,23.8,9.6,0.0,False,False,,False,0.0,False,False
Bengaluru,2024-03-06,23.5,9.7,3.5,False,False,,False,0.1,False,False
Bengaluru,2024-03-07,23.7,8.7,0.0,False,False,,False,0.0,False,False
Bengaluru,2024-03-08,22.5,10.3,0.0,False,False,,False,0.0,False,False
Bengaluru,2024-03-09,22.8,9.6,0.3,False,False,,False,0.1,False,False
Bengaluru,2024-03-10,22.9,10.7,4.3,False,False,,False,0.4,False,False
Bengaluru,2024-03-11,24.5,7.9,0.0,False,False,,False,0.0,False,False
Bengaluru,2024-03-12,27.6,8.0,0.0,False,False,,False,0.2,False,False
Bengaluru,2024-03-13,22.2,10.2,0.0,False,False,,False,0.0,False,False
Bengaluru,2024-03-14,25.0,8.8,0.0,False,False,,False,0.1,False,False
Bengaluru,2024-03-15,21.9,9.2,0.0,False,False,,False,0.2,False,False
Bengaluru,2024-03-16,24.1,8.7,0.0,False,False,,False,0.1,False,False
Bengaluru,2024-03-17,23.5,10.2,4.6,False,False,,False,0.0,False,False
Bengaluru,2024-03-18,22.8,9.8,0.3,False,False,,False,0.0,False,False
Bengaluru,2024-03-19,22.3,8.9,0.6,False,False,,False,0.2,False,False
Bengaluru,2024-03-20,21.1,9.6,0.4,False,False,,False,0.1,False,False
Bengaluru,2024-03-21,22.2,10.3,0.7,False,False,,False,0.1,False,False
Bengaluru,2024-03-22,25.9,8.7,0.4,False,False,,False,0.1,False,False
Bengaluru,2024-03-23,24.5,8.0,0.0,False,False,,False,0.0,False,False
Bengaluru,2024-03-24,21.3,11.4,0.7,False,False,,False,0.0,False,False
Bengaluru,2024-03-25,23.9,6.7,0.8,False,False,Holi,True,0.0,False,False
Bengaluru,2024-03-26,23.2,9.4,0.6,False,False,,False,0.1,False,False
Bengaluru,2024-03-27,24.3,9.9,0.0,False,False,,False,0.1,False,False
Bengaluru,2024-03-28,22.3,8.3,0.0,False,False,,False,0.0,False,False
Bengaluru,2024-03-29,24.6,7.4,0.0,False,False,,False,0.0,False,False
Bengaluru,2024-03-30,25.6,10.7,0.4,False,False,,False,0.0,False,False
Bengaluru,2024-03-31,21.6,11.2,0.0,False,False,,False,0.1,False,False
Bengaluru,2024-04-01,30.2,11.3,0.0,False,False,,False,0.0,False,False
Bengaluru,2024-04-02,31.5,11.9,1.5,False,False,,False,0.1,False,False
Bengaluru,2024-04-03,29.5,12.0,0.0,False,False,,False,0.1,False,False
Bengaluru,2024-04-04,30.2,11.9,1.7,False,False,,False,0.1,False,False
Bengaluru,2024-04-05,30.6,12.4,0.0,False,False,,False,0.0,False,False
Bengaluru,2024-04-06,29.9,13.0,0.0,False,False,,False,0.0,False,False
Bengaluru,2024-04-07,29.7,13.5,0.0,False,False,,False,0.1,False,False
Bengaluru,2024-04-08,31.5,13.2,4.9,False,False,,False,0.0,False,False
Bengaluru,2024-04-09,29.1,11.6,0.0,False,False,,False,0.2,False,False
Bengaluru,2024-04-10,30.8,11.8,0.0,False,False,,False,0.0,False,False
Bengaluru,2024-04-11,28.4,10.5,0.1,False,False,,False,0.3,False,False
Bengaluru,2024-04-12,33.4,12.3,0.3,False,False,,False,0.0,False,False
Bengaluru,2024-04-13,32.8,11.4,0.3,False,False,,False,0.1,False,False
Bengaluru,2024-04-14,30.4,12.4,0.0,False,False,,False,0.1,False,False
Bengaluru,2024-04-15,30.7,10.6,0.0,False,False,,False,0.0,False,False
Bengaluru,2024-04-16,30.0,14.1,0.0,False,False,,False,0.2,False,False
Bengaluru,2024-04-17,27.2,12.3,0.0,False,False,,False,0.0,False,False
Bengaluru,2024-04-18,30.0,11.1,0.0,False,False,,False,0.1,False,False
Bengaluru,2024-04-19,31.7,12.6,0.0,False,False,,False,0.0,False,False
Bengaluru,2024-04-20,31.5,12.5,0.0,False,False,,False,0.1,False,False
Bengaluru,2024-04-21,30.7,12.4,0.0,False,False,,False,0.0,False,False
Bengaluru,2024-04-22,30.0,11.3,3.8,False,False,,False,0.0,False,False
Bengaluru,2024-04-23,32.9,11.9,2.1,False,False,,False,0.2,False,False
Bengaluru,2024-04-24,30.5,13.5,1.6,False,False,,False,0.1,False,False
Bengaluru,2024-04-25,30.7,12.8,0.0,False,False,,False,0.1,False,False
Bengaluru,2024-04-26,32.5,12.6,0.0,False,False,,False,0.1,False,False
Bengaluru,2024-04-27,30.3,12.5,3.0,False,False,,False,0.2,False,False
Bengaluru,2024-04-28,31.9,11.2,0.0,False,False,,False,0.2,False,False
Bengaluru,2024-04-29,28.3,12.8,0.0,False,False,,False,0.2,False,False
Bengaluru,2024-04-30,30.2,13.9,0.0,False,False,,False,0.1,False,False
Bengaluru,2024-05-01,33.7,15.1,0.0,False,False,,False,0.1,False,False
Bengaluru,2024-05-02,33.5,14.7,0.7,False,False,,False,0.2,False,False
Bengaluru,2024-05-03,33.8,14.9,0.0,False,False,,False,0.1,False,False
Bengaluru,2024-05-04,32.9,14.2,0.0,False,False,,False,0.0,False,False
Bengaluru,2024-05-05,35.5,12.1,0.3,False,False,,False,0.0,False,False
Bengaluru,2024-05-06,37.8,14.6,0.7,False,False,,False,0.2,False,False
Bengaluru,2024-05-07,35.8,12.5,0.0,False,False,,False,0.0,False,False
Bengaluru,2024-05-08,36.1,13.5,0.8,False,False,,False,0.0,False,False
Bengaluru,2024-05-09,33.4,15.3,0.0,False,False,,False,0.0,False,False
Bengaluru,2024-05-10,36.3,12.3,1.8,False,False,,False,0.1,False,False
Bengaluru,2024-05-11,32.3,14.0,0.0,False,False,,False,0.0,False,False
Bengaluru,2024-05-12,36.9,15.0,0.0,False,False,,False,0.4,False,False
Bengaluru,2024-05-13,35.1,13.0,2.2,False,False,,False,0.0,False,False
Bengaluru,2024-05-14,33.9,12.2,0.0,False,False,,False,0.0,False,False
Bengaluru,2024-05-15,38.2,13.6,0.0,False,False,,False,0.1,False,False
Bengaluru,2024-05-16,33.6,15.3,0.0,False,False,,False,0.0,False,False
Bengaluru,2024-05-17,34.2,13.6,0.0,False,False,,False,0.0,False,False
Bengaluru,2024-05-18,33.6,12.0,2.2,False,False,,False,0.1,False,False
Bengaluru,2024-05-19,35.4,15.5,0.0,False,False,,False,0.0,False,False
Bengaluru,2024-05-20,36.9,14.2,0.0,False,False,,False,0.0,False,False
Bengaluru,2024-05-21,35.5,13.5,0.0,False,False,,False,0.2,False,False
Bengaluru,2024-05-22,33.4,14.5,0.3,False,False,,False,0.1,False,False
Bengaluru,2024-05-23,30.5,13.4,0.0,False,False,,False,0.1,False,False
Bengaluru,2024-05-24,34.9,14.3,0.0,False,False,,False,0.0,False,False
Bengaluru,2024-05-25,34.4,12.9,0.0,False,False,,False,0.1,False,False
Bengaluru,2024-05-26,33.5,13.4,0.6,False,False,,False,0.1,False,False
Bengaluru,2024-05-27,34.8,14.3,0.0,False,False,,False,0.0,False,False
Bengaluru,2024-05-28,34.4,13.7,0.0,False,False,,False,0.0,False,False
Bengaluru,2024-05-29,36.2,13.8,0.7,False,False,,False,0.0,False,False
Bengaluru,2024-05-30,37.5,13.9,0.0,False,False,,False,0.1,False,False
Bengaluru,2024-05-31,33.0,14.4,1.1,False,False,,False,0.1,False,False
Bengaluru,2024-06-01,34.1,14.9,17.3,False,False,,False,0.0,False,False
Bengaluru,2024-06-02,30.7,11.8,1.7,False,False,,False,0.1,False,False
Bengaluru,2024-06-03,32.0,13.1,6.2,False,False,,False,0.0,False,False
Bengaluru,2024-06-04,32.8,13.7,7.2,False,False,,False,0.0,False,False
Bengaluru,2024-06-05,33.7,12.6,7.6,False,False,,False,0.1,False,False
Bengaluru,2024-06-06,30.7,13.2,22.2,False,False,,False,0.1,False,False
Bengaluru,2024-06-07,30.1,11.5,0.0,False,False,,False,0.1,False,False
Bengaluru,2024-06-08,30.8,12.3,0.0,False,False,,False,0.0,False,False
Bengaluru,2024-06-09,33.6,14.5,36.3,False,False,,False,0.1,False,False
Bengaluru,2024-06-10,31.4,15.0,4.8,False,False,,False,0.0,False,False
Bengaluru,2024-06-11,30.2,12.0,9.0,False,False,,False,0.0,False,False
Bengaluru,2024-06-12,34.4,11.8,7.0,False,False,,False,0.1,False,False
Bengaluru,2024-06-13,31.4,12.0,34.9,False,False,,False,0.0,False,False
Bengaluru,2024-06-14,33.9,14.6,27.7,False,False,,False,0.0,False,False
Bengaluru,2024-06-15,31.0,12.9,15.2,False,False,,False,0.0,False,False
Bengaluru,2024-06-16,32.9,12.9,0.0,False,False,,False,0.0,False,False
Bengaluru,2024-06-17,28.9,12.8,8.9,False,False,,False,0.0,False,False
Bengaluru,2024-06-18,30.3,13.4,44.2,False,False,,False,0.1,False,False
Bengaluru,2024-06-19,29.5,12.3,22.8,False,False,,False,0.1,False,False
Bengaluru,2024-06-20,33.3,12.5,5.6,False,False,,False,0.1,False,False
Bengaluru,2024-06-21,32.3,12.1,0.1,False,False,,False,0.1,False,False
Bengaluru,2024-06-22,29.4,12.6,19.3,False,False,,False,0.0,False,False
Bengaluru,2024-06-23,29.2,10.9,6.1,False,False,,False,0.1,False,False
Bengaluru,2024-06-24,32.5,11.8,47.5,False,False,,False,0.1,False,False
Bengaluru,2024-06-25,32.4,11.2,20.6,False,False,,False,0.0,False,False
Bengaluru,2024-06-26,28.3,15.4,4.3,False,False,,False,0.1,False,False
Bengaluru,2024-06-27,33.1,14.0,1.5,False,False,,False,0.1,False,False
Bengaluru,2024-06-28,33.5,11.3,5.9,False,False,,False,0.0,False,False
Bengaluru,2024-06-29,32.3,12.5,16.4,False,False,,False,0.1,False,False
Bengaluru,2024-06-30,33.1,14.0,10.2,False,False,,False,0.0,False,False
Bengaluru,2024-07-01,25.4,9.7,3.7,False,False,,False,0.0,False,False
Bengaluru,2024-07-02,23.5,8.9,37.4,False,False,,False,0.0,False,False
Bengaluru,2024-07-03,25.4,10.0,21.9,False,False,,False,0.1,False,False
Bengaluru,2024-07-04,25.0,7.9,18.9,False,False,,False,0.1,False,False
Bengaluru,2024-07-05,24.9,10.3,18.0,False,False,,False,0.1,False,False
Bengaluru,2024-07-06,25.0,8.9,2.7,False,False,,False,0.0,False,False
Bengaluru,2024-07-07,22.0,9.7,7.9,False,False,,False,0.1,False,False
Bengaluru,2024-07-08,23.5,8.0,18.5,False,False,,False,0.1,False,False
Bengaluru,2024-07-09,23.0,9.0,30.1,False,False,,False,0.4,False,False
Bengaluru,2024-07-10,23.8,10.7,68.6,False,False,,False,0.3,False,False
Bengaluru,2024-07-11,23.6,9.1,14.0,False,False,,False,0.0,False,False
Bengaluru,2024-07-12,24.1,9.6,62.3,False,False,,False,0.0,False,False
Bengaluru,2024-07-13,26.5,8.8,21.4,False,False,,False,0.3,False,False
Bengaluru,2024-07-14,25.5,8.9,31.5,False,False,,False,0.2,False,False
Bengaluru,2024-07-15,23.4,9.2,0.0,False,False,,False,0.0,False,False
Bengaluru,2024-07-16,23.7,11.8,49.4,False,False,,False,0.0,False,False
Bengaluru,2024-07-17,24.3,8.9,21.0,False,False,,False,0.1,False,False
Bengaluru,2024-07-18,24.0,10.6,16.1,False,False,,False,0.1,False,False
Bengaluru,2024-07-19,23.5,8.1,17.8,False,False,,False,0.1,False,False
Bengaluru,2024-07-20,20.7,12.3,8.6,False,False,,False,0.3,False,False
Bengaluru,2024-07-21,22.8,9.4,3.2,False,False,,False,0.0,False,False
Bengaluru,2024-07-22,25.1,8.8,4.6,False,False,,False,0.3,False,False
Bengaluru,2024-07-23,24.6,7.3,22.8,False,False,,False,0.0,False,False
Bengaluru,2024-07-24,22.7,8.3,29.5,False,False,,False,0.1,False,False
Bengaluru,2024-07-25,22.7,10.6,30.5,False,False,,False,0.1,False,False
Bengaluru,2024-07-26,23.1,8.9,2.8,False,False,,False,0.0,False,False
Bengaluru,2024-07-27,22.7,8.6,9.6,False,False,,False,0.0,False,False
Bengaluru,2024-07-28,24.3,10.2,10.5,False,False,,False,0.0,False,False
Bengaluru,2024-07-29,21.7,10.8,7.1,False,False,,False,0.0,False,False
Bengaluru,2024-07-30,22.3,8.0,18.7,False,False,,False,0.1,False,False
Bengaluru,2024-07-31,23.3,10.2,24.6,False,False,,False,0.1,False,False
Bengaluru,2024-08-01,22.0,6.3,36.3,False,False,,False,0.3,False,False
Bengaluru,2024-08-02,22.9,9.7,49.0,False,False,,False,0.1,False,False
Bengaluru,2024-08-03,21.7,11.5,8.7,False,False,,False,0.1,False,False
Bengaluru,2024-08-04,24.2,9.4,54.4,False,False,,False,0.0,False,False
Bengaluru,2024-08-05,24.5,9.0,17.8,False,False,,False,0.1,False,False
Bengaluru,2024-08-06,22.5,9.6,33.4,False,False,,False,0.1,False,False
Bengaluru,2024-08-07,22.8,10.6,15.8,False,False,,False,0.1,False,False
Bengaluru,2024-08-08,24.8,9.4,0.1,False,False,,False,0.0,False,False
Bengaluru,2024-08-09,22.0,8.8,26.9,False,False,,False,0.1,False,False
Bengaluru,2024-08-10,24.4,8.3,11.5,False,False,,False,0.2,False,False
Bengaluru,2024-08-11,23.8,9.2,28.1,False,False,,False,0.1,False,False
Bengaluru,2024-08-12,21.9,10.8,0.0,False,False,,False,0.1,False,False
Bengaluru,2024-08-13,24.5,10.1,34.6,False,False,,False,0.2,False,False
Bengaluru,2024-08-14,20.6,8.3,17.6,False,False,,False,0.1,False,False
Bengaluru,2024-08-15,20.9,9.8,17.7,False,False,,False,0.2,False,False
Bengaluru,2024-08-16,22.8,8.9,13.2,False,False,,False,0.0,False,False
Bengaluru,2024-08-17,23.2,8.8,1.9,False,False,,False,0.1,False,False
Bengaluru,2024-08-18,20.3,7.6,16.5,False,False,,False,0.1,False,False
Bengaluru,2024-08-19,21.4,8.4,48.4,False,False,,False,0.1,False,False
Bengaluru,2024-08-20,21.9,8.9,6.6,False,False,,False,0.1,False,False
Bengaluru,2024-08-21,24.8,9.9,3.5,False,False,,False,0.1,False,False
Bengaluru,2024-08-22,22.5,8.0,42.7,False,False,,False,0.0,False,False
Bengaluru,2024-08-23,24.3,8.1,3.2,False,False,,False,0.0,False,False
Bengaluru,2024-08-24,21.0,8.3,41.1,False,False,,False,0.0,False,False
Bengaluru,2024-08-25,20.2,10.1,6.3,False,False,,False,0.1,False,False
Bengaluru,2024-08-26,24.3,9.8,61.1,False,False,,False,0.1,False,False
Bengaluru,2024-08-27,19.8,8.2,0.5,False,False,,False,0.1,False,False
Bengaluru,2024-08-28,20.8,9.1,66.9,False,False,,False,0.0,False,False
Bengaluru,2024-08-29,22.9,8.2,12.9,False,False,,False,0.1,False,False
Bengaluru,2024-08-30,23.3,9.8,20.7,False,False,,False,0.0,False,False
Bengaluru,2024-08-31,22.8,9.3,6.7,False,False,,False,0.1,False,False
Bengaluru,2024-09-01,26.9,10.1,22.3,False,False,,False,0.0,False,False
Bengaluru,2024-09-02,26.3,8.7,0.6,False,False,,False,0.1,False,False
Bengaluru,2024-09-03,24.4,8.2,11.4,False,False,,False,0.1,False,False
Bengaluru,2024-09-04,22.9,10.1,0.0,False,False,,False,0.1,False,False
Bengaluru,2024-09-05,26.0,10.4,3.9,False,False,,False,0.1,False,False
Bengaluru,2024-09-06,24.1,8.6,18.1,False,False,,False,0.1,False,False
Bengaluru,2024-09-07,27.0,9.6,21.0,False,False,,False,0.3,False,False
Bengaluru,2024-09-08,24.5,11.4,16.2,False,False,,False,0.1,False,False
Bengaluru,2024-09-09,22.5,10.1,14.0,False,False,,False,0.3,False,False
Bengaluru,2024-09-10,23.1,9.9,26.9,False,False,,False,0.2,False,False
Bengaluru,2024-09-11,21.8,9.3,17.3,False,False,,False,0.0,False,False
Bengaluru,2024-09-12,23.9,11.4,0.0,False,False,,False,0.0,False,False
Bengaluru,2024-09-13,23.4,11.3,28.8,False,False,,False,0.0,False,False
Bengaluru,2024-09-14,26.4,10.5,9.4,False,False,,False,0.1,False,False
Bengaluru,2024-09-15,26.4,10.7,4.3,False,False,,False,0.1,False,False
Bengaluru,2024-09-16,26.9,7.9,18.1,False,False,,False,0.0,False,False
Bengaluru,2024-09-17,25.0,6.2,0.0,False,False,,False,0.0,False,False
Bengaluru,2024-09-18,26.4,9.8,0.7,False,False,,False,0.1,False,False
Bengaluru,2024-09-19,25.1,8.7,0.1,False,False,,False,0.0,False,False
Bengaluru,2024-09-20,24.1,8.3,9.5,False,False,,False,0.0,False,False
Bengaluru,2024-09-21,22.1,10.2,5.5,False,False,,False,0.0,False,False
Bengaluru,2024-09-22,25.6,8.7,1.8,False,False,,False,0.1,False,False
Bengaluru,2024-09-23,22.7,9.9,4.4,False,False,,False,0.0,False,False
Bengaluru,2024-09-24,26.4,10.9,3.4,False,False,,False,0.0,False,False
Bengaluru,2024-09-25,23.9,8.7,12.5,False,False,,False,0.1,False,False
Bengaluru,2024-09-26,25.7,9.1,21.5,False,False,,False,0.1,False,False
Bengaluru,2024-09-27,26.6,10.9,10.3,False,False,Big Sale,False,0.0,False,True
Bengaluru,2024-09-28,22.3,12.4,2.4,False,False,Big Sale,False,0.0,False,True
Bengaluru,2024-09-29,24.8,10.0,5.4,False,False,Big Sale,False,0.1,False,True
Bengaluru,2024-09-30,24.8,10.9,4.4,False,False,Big Sale,False,0.1,False,True
Bengaluru,2024-10-01,24.3,8.7,11.6,False,False,Big Sale,False,0.1,False,True
Bengaluru,2024-10-02,23.3,9.4,0.0,False,False,Big Sale,False,0.0,False,True
Bengaluru,2024-10-03,24.0,10.7,4.4,False,False,Big Sale,False,0.0,False,True
Bengaluru,2024-10-04,22.1,10.6,0.0,False,False,Big Sale,False,0.1,False,True
Bengaluru,2024-10-05,20.4,11.2,1.7,False,False,Big Sale,False,0.1,False,True
Bengaluru,2024-10-06,26.5,8.1,0.1,False,False,Big Sale,False,0.0,False,True
Bengaluru,2024-10-07,24.3,8.8,3.9,False,False,,False,0.0,False,False
Bengaluru,2024-10-08,22.8,8.3,0.3,False,False,,False,0.2,False,False
Bengaluru,2024-10-09,24.3,9.5,0.3,False,False,,False,0.1,False,False
Bengaluru,2024-10-10,21.6,8.9,0.9,False,False,,False,0.2,False,False
Bengaluru,2024-10-11,20.6,10.2,0.0,False,False,,False,0.0,False,False
Bengaluru,2024-10-12,21.1,9.6,0.0,False,False,,False,0.0,False,False
Bengaluru,2024-10-13,22.9,9.4,0.0,False,False,,False,0.1,False,False
Bengaluru,2024-10-14,21.5,7.0,3.7,False,False,,False,0.1,False,False
Bengaluru,2024-10-15,21.9,9.5,1.7,False,False,,False,0.0,False,False
Bengaluru,2024-10-16,23.2,10.7,0.0,False,False,,False,0.0,False,False
Bengaluru,2024-10-17,23.7,8.0,0.0,False,False,,False,0.1,False,False
Bengaluru,2024-10-18,22.3,7.4,2.2,False,False,,False,0.0,False,False
Bengaluru,2024-10-19,25.8,9.9,0.0,False,False,,False,0.0,False,False
Bengaluru,2024-10-20,22.2,9.0,0.0,False,False,,False,0.3,False,False
Bengaluru,2024-10-21,19.6,8.5,0.0,False,False,,False,0.0,False,False
Bengaluru,2024-10-22,24.3,10.0,0.0,False,False,,False,0.1,False,False
Bengaluru,2024-10-23,22.7,9.8,0.0,False,False,,False,0.0,False,False
Bengaluru,2024-10-24,24.3,9.4,0.6,False,False,,False,0.0,False,False
Bengaluru,2024-10-25,22.6,7.5,0.0,False,False,,False,0.2,False,False
Bengaluru,2024-10-26,22.7,6.2,0.0,False,False,,False,0.1,False,False
Bengaluru,2024-10-27,23.6,9.0,1.1,False,False,,False,0.1,False,False
Bengaluru,2024-10-28,23.4,9.3,5.6,False,False,,False,0.2,False,False
Bengaluru,2024-10-29,24.0,8.5,0.6,False,False,Diwali week,False,0.1,False,False
Bengaluru,2024-10-30,22.5,10.1,0.3,False,False,Diwali week,False,0.1,False,False
Bengaluru,2024-10-31,21.5,7.5,3.6,False,False,Diwali week,False,0.0,False,False
Bengaluru,2024-11-01,19.0,8.0,0.0,False,False,Diwali,True,0.0,False,False
Bengaluru,2024-11-02,19.4,9.1,0.8,False,False,Diwali week,False,0.0,False,False
Bengaluru,2024-11-03,21.0,8.8,1.3,False,False,Diwali week,False,0.3,False,False
Bengaluru,2024-11-04,19.2,5.6,0.0,False,False,,False,0.1,False,False
Bengaluru,2024-11-05,18.0,7.3,0.5,False,False,,False,0.0,False,False
Bengaluru,2024-11-06,21.0,9.5,0.0,False,False,,False,0.1,False,False
Bengaluru,2024-11-07,18.6,7.4,0.0,False,False,,False,0.0,False,False
Bengaluru,2024-11-08,18.2,8.6,0.0,False,False,,False,0.1,False,False
Bengaluru,2024-11-09,20.9,7.6,0.0,False,False,,False,0.0,False,False
Bengaluru,2024-11-10,18.9,8.3,0.0,False,False,,False,0.0,False,False
Bengaluru,2024-11-11,19.7,7.1,0.0,False,False,,False,0.0,False,False
Bengaluru,2024-11-12,18.7,6.5,1.2,False,False,,False,0.0,False,False
Bengaluru,2024-11-13,18.7,7.9,0.4,False,False,,False,0.2,False,False
Bengaluru,2024-11-14,20.3,5.6,0.0,False,False,,False,0.2,False,False
Bengaluru,2024-11-15,19.6,9.5,0.0,False,False,,False,0.4,False,False
Bengaluru,2024-11-16,18.0,5.4,0.0,False,False,,False,0.1,False,False
Bengaluru,2024-11-17,18.0,8.1,0.0,False,False,,False,0.0,False,False
Bengaluru,2024-11-18,18.5,9.7,7.8,False,False,,False,0.1,False,False
Bengaluru,2024-11-19,20.0,11.4,2.4,False,False,,False,0.1,False,False
Bengaluru,2024-11-20,15.9,6.5,0.0,False,False,,False,0.0,False,False
Bengaluru,2024-11-21,17.3,6.0,0.0,False,False,,False,0.0,False,False
Bengaluru,2024-11-22,17.0,7.7,0.0,False,False,,False,0.1,False,False
Bengaluru,2024-11-23,20.4,7.4,0.0,False,False,,False,0.2,False,False
Bengaluru,2024-11-24,19.1,4.5,0.0,False,False,,False,0.0,False,False
Bengaluru,2024-11-25,19.3,8.3,0.7,False,False,,False,0.0,False,False
Bengaluru,2024-11-26,18.6,7.1,0.0,False,False,,False,0.1,False,False
Bengaluru,2024-11-27,20.0,7.1,0.7,False,False,,False,0.3,False,False
Bengaluru,2024-11-28,18.0,8.1,2.4,False,False,,False,0.2,False,False
Bengaluru,2024-11-29,17.4,9.1,1.2,False,False,,False,0.0,False,False
Bengaluru,2024-11-30,16.0,7.7,0.0,False,False,,False,0.1,False,False
Bengaluru,2024-12-01,17.9,6.5,0.0,False,False,,False,0.0,False,False
Bengaluru,2024-12-02,16.8,5.2,0.0,False,False,,False,0.1,False,False
Bengaluru,2024-12-03,17.5,6.8,0.0,False,False,,False,0.1,False,False
Bengaluru,2024-12-04,14.7,6.9,0.0,False,False,,False,0.0,False,False
Bengaluru,2024-12-05,17.4,6.0,2.7,False,False,,False,0.1,False,False
Bengaluru,2024-12-06,17.1,7.2,3.3,False,False,,False,0.1,False,False
Bengaluru,2024-12-07,15.3,6.3,0.7,False,False,,False,0.1,False,False
Bengaluru,2024-12-08,20.4,9.0,0.7,False,False,,False,0.0,False,False
Bengaluru,2024-12-09,17.3,8.2,0.9,False,False,,False,0.1,False,False
Bengaluru,2024-12-10,14.8,6.5,0.0,False,False,,False,0.0,False,False
Bengaluru,2024-12-11,17.4,6.1,1.2,False,False,,False,0.0,False,False
Bengaluru,2024-12-12,18.7,7.7,0.6,False,False,,False,0.1,False,False
Bengaluru,2024-12-13,16.5,6.9,0.0,False,False,,False,0.0,False,False
Bengaluru,2024-12-14,17.6,6.2,2.7,False,False,,False,0.1,False,False
Bengaluru,2024-12-15,17.5,6.7,0.0,False,False,,False,0.2,False,False
Bengaluru,2024-12-16,17.7,7.0,5.6,False,False,,False,0.1,False,False
Bengaluru,2024-12-17,13.6,7.9,0.5,False,False,,False,0.1,False,False
Bengaluru,2024-12-18,15.4,5.8,0.0,False,False,,False,0.2,False,False
Bengaluru,2024-12-19,14.3,5.6,0.1,False,False,,False,0.1,False,False
Bengaluru,2024-12-20,15.5,4.5,7.1,False,False,,False,0.0,False,False
Bengaluru,2024-12-21,15.6,7.3,0.2,False,False,,False,0.1,False,False
Bengaluru,2024-12-22,18.5,4.2,0.1,False,False,,False,0.4,False,False
Bengaluru,2024-12-23,17.5,6.2,0.0,False,False,,False,0.0,False,False
Bengaluru,2024-12-24,17.4,8.4,1.3,False,False,,False,0.5,False,False
Bengaluru,2024-12-25,16.3,6.5,4.5,False,False,,False,0.0,False,False
Bengaluru,2024-12-26,19.1,9.1,2.4,False,False,,False,0.1,False,False
Bengaluru,2024-12-27,16.8,7.1,0.0,False,False,,False,0.1,False,False
Bengaluru,2024-12-28,14.1,6.8,0.0,False,False,,False,0.1,False,False
Bengaluru,2024-12-29,14.9,6.4,0.0,False,False,,False,0.1,False,False
Bengaluru,2024-12-30,15.6,5.6,0.0,False,False,,False,0.0,False,False
Bengaluru,2024-12-31,18.2,7.4,0.3,False,False,,False,0.0,False,False
Bengaluru,2025-01-01,18.5,7.7,0.9,False,False,,False,0.1,False,False
Bengaluru,2025-01-02,17.9,6.7,0.0,False,False,,False,0.0,False,False
Bengaluru,2025-01-03,19.1,7.2,0.0,False,False,,False,0.2,False,False
Bengaluru,2025-01-04,18.8,6.5,0.1,False,False,,False,0.0,False,False
Bengaluru,2025-01-05,19.0,6.9,1.2,False,False,,False,0.0,False,False
Bengaluru,2025-01-06,19.8,9.9,0.0,False,False,,False,0.1,False,False
Bengaluru,2025-01-07,16.3,7.1,4.5,False,False,,False,0.1,False,False
Bengaluru,2025-01-08,16.8,5.0,0.0,False,False,,False,0.0,False,False
Bengaluru,2025-01-09,18.6,8.2,0.6,False,False,,False,0.0,False,False
Bengaluru,2025-01-10,18.4,5.6,0.0,False,False,,False,0.1,False,False
Bengaluru,2025-01-11,14.5,7.8,0.3,False,False,,False,0.1,False,False
Bengaluru,2025-01-12,16.0,5.5,0.0,False,False,,False,0.1,False,False
Bengaluru,2025-01-13,14.6,6.5,1.0,False,False,,False,0.1,False,False
Bengaluru,2025-01-14,18.5,6.5,0.0,False,False,,False,0.1,False,False
Bengaluru,2025-01-15,16.8,7.8,0.0,False,False,,False,0.0,False,False
Bengaluru,2025-01-16,15.2,6.9,0.0,False,False,,False,0.0,False,False
Bengaluru,2025-01-17,16.6,5.8,0.0,False,False,,False,0.1,False,False
Bengaluru,2025-01-18,17.2,6.3,0.0,False,False,,False,0.0,False,False
Bengaluru,2025-01-19,17.1,5.2,1.1,False,False,,False,0.0,False,False
Bengaluru,2025-01-20,18.4,6.8,0.0,False,False,,False,0.0,False,False
Bengaluru,2025-01-21,18.7,7.4,2.3,False,False,,False,0.3,False,False
Bengaluru,2025-01-22,16.0,7.0,3.7,False,False,,False,0.1,False,False
Bengaluru,2025-01-23,19.4,6.1,0.0,False,False,,False,0.3,False,False
Bengaluru,2025-01-24,17.0,6.0,0.0,False,False,,False,0.0,False,False
Bengaluru,2025-01-25,15.5,7.9,0.0,False,False,,False,0.0,False,False
Bengaluru,2025-01-26,18.9,5.6,1.3,False,False,,False,0.1,False,False
Bengaluru,2025-01-27,15.5,5.7,1.6,False,False,,False,0.0,False,False
Bengaluru,2025-01-28,16.5,5.7,0.2,False,False,,False,0.0,False,False
Bengaluru,2025-01-29,15.2,7.6,0.0,False,False,,False,0.0,False,False
Bengaluru,2025-01-30,16.6,7.7,0.0,False,False,,False,0.1,False,False
Bengaluru,2025-01-31,19.6,5.6,0.0,False,False,,False,0.1,False,False
Bengaluru,2025-02-01,22.7,8.6,0.9,False,False,,False,0.0,True,False
Bengaluru,2025-02-02,17.7,6.0,0.0,False,False,,False,0.0,True,False
Bengaluru,2025-02-03,19.0,9.1,0.0,False,False,,False,0.1,True,False
Bengaluru,2025-02-04,20.3,8.2,0.0,False,False,,False,0.0,True,False
Bengaluru,2025-02-05,17.9,8.3,0.1,False,False,,False,0.0,True,False
Bengaluru,2025-02-06,19.1,6.6,0.0,False,False,,False,0.0,True,False
Bengaluru,2025-02-07,16.6,7.6,0.0,False,False,,False,0.0,True,False
Bengaluru,2025-02-08,18.3,7.0,0.0,False,False,,False,0.0,True,False
Bengaluru,2025-02-09,17.4,7.6,0.0,False,False,,False,0.1,True,False
Bengaluru,2025-02-10,17.6,6.7,1.8,False,False,,False,0.0,True,False
Bengaluru,2025-02-11,20.6,8.1,0.0,False,False,,False,0.0,True,False
Bengaluru,2025-02-12,19.4,5.4,0.0,False,False,,False,0.0,True,False
Bengaluru,2025-02-13,18.4,5.2,0.0,False,False,,False,0.3,True,False
Bengaluru,2025-02-14,18.9,7.5,2.6,False,False,,False,0.0,True,False
Bengaluru,2025-02-15,20.5,5.0,0.0,False,False,,False,0.1,True,False
Bengaluru,2025-02-16,18.6,6.1,0.1,False,False,,False,0.1,True,False
Bengaluru,2025-02-17,18.2,7.3,0.0,False,False,,False,0.3,True,False
Bengaluru,2025-02-18,18.3,8.7,0.0,False,False,,False,0.0,True,False
Bengaluru,2025-02-19,17.5,8.3,0.0,False,False,,False,0.1,True,False
Bengaluru,2025-02-20,19.7,7.5,0.2,False,False,,False,0.0,True,False
Bengaluru,2025-02-21,17.0,8.3,4.3,False,False,,False,0.1,True,False
Bengaluru,2025-02-22,19.0,10.2,0.0,False,False,,False,0.1,True,False
Bengaluru,2025-02-23,19.0,8.2,0.0,False,False,,False,0.1,True,False
Bengaluru,2025-02-24,21.9,7.1,0.0,False,False,,False,0.0,True,False
Bengaluru,2025-02-25,19.1,8.6,0.0,False,False,,False,0.0,True,False
Bengaluru,2025-02-26,21.0,7.5,0.0,False,False,,False,0.1,True,False
Bengaluru,2025-02-27,16.3,6.0,0.0,False,False,,False,0.1,True,False
Bengaluru,2025-02-28,20.8,8.3,0.0,False,False,,False,0.1,True,False
Bengaluru,2025-03-01,22.1,10.4,0.0,False,False,,False,0.1,True,False
Bengaluru,2025-03-02,24.4,10.0,0.0,False,False,,False,0.3,True,False
Bengaluru,2025-03-03,22.8,11.1,0.7,False,False,,False,0.1,True,False
Bengaluru,2025-03-04,24.0,10.3,0.5,False,False,,False,0.1,True,False
Bengaluru,2025-03-05,23.0,7.8,0.6,False,False,,False,0.0,True,False
Bengaluru,2025-03-06,20.1,6.1,0.0,False,False,,False,0.2,True,False
Bengaluru,2025-03-07,23.7,10.9,0.0,False,False,,False,0.0,True,False
Bengaluru,2025-03-08,24.5,9.5,0.0,False,False,,False,0.0,True,False
Bengaluru,2025-03-09,23.9,11.8,2.9,False,False,,False,0.0,True,False
Bengaluru,2025-03-10,20.8,8.4,0.6,False,False,,False,0.0,True,False
Bengaluru,2025-03-11,27.7,10.8,3.3,False,False,,False,0.0,True,False
Bengaluru,2025-03-12,22.1,10.5,0.0,False,False,,False,0.0,True,False
Bengaluru,2025-03-13,23.9,9.1,5.1,False,False,,False,0.1,True,False
Bengaluru,2025-03-14,22.6,8.0,0.0,False,False,Holi,True,0.0,True,False
Bengaluru,2025-03-15,22.6,8.3,0.0,False,False,,False,0.3,True,False
Bengaluru,2025-03-16,23.0,9.1,0.0,False,False,,False,0.2,False,False
Bengaluru,2025-03-17,23.5,10.2,0.8,False,False,,False,0.0,False,False
Bengaluru,2025-03-18,24.6,8.7,0.0,False,False,,False,0.0,False,False
Bengaluru,2025-03-19,26.1,8.3,0.0,False,False,,False,0.1,False,False
Bengaluru,2025-03-20,23.8,10.6,0.0,False,False,,False,0.0,False,False
Bengaluru,2025-03-21,24.2,11.0,0.3,False,False,,False,0.3,False,False
Bengaluru,2025-03-22,25.1,9.8,3.0,False,False,,False,0.0,False,False
Bengaluru,2025-03-23,24.3,8.9,0.0,False,False,,False,0.1,False,False
Bengaluru,2025-03-24,26.5,9.8,4.0,False,False,,False,0.0,False,False
Bengaluru,2025-03-25,24.2,9.1,1.0,False,False,,False,0.1,False,False
Bengaluru,2025-03-26,22.3,11.1,0.0,False,False,,False,0.1,False,False
Bengaluru,2025-03-27,28.1,10.4,0.0,False,False,,False,0.0,False,False
Bengaluru,2025-03-28,21.7,10.0,0.0,False,False,,False,0.0,False,False
Bengaluru,2025-03-29,24.1,10.2,0.0,False,False,,False,0.0,False,False
Bengaluru,2025-03-30,25.3,8.3,1.2,False,False,,False,0.0,False,False
Bengaluru,2025-03-31,24.6,10.0,0.0,False,False,,False,0.0,False,False
Bengaluru,2025-04-01,30.7,11.1,0.0,False,False,,False,0.2,False,False
Bengaluru,2025-04-02,31.4,12.6,0.0,False,False,,False,0.0,False,False
Bengaluru,2025-04-03,30.2,13.4,0.6,False,False,,False,0.1,False,False
Bengaluru,2025-04-04,29.1,11.8,5.2,False,False,,False,0.1,False,False
Bengaluru,2025-04-05,30.9,12.2,0.0,False,False,,False,0.1,False,False
Bengaluru,2025-04-06,29.5,12.2,3.5,False,False,,False,0.2,False,False
Bengaluru,2025-04-07,30.9,12.6,0.7,False,False,,False,0.1,False,False
Bengaluru,2025-04-08,30.5,10.8,0.0,False,False,,False,0.1,False,False
Bengaluru,2025-04-09,32.5,10.0,0.0,False,False,,False,0.1,False,False
Bengaluru,2025-04-10,30.7,11.8,0.5,False,False,,False,0.0,False,False
Bengaluru,2025-04-11,31.5,12.2,0.5,False,False,,False,0.0,False,False
Bengaluru,2025-04-12,29.3,9.7,0.0,False,False,,False,0.1,False,False
Bengaluru,2025-04-13,28.7,14.4,0.0,False,False,,False,0.2,False,False
Bengaluru,2025-04-14,32.3,10.6,0.0,False,False,,False,0.0,False,False
Bengaluru,2025-04-15,28.9,15.3,1.5,False,False,,False,0.1,False,False
Bengaluru,2025-04-16,29.8,12.0,0.0,False,False,,False,0.1,False,False
Bengaluru,2025-04-17,33.3,12.2,0.0,False,False,,False,0.1,False,False
Bengaluru,2025-04-18,28.6,12.4,0.0,False,False,,False,0.1,False,False
Bengaluru,2025-04-19,31.1,11.3,0.0,False,False,,False,0.2,False,False
Bengaluru,2025-04-20,31.0,12.3,1.4,False,False,,False,0.0,False,False
Bengaluru,2025-04-21,32.0,11.1,0.0,False,False,,False,0.2,False,False
Bengaluru,2025-04-22,29.9,13.0,0.0,False,False,,False,0.1,False,False
Bengaluru,2025-04-23,31.1,12.5,0.0,False,False,,False,0.1,False,False
Bengaluru,2025-04-24,31.4,10.6,0.0,False,False,,False,0.1,False,False
Bengaluru,2025-04-25,29.2,14.3,0.0,False,False,,False,0.0,False,False
Bengaluru,2025-04-26,29.7,13.4,0.0,False,False,,False,0.2,False,False
Bengaluru,2025-04-27,32.0,9.8,0.0,False,False,,False,0.0,False,False
Bengaluru,2025-04-28,30.5,11.0,0.0,False,False,,False,0.1,False,False
Bengaluru,2025-04-29,31.6,11.2,0.0,False,False,,False,0.0,False,False
Bengaluru,2025-04-30,30.0,12.2,0.0,False,False,,False,0.0,False,False
Bengaluru,2025-05-01,34.9,13.5,0.0,False,False,,False,0.0,False,False
Bengaluru,2025-05-02,34.2,13.6,0.2,False,False,,False,0.2,False,False
Bengaluru,2025-05-03,35.2,12.1,0.0,False,False,,False,0.0,False,False
Bengaluru,2025-05-04,35.9,15.2,0.4,False,False,,False,0.0,False,False
Bengaluru,2025-05-05,35.9,14.2,0.9,False,False,,False,0.2,False,False
Bengaluru,2025-05-06,35.7,15.3,0.0,False,False,,False,0.1,False,False
Bengaluru,2025-05-07,34.5,11.5,0.0,False,False,,False,0.0,False,False
Bengaluru,2025-05-08,35.7,12.7,0.0,False,False,,False,0.3,False,False
Bengaluru,2025-05-09,35.2,13.5,0.0,False,False,,False,0.1,False,False
Bengaluru,2025-05-10,36.4,14.3,0.0,False,False,,False,0.1,False,False
Bengaluru,2025-05-11,33.8,14.2,0.1,False,False,,False,0.0,False,False
Bengaluru,2025-05-12,35.5,15.2,2.4,False,False,,False,0.1,False,False
Bengaluru,2025-05-13,35.4,14.4,0.0,False,False,,False,0.0,False,False
Bengaluru,2025-05-14,33.1,14.5,0.0,False,False,,False,0.1,False,False
Bengaluru,2025-05-15,33.0,14.6,0.0,False,False,,False,0.2,False,False
Bengaluru,2025-05-16,34.9,12.9,1.6,False,False,,False,0.2,False,False
Bengaluru,2025-05-17,30.6,16.4,0.0,False,False,,False,0.2,False,False
Bengaluru,2025-05-18,36.5,13.5,0.0,False,False,,False,0.0,False,False
Bengaluru,2025-05-19,36.6,12.5,0.0,False,False,,False,0.0,False,False
Bengaluru,2025-05-20,33.5,14.1,0.6,False,False,,False,0.3,False,False
Bengaluru,2025-05-21,35.1,16.6,0.0,False,False,,False,0.0,False,False
Bengaluru,2025-05-22,32.9,14.9,0.0,False,False,,False,0.1,False,False
Bengaluru,2025-05-23,35.2,11.5,2.8,False,False,,False,0.0,False,False
Bengaluru,2025-05-24,37.0,17.8,0.2,False,False,,False,0.0,False,False
Bengaluru,2025-05-25,31.1,11.8,0.1,False,False,,False,0.1,False,False
Bengaluru,2025-05-26,33.2,15.1,0.7,False,False,,False,0.2,False,False
Bengaluru,2025-05-27,35.4,12.7,2.5,False,False,,False,0.1,False,False
Bengaluru,2025-05-28,35.0,14.1,0.7,False,False,,False,0.1,False,False
Bengaluru,2025-05-29,34.4,14.8,0.0,False,False,,False,0.2,False,False
Bengaluru,2025-05-30,33.9,13.6,0.0,False,False,,False,0.0,False,False
Bengaluru,2025-05-31,28.8,14.6,0.0,False,False,,False,0.0,False,False
Bengaluru,2025-06-01,31.3,13.8,0.0,False,False,,False,0.0,False,False
Bengaluru,2025-06-02,30.0,12.8,0.0,False,False,,False,0.0,False,False
Bengaluru,2025-06-03,30.4,12.7,34.4,False,False,,False,0.0,False,False
Bengaluru,2025-06-04,31.4,11.6,19.7,False,False,,False,0.0,False,False
Bengaluru,2025-06-05,33.2,12.5,8.3,False,False,,False,0.4,False,False
Bengaluru,2025-06-06,31.2,15.1,1.3,False,False,,False,0.0,False,False
Bengaluru,2025-06-07,32.4,13.3,0.9,False,False,,False,0.0,False,False
Bengaluru,2025-06-08,32.2,11.2,8.4,False,False,,False,0.1,False,False
Bengaluru,2025-06-09,33.4,11.5,8.8,False,False,,False,0.1,False,False
Bengaluru,2025-06-10,30.6,13.3,6.5,False,False,,False,0.1,False,False
Bengaluru,2025-06-11,30.6,13.9,5.8,False,False,,False,0.0,False,False
Bengaluru,2025-06-12,35.5,14.0,23.2,False,False,,False,0.0,False,False
Bengaluru,2025-06-13,33.3,12.3,0.0,False,False,,False,0.1,False,False
Bengaluru,2025-06-14,31.8,12.3,10.5,False,False,,False,0.1,False,False
Bengaluru,2025-06-15,34.5,10.0,1.8,False,False,,False,0.0,False,False
Bengaluru,2025-06-16,31.1,13.4,0.0,False,False,,False,0.0,False,False
Bengaluru,2025-06-17,29.9,13.2,0.0,False,False,,False,0.2,False,False
Bengaluru,2025-06-18,33.2,16.1,12.7,False,False,,False,0.1,False,False
Bengaluru,2025-06-19,36.8,12.9,3.0,False,False,,False,0.1,False,False
Bengaluru,2025-06-20,31.6,13.7,0.0,False,False,,False,0.1,False,False
Bengaluru,2025-06-21,32.5,15.0,0.0,False,False,,False,0.1,False,False
Bengaluru,2025-06-22,32.8,13.3,3.3,False,False,,False,0.0,False,False
Bengaluru,2025-06-23,36.6,14.8,28.4,False,False,,False,0.2,False,False
Bengaluru,2025-06-24,33.0,11.2,4.4,False,False,,False,0.0,False,False
Bengaluru,2025-06-25,32.6,13.4,11.9,False,False,,False,0.1,False,False
Bengaluru,2025-06-26,31.8,14.2,20.9,False,False,,False,0.1,False,False
Bengaluru,2025-06-27,32.2,15.5,1.2,False,False,,False,0.3,False,False
Bengaluru,2025-06-28,30.5,12.9,14.3,False,False,,False,0.0,False,False
Bengaluru,2025-06-29,33.9,13.3,16.0,False,False,,False,0.1,False,False
Bengaluru,2025-06-30,33.7,15.2,0.0,False,False,,False,0.1,False,False
Delhi NCR,2024-01-01,10.3,5.6,0.1,False,False,,False,0.1,False,False
Delhi NCR,2024-01-02,10.9,2.9,1.4,False,False,,False,0.0,False,False
Delhi NCR,2024-01-03,11.9,6.7,0.5,False,False,,False,0.0,False,False
Delhi NCR,2024-01-04,13.8,5.6,0.0,False,False,,False,0.0,False,False
Delhi NCR,2024-01-05,11.3,3.8,1.0,False,False,,False,0.0,False,False
Delhi NCR,2024-01-06,9.2,2.8,1.2,False,False,,False,0.1,False,False
Delhi NCR,2024-01-07,10.5,3.8,0.4,False,False,,False,0.0,False,False
Delhi NCR,2024-01-08,11.9,2.8,0.0,False,False,,False,0.0,False,False
Delhi NCR,2024-01-09,11.7,4.4,0.0,False,False,,False,0.0,False,False
Delhi NCR,2024-01-10,12.3,4.3,0.0,False,False,,False,0.1,False,False
Delhi NCR,2024-01-11,11.0,6.0,2.3,False,False,,False,0.0,False,False
Delhi NCR,2024-01-12,8.3,3.8,1.9,False,False,,False,0.1,False,False
Delhi NCR,2024-01-13,7.9,3.9,0.0,False,False,,False,0.0,False,False
Delhi NCR,2024-01-14,9.6,2.0,2.8,False,False,,False,0.1,False,False
Delhi NCR,2024-01-15,11.3,6.7,0.4,False,False,,False,0.2,False,False
Delhi NCR,2024-01-16,11.4,3.4,0.0,False,False,,False,0.0,False,False
Delhi NCR,2024-01-17,14.4,6.0,0.0,False,False,,False,0.0,False,False
Delhi NCR,2024-01-18,12.4,3.6,0.0,False,False,,False,0.0,False,False
Delhi NCR,2024-01-19,9.9,3.5,0.0,False,False,,False,0.1,False,False
Delhi NCR,2024-01-20,10.7,2.8,0.0,False,False,,False,0.1,False,False
Delhi NCR,2024-01-21,9.9,2.5,0.0,False,False,,False,0.4,False,False
Delhi NCR,2024-01-22,8.3,4.3,0.1,False,False,,False,0.0,False,False
Delhi NCR,2024-01-23,11.7,4.8,1.3,False,False,,False,0.1,False,False
Delhi NCR,2024-01-24,6.7,2.7,0.0,False,False,,False,0.1,False,False
Delhi NCR,2024-01-25,11.5,2.8,2.3,False,False,,False,0.1,False,False
Delhi NCR,2024-01-26,11.3,4.3,0.0,False,False,,False,0.0,False,False
Delhi NCR,2024-01-27,9.4,3.7,0.0,False,False,,False,0.0,False,False
Delhi NCR,2024-01-28,8.7,3.0,0.0,False,False,,False,0.0,False,False
Delhi NCR,2024-01-29,7.6,3.6,1.1,False,False,,False,0.3,False,False
Delhi NCR,2024-01-30,9.7,3.1,0.0,False,False,,False,0.0,False,False
Delhi NCR,2024-01-31,10.1,5.2,0.0,False,False,,False,0.1,False,False
Delhi NCR,2024-02-01,14.8,8.5,1.4,False,False,,False,0.1,False,False
Delhi NCR,2024-02-02,14.1,2.7,0.0,False,False,,False,0.0,False,False
Delhi NCR,2024-02-03,13.9,5.1,0.3,False,False,,False,0.1,False,False
Delhi NCR,2024-02-04,12.8,5.9,1.3,False,False,,False,0.0,False,False
Delhi NCR,2024-02-05,13.7,4.0,0.0,False,False,,False,0.1,False,False
Delhi NCR,2024-02-06,15.9,5.7,0.0,False,False,,False,0.1,False,False
Delhi NCR,2024-02-07,14.2,5.8,0.0,False,False,,False,0.1,False,False
Delhi NCR,2024-02-08,15.2,4.7,0.0,False,False,,False,0.1,False,False
Delhi NCR,2024-02-09,16.7,7.7,0.0,False,False,,False,0.7,False,False
Delhi NCR,2024-02-10,13.1,7.0,0.4,False,False,,False,0.2,False,False
Delhi NCR,2024-02-11,13.6,6.6,4.4,False,False,,False,0.0,False,False
Delhi NCR,2024-02-12,12.0,5.8,2.3,False,False,,False,0.0,False,False
Delhi NCR,2024-02-13,12.8,5.1,4.6,False,False,,False,0.1,False,False
Delhi NCR,2024-02-14,15.2,3.3,1.4,False,False,,False,0.2,False,False
Delhi NCR,2024-02-15,13.6,6.1,0.7,False,False,,False,0.1,False,False
Delhi NCR,2024-02-16,14.2,7.9,0.0,False,False,,False,0.1,False,False
Delhi NCR,2024-02-17,13.9,5.6,0.2,False,False,,False,0.1,False,False
Delhi NCR,2024-02-18,14.1,5.9,0.7,False,False,,False,0.0,False,False
Delhi NCR,2024-02-19,15.1,10.3,0.1,False,False,,False,0.1,False,False
Delhi NCR,2024-02-20,13.0,6.0,0.0,False,False,,False,0.0,False,False
Delhi NCR,2024-02-21,13.8,6.0,0.0,False,False,,False,0.0,False,False
Delhi NCR,2024-02-22,14.7,6.7,0.0,False,False,,False,0.1,False,False
Delhi NCR,2024-02-23,14.1,7.3,0.1,False,False,,False,0.0,False,False
Delhi NCR,2024-02-24,14.2,6.9,0.0,False,False,,False,0.0,False,False
Delhi NCR,2024-02-25,11.5,7.5,0.0,False,False,,False,0.0,False,False
Delhi NCR,2024-02-26,16.2,6.1,0.0,False,False,,False,0.1,False,False
Delhi NCR,2024-02-27,13.9,6.0,1.4,False,False,,False,0.2,False,False
Delhi NCR,2024-02-28,14.5,5.9,8.8,False,False,,False,0.2,False,False
Delhi NCR,2024-02-29,17.3,4.5,4.5,False,False,,False,0.1,False,False
Delhi NCR,2024-03-01,23.9,10.0,0.0,False,False,,False,0.0,False,False
Delhi NCR,2024-03-02,23.1,7.6,0.0,False,False,,False,0.1,False,False
Delhi NCR,2024-03-03,20.7,11.3,3.6,False,False,,False,0.1,False,False
Delhi NCR,2024-03-04,26.4,9.4,2.6,False,False,,False,0.3,False,False
Delhi NCR,2024-03-05,25.3,9.6,0.4,False,False,,False,0.0,False,False
Delhi NCR,2024-03-06,23.8,9.8,6.3,False,False,,False,0.2,False,False
Delhi NCR,2024-03-07,23.7,10.7,0.0,False,False,,False,0.0,False,False
Delhi NCR,2024-03-08,24.4,11.5,2.0,False,False,,False,0.0,False,False
Delhi NCR,2024-03-09,22.2,9.5,0.0,False,False,,False,0.3,False,False
Delhi NCR,2024-03-10,23.9,10.5,1.0,False,False,,False,0.1,False,False
Delhi NCR,2024-03-11,21.1,9.5,0.0,False,False,,False,0.1,False,False
Delhi NCR,2024-03-12,24.0,11.1,4.6,False,False,,False,0.0,False,False
Delhi NCR,2024-03-13,21.1,8.4,2.3,False,False,,False,0.1,False,False
Delhi NCR,2024-03-14,21.2,8.6,0.0,False,False,,False,0.0,False,False
Delhi NCR,2024-03-15,22.6,8.8,0.7,False,False,,False,0.0,False,False
Delhi NCR,2024-03-16,25.6,9.8,3.6,False,False,,False,0.1,False,False
Delhi NCR,2024-03-17,22.0,10.1,0.0,False,False,,False,0.2,False,False
Delhi NCR,2024-03-18,23.4,8.4,0.0,False,False,,False,0.1,False,False
Delhi NCR,2024-03-19,22.8,8.0,4.6,False,False,,False,0.1,False,False
Delhi NCR,2024-03-20,23.9,8.8,0.0,False,False,,False,0.2,False,False
Delhi NCR,2024-03-21,21.2,10.6,0.0,False,False,,False,0.1,False,False
Delhi NCR,2024-03-22,25.2,9.2,0.0,False,False,,False,0.1,False,False
Delhi NCR,2024-03-23,24.5,10.0,0.0,False,False,,False,0.1,False,False
Delhi NCR,2024-03-24,23.7,9.1,1.9,False,False,,False,0.1,False,False
Delhi NCR,2024-03-25,21.9,10.0,0.0,False,False,Holi,True,0.1,False,False
Delhi NCR,2024-03-26,24.3,10.3,0.9,False,False,,False,0.1,False,False
Delhi NCR,2024-03-27,24.0,9.7,0.0,False,False,,False,0.1,False,False
Delhi NCR,2024-03-28,19.5,10.1,0.0,False,False,,False,0.0,False,False
Delhi NCR,2024-03-29,23.2,9.7,0.0,False,False,,False,0.0,False,False
Delhi NCR,2024-03-30,23.5,10.6,0.0,False,False,,False,0.1,False,False
Delhi NCR,2024-03-31,24.1,9.3,0.0,False,False,,False,0.0,False,False
Delhi NCR,2024-04-01,37.6,15.4,0.1,False,False,,False,0.4,False,False
Delhi NCR,2024-04-02,38.0,17.6,0.0,False,False,,False,0.1,False,False
Delhi NCR,2024-04-03,34.5,14.2,1.3,False,False,,False,0.2,False,False
Delhi NCR,2024-04-04,36.9,12.5,3.8,False,False,,False,0.0,False,False
Delhi NCR,2024-04-05,36.0,12.8,0.3,False,False,,False,0.0,False,False
Delhi NCR,2024-04-06,35.9,15.0,0.2,False,False,,False,0.0,False,False
Delhi NCR,2024-04-07,33.7,13.2,3.8,False,False,,False,0.0,False,False
Delhi NCR,2024-04-08,35.2,15.2,0.0,False,False,,False,0.0,False,False
Delhi NCR,2024-04-09,36.7,14.5,1.5,False,False,,False,0.0,False,False
Delhi NCR,2024-04-10,33.9,16.8,0.0,False,False,,False,0.0,False,False
Delhi NCR,2024-04-11,39.1,15.8,0.0,False,False,,False,0.1,False,False
Delhi NCR,2024-04-12,39.0,13.2,0.0,False,False,,False,0.0,False,False
Delhi NCR,2024-04-13,36.5,15.9,0.0,False,False,,False,0.0,False,False
Delhi NCR,2024-04-14,36.9,15.8,0.0,False,False,,False,0.1,False,False
Delhi NCR,2024-04-15,38.6,12.5,0.5,False,False,,False,0.1,False,False
Delhi NCR,2024-04-16,35.8,16.0,1.0,False,False,,False,0.0,False,False
Delhi NCR,2024-04-17,36.4,12.0,0.0,False,False,,False,0.0,False,False
Delhi NCR,2024-04-18,34.6,16.1,0.0,False,False,,False,0.2,False,False
Delhi NCR,2024-04-19,36.5,15.2,0.0,False,False,,False,0.1,False,False
Delhi NCR,2024-04-20,36.2,13.4,0.0,False,False,,False,0.0,False,False
Delhi NCR,2024-04-21,37.9,12.9,0.0,False,False,,False,0.1,False,False
Delhi NCR,2024-04-22,34.4,13.8,0.0,False,False,,False,0.1,False,False
Delhi NCR,2024-04-23,37.2,12.8,0.0,False,False,,False,0.0,False,False
Delhi NCR,2024-04-24,37.6,14.5,1.0,False,False,,False,0.0,False,False
Delhi NCR,2024-04-25,37.6,15.7,0.0,False,False,,False,0.0,False,False
Delhi NCR,2024-04-26,34.0,13.8,0.0,False,False,,False,0.0,False,False
Delhi NCR,2024-04-27,36.9,16.7,5.9,False,False,,False,0.0,False,False
Delhi NCR,2024-04-28,34.4,12.6,0.8,False,False,,False,0.0,False,False
Delhi NCR,2024-04-29,38.4,12.6,1.0,False,False,,False,0.1,False,False
Delhi NCR,2024-04-30,35.7,16.1,3.3,False,False,,False,0.0,False,False
Delhi NCR,2024-05-01,43.6,17.5,1.6,True,False,,False,0.0,False,False
Delhi NCR,2024-05-02,45.1,18.0,0.0,True,False,,False,0.0,False,False
Delhi NCR,2024-05-03,44.9,18.4,0.0,True,False,,False,0.1,False,False
Delhi NCR,2024-05-04,45.0,17.7,1.8,True,False,,False,0.4,False,False
Delhi NCR,2024-05-05,42.2,17.2,1.2,True,False,,False,0.2,False,False
Delhi NCR,2024-05-06,44.5,17.1,0.0,True,False,,False,0.2,False,False
Delhi NCR,2024-05-07,43.3,20.3,0.0,True,False,,False,0.2,False,False
Delhi NCR,2024-05-08,44.0,17.2,5.5,True,False,,False,0.3,False,False
Delhi NCR,2024-05-09,46.4,20.0,0.0,True,False,,False,0.2,False,False
Delhi NCR,2024-05-10,46.6,20.7,0.0,True,False,,False,0.2,False,False
Delhi NCR,2024-05-11,45.0,18.0,0.0,True,False,,False,0.0,False,False
Delhi NCR,2024-05-12,47.1,17.6,1.4,True,False,,False,0.1,False,False
Delhi NCR,2024-05-13,46.3,19.5,0.0,True,False,,False,0.2,False,False
Delhi NCR,2024-05-14,43.0,18.3,0.0,True,False,,False,0.3,False,False
Delhi NCR,2024-05-15,43.8,18.1,0.0,True,False,,False,0.1,False,False
Delhi NCR,2024-05-16,44.3,18.9,0.2,True,False,,False,0.1,False,False
Delhi NCR,2024-05-17,44.4,15.9,0.3,True,False,,False,0.0,False,False
Delhi NCR,2024-05-18,44.4,19.3,0.0,True,False,,False,0.1,False,False
Delhi NCR,2024-05-19,44.2,17.6,0.0,True,False,,False,0.3,False,False
Delhi NCR,2024-05-20,45.2,20.0,0.0,True,False,,False,1.0,False,False
Delhi NCR,2024-05-21,47.0,19.6,2.3,True,False,,False,0.5,False,False
Delhi NCR,2024-05-22,47.1,18.8,0.4,True,False,,False,0.1,False,False
Delhi NCR,2024-05-23,45.2,18.3,0.0,True,False,,False,0.0,False,False
Delhi NCR,2024-05-24,45.5,18.4,0.0,True,False,,False,0.2,False,False
Delhi NCR,2024-05-25,46.0,20.2,0.2,True,False,,False,0.1,False,False
Delhi NCR,2024-05-26,47.2,19.1,0.0,True,False,,False,0.2,False,False
Delhi NCR,2024-05-27,44.5,19.8,0.0,True,False,,False,0.4,False,False
Delhi NCR,2024-05-28,43.6,20.4,0.0,True,False,,False,0.0,False,False
Delhi NCR,2024-05-29,45.3,19.6,3.3,True,False,,False,0.1,False,False
Delhi NCR,2024-05-30,46.2,17.1,0.0,True,False,,False,0.8,False,False
Delhi NCR,2024-05-31,41.7,18.8,0.1,False,False,,False,0.4,False,False
Delhi NCR,2024-06-01,39.1,17.1,3.6,False,False,,False,0.0,False,False
Delhi NCR,2024-06-02,38.8,17.1,0.5,False,False,,False,0.5,False,False
Delhi NCR,2024-06-03,41.3,15.2,7.2,False,False,,False,0.1,False,False
Delhi NCR,2024-06-04,37.2,16.5,1.3,False,False,,False,0.0,False,False
Delhi NCR,2024-06-05,40.4,14.6,2.1,False,False,,False,0.0,False,False
Delhi NCR,2024-06-06,39.8,15.3,7.8,False,False,,False,0.6,False,False
Delhi NCR,2024-06-07,39.4,14.1,7.2,False,False,,False,0.2,False,False
Delhi NCR,2024-06-08,41.0,16.7,3.2,False,False,,False,0.6,False,False
Delhi NCR,2024-06-09,37.9,15.8,11.3,False,False,,False,0.2,False,False
Delhi NCR,2024-06-10,40.5,14.6,17.2,False,False,,False,0.2,False,False
Delhi NCR,2024-06-11,38.1,12.8,0.0,False,False,,False,0.3,False,False
Delhi NCR,2024-06-12,39.6,16.5,18.2,False,False,,False,0.4,False,False
Delhi NCR,2024-06-13,39.6,14.8,7.5,False,False,,False,0.1,False,False
Delhi NCR,2024-06-14,38.9,14.6,10.7,False,False,,False,0.0,False,False
Delhi NCR,2024-06-15,36.0,15.6,1.7,False,False,,False,0.1,False,False
Delhi NCR,2024-06-16,38.6,19.1,10.3,False,False,,False,0.4,False,False
Delhi NCR,2024-06-17,40.4,13.6,9.7,False,False,,False,0.4,False,False
Delhi NCR,2024-06-18,41.1,15.2,0.0,False,False,,False,0.2,False,False
Delhi NCR,2024-06-19,38.6,15.8,4.6,False,False,,False,0.0,False,False
Delhi NCR,2024-06-20,39.1,15.1,28.0,False,False,,False,0.1,False,False
Delhi NCR,2024-06-21,41.5,18.3,11.4,False,False,,False,0.1,False,False
Delhi NCR,2024-06-22,39.1,16.8,3.3,False,False,,False,0.5,False,False
Delhi NCR,2024-06-23,40.1,16.1,36.8,False,False,,False,0.1,False,False
Delhi NCR,2024-06-24,39.0,15.2,16.6,False,False,,False,0.0,False,False
Delhi NCR,2024-06-25,39.2,18.0,9.5,False,False,,False,0.3,False,False
Delhi NCR,2024-06-26,39.2,15.8,6.6,False,False,,False,0.1,False,False
Delhi NCR,2024-06-27,37.8,13.9,21.0,False,False,,False,0.0,False,False
Delhi NCR,2024-06-28,40.0,16.3,19.2,False,False,,False,1.3,False,False
Delhi NCR,2024-06-29,40.6,16.6,11.5,False,False,,False,0.3,False,False
Delhi NCR,2024-06-30,39.6,15.8,2.3,False,False,,False,0.2,False,False
Delhi NCR,2024-07-01,22.1,10.8,46.7,False,False,,False,0.0,False,False
Delhi NCR,2024-07-02,26.5,11.0,16.9,False,False,,False,0.2,False,False
Delhi NCR,2024-07-03,20.6,9.8,48.8,False,False,,False,0.1,False,False
Delhi NCR,2024-07-04,22.8,10.5,42.0,False,False,,False,0.0,False,False
Delhi NCR,2024-07-05,23.0,12.8,24.8,False,False,,False,0.2,False,False
Delhi NCR,2024-07-06,20.2,9.3,20.4,False,False,,False,0.0,False,False
Delhi NCR,2024-07-07,22.1,10.9,45.7,False,False,,False,0.0,False,False
Delhi NCR,2024-07-08,23.2,8.6,98.4,False,False,,False,0.0,False,False
Delhi NCR,2024-07-09,23.7,11.3,17.0,False,False,,False,0.0,False,False
Delhi NCR,2024-07-10,23.0,8.5,42.2,False,False,,False,0.1,False,False
Delhi NCR,2024-07-11,26.2,9.3,0.8,False,False,,False,0.1,False,False
Delhi NCR,2024-07-12,22.1,10.3,26.5,False,False,,False,0.0,False,False
Delhi NCR,2024-07-13,24.6,9.9,14.3,False,False,,False,0.0,False,False
Delhi NCR,2024-07-14,26.0,8.6,26.2,False,False,,False,0.1,False,False
Delhi NCR,2024-07-15,23.4,9.9,5.6,False,False,,False,0.0,False,False
Delhi NCR,2024-07-16,23.9,9.9,16.4,False,False,,False,0.0,False,False
Delhi NCR,2024-07-17,23.2,10.1,21.5,False,False,,False,0.0,False,False
Delhi NCR,2024-07-18,22.2,10.1,18.4,False,False,,False,0.0,False,False
Delhi NCR,2024-07-19,22.5,8.6,15.9,False,False,,False,0.1,False,False
Delhi NCR,2024-07-20,22.4,10.4,7.4,False,False,,False,0.1,False,False
Delhi NCR,2024-07-21,22.2,10.6,12.5,False,False,,False,0.0,False,False
Delhi NCR,2024-07-22,22.8,10.8,56.2,False,False,,False,0.1,False,False
Delhi NCR,2024-07-23,25.8,10.1,2.7,False,False,,False,0.2,False,False
Delhi NCR,2024-07-24,22.6,8.9,36.5,False,False,,False,0.1,False,False
Delhi NCR,2024-07-25,24.9,7.4,9.8,False,False,,False,0.0,False,False
Delhi NCR,2024-07-26,24.5,9.7,11.9,False,False,,False,0.0,False,False
Delhi NCR,2024-07-27,20.2,8.6,20.7,False,False,,False,0.1,False,False
Delhi NCR,2024-07-28,24.1,8.9,74.3,False,False,,False,0.1,False,False
Delhi NCR,2024-07-29,23.9,11.3,28.2,False,False,,False,0.0,False,False
Delhi NCR,2024-07-30,21.5,9.1,17.3,False,False,,False,0.0,False,False
Delhi NCR,2024-07-31,23.8,11.8,22.3,False,False,,False,0.2,False,False
Delhi NCR,2024-08-01,22.5,8.9,24.2,False,False,,False,0.1,False,False
Delhi NCR,2024-08-02,21.7,7.8,8.7,False,False,,False,0.1,False,False
Delhi NCR,2024-08-03,21.1,10.9,3.0,False,False,,False,0.1,False,False
Delhi NCR,2024-08-04,18.6,7.5,27.9,False,False,,False,0.1,False,False
Delhi NCR,2024-08-05,21.6,9.2,3.3,False,False,,False,0.0,False,False
Delhi NCR,2024-08-06,22.5,8.4,30.0,False,False,,False,0.1,False,False
Delhi NCR,2024-08-07,21.9,10.0,28.0,False,False,,False,0.1,False,False
Delhi NCR,2024-08-08,21.5,10.0,29.6,False,False,,False,0.0,False,False
Delhi NCR,2024-08-09,22.7,8.2,23.8,False,False,,False,0.0,False,False
Delhi NCR,2024-08-10,20.0,8.2,4.1,False,False,,False,0.0,False,False
Delhi NCR,2024-08-11,22.3,7.6,12.9,False,False,,False,0.0,False,False
Delhi NCR,2024-08-12,19.3,8.9,9.0,False,False,,False,0.1,False,False
Delhi NCR,2024-08-13,24.4,10.1,51.2,False,False,,False,0.2,False,False
Delhi NCR,2024-08-14,21.0,9.3,2.0,False,False,,False,0.0,False,False
Delhi NCR,2024-08-15,20.3,8.8,27.4,False,False,,False,0.1,False,False
Delhi NCR,2024-08-16,22.9,7.3,56.7,False,False,,False,0.0,False,False
Delhi NCR,2024-08-17,21.5,8.0,17.4,False,False,,False,0.0,False,False
Delhi NCR,2024-08-18,22.4,8.4,38.8,False,False,,False,0.0,False,False
Delhi NCR,2024-08-19,18.9,9.6,3.5,False,False,,False,0.0,False,False
Delhi NCR,2024-08-20,22.3,6.9,111.4,False,False,,False,0.0,False,False
Delhi NCR,2024-08-21,23.2,10.3,13.3,False,False,,False,0.1,False,False
Delhi NCR,2024-08-22,18.9,10.2,0.0,False,False,,False,0.0,False,False
Delhi NCR,2024-08-23,22.7,9.2,0.0,False,False,,False,0.0,False,False
Delhi NCR,2024-08-24,20.7,9.2,25.6,False,False,,False,0.0,False,False
Delhi NCR,2024-08-25,22.7,8.6,20.7,False,False,,False,0.3,False,False
Delhi NCR,2024-08-26,23.2,9.7,0.0,False,False,,False,0.1,False,False
Delhi NCR,2024-08-27,22.5,7.0,45.3,False,False,,False,0.0,False,False
Delhi NCR,2024-08-28,24.2,10.4,13.8,False,False,,False,0.0,False,False
Delhi NCR,2024-08-29,24.2,8.3,11.1,False,False,,False,0.0,False,False
Delhi NCR,2024-08-30,23.7,10.6,0.0,False,False,,False,0.0,False,False
Delhi NCR,2024-08-31,21.5,9.2,1.7,False,False,,False,0.1,False,False
Delhi NCR,2024-09-01,24.3,11.3,40.6,False,False,,False,0.1,False,False
Delhi NCR,2024-09-02,22.4,9.9,2.9,False,False,,False,0.0,False,False
Delhi NCR,2024-09-03,22.6,9.5,5.8,False,False,,False,0.1,False,False
Delhi NCR,2024-09-04,24.3,9.5,0.0,False,False,,False,0.0,False,False
Delhi NCR,2024-09-05,27.3,10.3,12.8,False,False,,False,0.0,False,False
Delhi NCR,2024-09-06,24.7,9.8,17.1,False,False,,False,0.2,False,False
Delhi NCR,2024-09-07,25.3,9.1,37.4,False,False,,False,0.0,False,False
Delhi NCR,2024-09-08,22.8,10.0,13.9,False,False,,False,0.1,False,False
Delhi NCR,2024-09-09,22.9,8.4,3.2,False,False,,False,0.0,False,False
Delhi NCR,2024-09-10,25.8,8.1,0.0,False,False,,False,0.0,False,False
Delhi NCR,2024-09-11,27.8,11.1,8.9,False,False,,False,0.5,False,False
Delhi NCR,2024-09-12,23.7,9.1,5.5,False,False,,False,0.0,False,False
Delhi NCR,2024-09-13,25.0,8.6,14.7,False,False,,False,0.1,False,False
Delhi NCR,2024-09-14,23.2,9.3,0.0,False,False,,False,0.1,False,False
Delhi NCR,2024-09-15,25.2,11.4,10.3,False,False,,False,0.1,False,False
Delhi NCR,2024-09-16,24.4,9.3,15.7,False,False,,False,0.0,False,False
Delhi NCR,2024-09-17,22.8,11.2,2.9,False,False,,False,0.1,False,False
Delhi NCR,2024-09-18,26.2,12.1,38.3,False,False,,False,0.1,False,False
Delhi NCR,2024-09-19,25.7,9.6,18.8,False,False,,False,0.5,False,False
Delhi NCR,2024-09-20,25.3,10.5,22.2,False,False,,False,0.0,False,False
Delhi NCR,2024-09-21,24.5,11.0,34.2,False,False,,False,0.1,False,False
Delhi NCR,2024-09-22,26.2,9.7,5.4,False,False,,False,0.1,False,False
Delhi NCR,2024-09-23,24.4,9.8,8.5,False,False,,False,0.0,False,False
Delhi NCR,2024-09-24,25.3,11.5,12.1,False,False,,False,0.1,False,False
Delhi NCR,2024-09-25,26.6,9.2,32.7,False,False,,False,0.1,False,False
Delhi NCR,2024-09-26,23.8,10.2,17.0,False,False,,False,0.0,False,False
Delhi NCR,2024-09-27,24.5,12.6,5.4,False,False,Big Sale,False,0.0,False,True
Delhi NCR,2024-09-28,26.7,7.9,6.3,False,False,Big Sale,False,0.1,False,True
Delhi NCR,2024-09-29,23.6,8.8,21.3,False,False,Big Sale,False,0.1,False,True
Delhi NCR,2024-09-30,24.3,11.0,0.0,False,False,Big Sale,False,0.2,False,True
Delhi NCR,2024-10-01,18.9,10.8,0.8,False,False,Big Sale,False,0.0,False,True
Delhi NCR,2024-10-02,23.6,8.4,0.0,False,False,Big Sale,False,0.0,False,True
Delhi NCR,2024-10-03,22.1,7.0,0.0,False,False,Big Sale,False,0.0,False,True
Delhi NCR,2024-10-04,18.2,9.9,0.0,False,False,Big Sale,False,0.0,False,True
Delhi NCR,2024-10-05,21.6,9.0,1.2,False,False,Big Sale,False,0.1,False,True
Delhi NCR,2024-10-06,21.5,9.7,0.0,False,False,Big Sale,False,0.0,False,True
Delhi NCR,2024-10-07,22.2,12.0,0.0,False,False,,False,0.0,False,False
Delhi NCR,2024-10-08,22.0,9.0,0.0,False,False,,False,0.0,False,False
Delhi NCR,2024-10-09,21.2,8.5,1.3,False,False,,False,0.1,False,False
Delhi NCR,2024-10-10,22.3,7.6,0.0,False,False,,False,0.0,False,False
Delhi NCR,2024-10-11,22.1,11.0,2.3,False,False,,False,0.1,False,False
Delhi NCR,2024-10-12,19.8,8.2,6.8,False,False,,False,0.0,False,False
Delhi NCR,2024-10-13,19.8,9.5,0.0,False,False,,False,0.3,False,False
Delhi NCR,2024-10-14,22.2,9.2,0.0,False,False,,False,0.1,False,False
Delhi NCR,2024-10-15,19.5,8.9,3.0,False,False,,False,0.1,False,False
Delhi NCR,2024-10-16,21.9,9.9,3.2,False,False,,False,0.2,False,False
Delhi NCR,2024-10-17,20.7,8.0,3.1,False,False,,False,0.0,False,False
Delhi NCR,2024-10-18,21.2,9.0,0.0,False,False,,False,0.0,False,False
Delhi NCR,2024-10-19,20.8,8.3,0.0,False,False,,False,0.0,False,False
Delhi NCR,2024-10-20,21.9,7.7,0.6,False,False,,False,0.0,False,False
Delhi NCR,2024-10-21,22.8,9.1,0.0,False,False,,False,0.1,False,False
Delhi NCR,2024-10-22,22.2,6.6,0.0,False,False,,False,0.0,False,False
Delhi NCR,2024-10-23,20.5,8.9,0.0,False,False,,False,0.2,False,False
Delhi NCR,2024-10-24,21.2,9.4,7.5,False,False,,False,0.2,False,False
Delhi NCR,2024-10-25,22.1,10.5,0.0,False,False,,False,0.1,False,False
Delhi NCR,2024-10-26,21.5,9.8,0.0,False,False,,False,0.0,False,False
Delhi NCR,2024-10-27,20.5,6.4,0.0,False,False,,False,0.1,False,False
Delhi NCR,2024-10-28,19.5,8.3,3.1,False,False,,False,0.0,False,False
Delhi NCR,2024-10-29,20.8,7.1,1.1,False,False,Diwali week,False,0.0,False,False
Delhi NCR,2024-10-30,22.6,10.5,0.0,False,False,Diwali week,False,0.1,False,False
Delhi NCR,2024-10-31,20.2,9.5,0.0,False,False,Diwali week,False,0.1,False,False
Delhi NCR,2024-11-01,15.4,7.8,0.0,False,False,Diwali,True,0.0,False,False
Delhi NCR,2024-11-02,13.0,5.1,0.0,False,False,Diwali week,False,0.0,False,False
Delhi NCR,2024-11-03,16.0,6.8,0.8,False,False,Diwali week,False,0.1,False,False
Delhi NCR,2024-11-04,14.2,8.9,2.8,False,False,,False,0.2,False,False
Delhi NCR,2024-11-05,13.9,2.8,0.1,False,False,,False,0.0,False,False
Delhi NCR,2024-11-06,13.1,5.1,0.0,False,False,,False,0.0,False,False
Delhi NCR,2024-11-07,11.3,5.9,2.4,False,False,,False,0.0,False,False
Delhi NCR,2024-11-08,13.5,5.9,2.2,False,False,,False,0.1,False,False
Delhi NCR,2024-11-09,15.0,8.1,0.0,False,False,,False,0.0,False,False
Delhi NCR,2024-11-10,15.3,6.0,1.1,False,False,,False,0.1,False,False
Delhi NCR,2024-11-11,15.1,4.9,1.2,False,False,,False,0.0,False,False
Delhi NCR,2024-11-12,12.3,6.3,0.0,False,False,,False,0.1,False,False
Delhi NCR,2024-11-13,16.1,6.4,0.4,False,False,,False,0.1,False,False
Delhi NCR,2024-11-14,12.3,6.0,0.0,False,False,,False,0.0,False,False
Delhi NCR,2024-11-15,12.5,5.0,0.7,False,False,,False,0.0,False,False
Delhi NCR,2024-11-16,12.7,6.1,0.0,False,False,,False,0.0,False,False
Delhi NCR,2024-11-17,16.2,4.1,0.0,False,False,,False,0.0,False,False
Delhi NCR,2024-11-18,13.6,7.4,0.0,False,False,,False,0.0,False,False
Delhi NCR,2024-11-19,12.5,5.5,3.4,False,False,,False,0.1,False,False
Delhi NCR,2024-11-20,14.6,4.6,0.0,False,False,,False,0.4,False,False
Delhi NCR,2024-11-21,13.5,4.7,4.4,False,False,,False,0.2,False,False
Delhi NCR,2024-11-22,14.5,5.7,0.0,False,False,,False,0.1,False,False
Delhi NCR,2024-11-23,16.2,4.9,2.9,False,False,,False,0.2,False,False
Delhi NCR,2024-11-24,13.6,5.1,0.0,False,False,,False,0.1,False,False
Delhi NCR,2024-11-25,14.3,6.1,0.0,False,False,,False,0.1,False,False
Delhi NCR,2024-11-26,17.0,4.6,2.1,False,False,,False,0.0,False,False
Delhi NCR,2024-11-27,13.8,4.8,0.0,False,False,,False,0.0,False,False
Delhi NCR,2024-11-28,14.0,4.4,0.5,False,False,,False,0.1,False,False
Delhi NCR,2024-11-29,14.1,5.8,0.0,False,False,,False,0.1,False,False
Delhi NCR,2024-11-30,16.2,7.4,0.0,False,False,,False,0.0,False,False
Delhi NCR,2024-12-01,12.0,3.7,0.0,False,False,,False,0.0,False,False
Delhi NCR,2024-12-02,11.6,3.2,0.0,False,False,,False,0.1,False,False
Delhi NCR,2024-12-03,8.4,3.5,0.0,False,False,,False,0.0,False,False
Delhi NCR,2024-12-04,15.1,3.5,0.0,False,False,,False,0.0,False,False
Delhi NCR,2024-12-05,10.9,4.7,0.0,False,False,,False,0.0,False,False
Delhi NCR,2024-12-06,10.5,4.6,0.0,False,False,,False,0.1,False,False
Delhi NCR,2024-12-07,11.7,3.7,0.0,False,False,,False,0.0,False,False
Delhi NCR,2024-12-08,10.3,3.5,0.0,False,False,,False,0.0,False,False
Delhi NCR,2024-12-09,11.5,5.9,0.8,False,False,,False,0.0,False,False
Delhi NCR,2024-12-10,8.3,4.3,0.0,False,False,,False,0.1,False,False
Delhi NCR,2024-12-11,9.9,4.9,0.0,False,False,,False,0.0,False,False
Delhi NCR,2024-12-12,11.6,3.2,0.0,False,False,,False,0.1,False,False
Delhi NCR,2024-12-13,10.3,3.9,0.0,False,False,,False,0.0,False,False
Delhi NCR,2024-12-14,10.8,6.6,2.9,False,False,,False,0.3,False,False
Delhi NCR,2024-12-15,12.6,5.8,0.7,False,False,,False,0.1,False,False
Delhi NCR,2024-12-16,8.0,2.2,1.4,False,False,,False,0.0,False,False
Delhi NCR,2024-12-17,8.6,3.5,0.0,False,False,,False,0.0,False,False
Delhi NCR,2024-12-18,10.1,5.2,0.0,False,False,,False,0.0,False,False
Delhi NCR,2024-12-19,10.0,5.9,0.0,False,False,,False,0.0,False,False
Delhi NCR,2024-12-20,11.0,3.6,0.3,False,False,,False,0.0,False,False
Delhi NCR,2024-12-21,13.2,3.7,0.0,False,False,,False,0.1,False,False
Delhi NCR,2024-12-22,7.4,3.4,0.0,False,False,,False,0.1,False,False
Delhi NCR,2024-12-23,8.0,4.0,0.0,False,False,,False,0.1,False,False
Delhi NCR,2024-12-24,11.3,6.3,0.0,False,False,,False,0.0,False,False
Delhi NCR,2024-12-25,9.3,5.3,0.0,False,False,,False,0.0,False,False
Delhi NCR,2024-12-26,11.9,6.3,0.0,False,False,,False,0.0,False,False
Delhi NCR,2024-12-27,10.0,4.8,0.0,False,False,,False,0.0,False,False
Delhi NCR,2024-12-28,8.5,2.1,0.0,False,False,,False,0.1,False,False
Delhi NCR,2024-12-29,12.2,5.3,0.0,False,False,,False,0.0,False,False
Delhi NCR,2024-12-30,14.0,6.0,0.0,False,False,,False,0.0,False,False
Delhi NCR,2024-12-31,10.8,3.4,1.0,False,False,,False,0.3,False,False
Delhi NCR,2025-01-01,10.5,4.7,0.8,False,False,,False,0.1,False,False
Delhi NCR,2025-01-02,8.7,4.7,0.0,False,False,,False,0.1,False,False
Delhi NCR,2025-01-03,11.0,4.9,0.2,False,False,,False,0.0,False,False
Delhi NCR,2025-01-04,11.2,4.3,0.0,False,False,,False,0.5,False,False
Delhi NCR,2025-01-05,10.2,4.7,0.0,False,False,,False,0.1,False,False
Delhi NCR,2025-01-06,9.3,1.0,0.0,False,False,,False,0.2,False,False
Delhi NCR,2025-01-07,9.8,3.3,0.0,False,False,,False,0.1,False,False
Delhi NCR,2025-01-08,10.0,3.3,0.0,False,False,,False,0.0,False,False
Delhi NCR,2025-01-09,11.5,3.6,5.2,False,False,,False,0.1,False,False
Delhi NCR,2025-01-10,8.2,4.2,3.1,False,False,,False,0.0,False,False
Delhi NCR,2025-01-11,8.2,4.2,1.3,False,False,,False,0.0,False,False
Delhi NCR,2025-01-12,11.0,3.8,0.0,False,False,,False,0.3,False,False
Delhi NCR,2025-01-13,9.1,4.1,0.4,False,False,,False,0.1,False,False
Delhi NCR,2025-01-14,11.8,3.2,0.0,False,False,,False,0.0,False,False
Delhi NCR,2025-01-15,12.6,4.2,0.0,False,False,,False,0.1,False,False
Delhi NCR,2025-01-16,10.3,4.8,1.4,False,False,,False,0.1,False,False
Delhi NCR,2025-01-17,9.8,5.8,0.0,False,False,,False,0.0,False,False
Delhi NCR,2025-01-18,9.2,5.2,0.0,False,False,,False,0.1,False,False
Delhi NCR,2025-01-19,15.5,4.6,0.0,False,False,,False,0.1,False,False
Delhi NCR,2025-01-20,13.1,3.1,0.0,False,False,,False,0.0,False,False
Delhi NCR,2025-01-21,10.7,4.0,0.0,False,False,,False,0.1,False,False
Delhi NCR,2025-01-22,11.4,4.9,0.0,False,False,,False,0.0,False,False
Delhi NCR,2025-01-23,9.8,4.1,0.6,False,False,,False,0.1,False,False
Delhi NCR,2025-01-24,8.3,4.3,0.0,False,False,,False,0.1,False,False
Delhi NCR,2025-01-25,9.6,5.3,0.0,False,False,,False,0.1,False,False
Delhi NCR,2025-01-26,10.3,5.8,0.0,False,False,,False,0.1,False,False
Delhi NCR,2025-01-27,11.0,3.1,1.0,False,False,,False,0.0,False,False
Delhi NCR,2025-01-28,10.5,5.5,0.0,False,False,,False,0.0,False,False
Delhi NCR,2025-01-29,13.0,6.0,1.4,False,False,,False,0.1,False,False
Delhi NCR,2025-01-30,7.3,3.3,3.4,False,False,,False,0.1,False,False
Delhi NCR,2025-01-31,9.4,2.8,0.0,False,False,,False,0.1,False,False
Delhi NCR,2025-02-01,13.8,4.6,0.0,False,False,,False,0.2,False,False
Delhi NCR,2025-02-02,14.3,5.0,2.7,False,False,,False,0.0,False,False
Delhi NCR,2025-02-03,15.0,4.0,0.0,False,False,,False,0.1,False,False
Delhi NCR,2025-02-04,15.2,5.5,0.0,False,False,,False,0.1,False,False
Delhi NCR,2025-02-05,15.1,6.4,0.2,False,False,,False,0.1,False,False
Delhi NCR,2025-02-06,15.4,4.6,2.6,False,False,,False,0.0,False,False
Delhi NCR,2025-02-07,14.6,6.1,1.4,False,False,,False,0.0,False,False
Delhi NCR,2025-02-08,13.8,6.2,0.0,False,False,,False,0.0,False,False
Delhi NCR,2025-02-09,13.9,5.5,0.0,False,False,,False,0.0,False,False
Delhi NCR,2025-02-10,13.7,5.0,0.1,False,False,,False,0.0,False,False
Delhi NCR,2025-02-11,12.0,4.4,0.0,False,False,,False,0.1,False,False
Delhi NCR,2025-02-12,15.9,4.9,1.9,False,False,,False,0.1,False,False
Delhi NCR,2025-02-13,13.9,5.8,0.0,False,False,,False,0.0,False,False
Delhi NCR,2025-02-14,15.4,6.1,0.0,False,False,,False,0.0,False,False
Delhi NCR,2025-02-15,14.4,7.5,0.0,False,False,,False,0.3,False,False
Delhi NCR,2025-02-16,14.9,4.8,1.5,False,False,,False,0.2,False,False
Delhi NCR,2025-02-17,14.2,6.1,0.0,False,False,,False,0.1,False,False
Delhi NCR,2025-02-18,16.3,4.5,0.0,False,False,,False,0.1,False,False
Delhi NCR,2025-02-19,11.9,6.0,0.0,False,False,,False,0.1,False,False
Delhi NCR,2025-02-20,15.3,5.6,0.0,False,False,,False,0.0,False,False
Delhi NCR,2025-02-21,13.8,5.3,0.2,False,False,,False,0.0,False,False
Delhi NCR,2025-02-22,13.4,4.2,0.8,False,False,,False,0.1,False,False
Delhi NCR,2025-02-23,13.4,4.5,1.4,False,False,,False,0.1,False,False
Delhi NCR,2025-02-24,13.6,5.0,0.9,False,False,,False,0.1,False,False
Delhi NCR,2025-02-25,12.0,6.3,0.0,False,False,,False,0.1,False,False
Delhi NCR,2025-02-26,14.1,7.1,0.0,False,False,,False,0.0,False,False
Delhi NCR,2025-02-27,15.2,5.5,0.0,False,False,,False,0.1,False,False
Delhi NCR,2025-02-28,15.0,6.5,3.1,False,False,,False,0.0,False,False
Delhi NCR,2025-03-01,22.2,9.1,0.1,False,False,,False,0.1,False,False
Delhi NCR,2025-03-02,22.7,9.6,0.0,False,False,,False,0.0,False,False
Delhi NCR,2025-03-03,21.6,11.6,0.2,False,False,,False,0.1,False,False
Delhi NCR,2025-03-04,21.1,9.4,4.0,False,False,,False,0.0,False,False
Delhi NCR,2025-03-05,24.3,10.0,1.4,False,False,,False,0.1,False,False
Delhi NCR,2025-03-06,25.6,8.7,0.9,False,False,,False,0.0,False,False
Delhi NCR,2025-03-07,25.3,8.9,0.1,False,False,,False,0.4,False,False
Delhi NCR,2025-03-08,23.4,9.5,0.4,False,False,,False,0.0,False,False
Delhi NCR,2025-03-09,24.7,9.3,0.0,False,False,,False,0.0,False,False
Delhi NCR,2025-03-10,24.6,12.3,0.0,False,False,,False,0.0,False,False
Delhi NCR,2025-03-11,25.8,11.2,0.7,False,False,,False,0.0,False,False
Delhi NCR,2025-03-12,21.8,9.5,0.0,False,False,,False,0.1,False,False
Delhi NCR,2025-03-13,28.1,10.0,0.6,False,False,,False,0.0,False,False
Delhi NCR,2025-03-14,23.1,7.4,0.2,False,False,Holi,True,0.1,False,False
Delhi NCR,2025-03-15,21.7,7.4,0.1,False,False,,False,0.0,False,False
Delhi NCR,2025-03-16,20.6,7.2,0.0,False,False,,False,0.3,False,False
Delhi NCR,2025-03-17,25.5,10.0,0.0,False,False,,False,0.2,False,False
Delhi NCR,2025-03-18,20.3,10.8,0.0,False,False,,False,0.1,False,False
Delhi NCR,2025-03-19,24.9,9.5,0.0,False,False,,False,0.1,False,False
Delhi NCR,2025-03-20,20.9,11.1,0.0,False,False,,False,0.0,False,False
Delhi NCR,2025-03-21,20.9,9.4,0.0,False,False,,False,0.0,False,False
Delhi NCR,2025-03-22,23.2,9.0,0.0,False,False,,False,0.0,False,False
Delhi NCR,2025-03-23,22.1,9.0,1.6,False,False,,False,0.2,False,False
Delhi NCR,2025-03-24,24.0,10.5,0.1,False,False,,False,0.0,False,False
Delhi NCR,2025-03-25,22.9,11.0,2.0,False,False,,False,0.2,False,False
Delhi NCR,2025-03-26,26.0,10.3,0.0,False,False,,False,0.0,False,False
Delhi NCR,2025-03-27,21.8,9.5,0.0,False,False,,False,0.1,False,False
Delhi NCR,2025-03-28,25.6,10.8,0.5,False,False,,False,0.1,False,False
Delhi NCR,2025-03-29,25.7,10.2,0.0,False,False,,False,0.0,False,False
Delhi NCR,2025-03-30,22.2,9.0,0.0,False,False,,False,0.1,False,False
Delhi NCR,2025-03-31,20.2,10.2,1.8,False,False,,False,0.0,False,False
Delhi NCR,2025-04-01,37.2,13.4,0.0,False,False,,False,0.0,False,False
Delhi NCR,2025-04-02,36.0,15.6,0.7,False,False,,False,0.2,False,False
Delhi NCR,2025-04-03,39.0,14.3,2.5,False,False,,False,0.1,False,False
Delhi NCR,2025-04-04,36.4,13.3,0.0,False,False,,False,0.1,False,False
Delhi NCR,2025-04-05,38.4,14.1,0.0,False,False,,False,0.1,False,False
Delhi NCR,2025-04-06,35.4,13.3,0.0,False,False,,False,0.0,False,False
Delhi NCR,2025-04-07,36.7,13.8,0.1,False,False,,False,0.1,False,False
Delhi NCR,2025-04-08,36.5,14.2,0.0,False,False,,False,0.2,False,False
Delhi NCR,2025-04-09,36.5,13.5,0.0,False,False,,False,0.2,False,False
Delhi NCR,2025-04-10,38.1,13.0,0.4,False,False,,False,0.1,False,False
Delhi NCR,2025-04-11,38.7,14.0,0.3,False,False,,False,0.1,False,False
Delhi NCR,2025-04-12,37.0,15.4,2.6,False,False,,False,0.1,False,False
Delhi NCR,2025-04-13,39.0,16.3,0.6,False,False,,False,0.0,False,False
Delhi NCR,2025-04-14,33.4,14.1,0.0,False,False,,False,0.1,False,False
Delhi NCR,2025-04-15,38.1,14.3,0.3,False,False,,False,0.1,False,False
Delhi NCR,2025-04-16,38.6,13.8,0.0,False,False,,False,0.0,False,False
Delhi NCR,2025-04-17,38.2,16.2,0.0,False,False,,False,0.0,False,False
Delhi NCR,2025-04-18,37.1,14.0,0.0,False,False,,False,0.0,False,False
Delhi NCR,2025-04-19,37.1,15.4,0.0,False,False,,False,0.1,False,False
Delhi NCR,2025-04-20,35.9,15.6,3.3,False,False,,False,0.2,False,False
Delhi NCR,2025-04-21,33.3,16.2,0.9,False,False,,False,0.0,False,False
Delhi NCR,2025-04-22,36.0,14.1,2.8,False,False,,False,0.0,False,False
Delhi NCR,2025-04-23,35.3,12.7,0.7,False,False,,False,0.0,False,False
Delhi NCR,2025-04-24,33.5,13.5,4.2,False,False,,False,0.0,False,False
Delhi NCR,2025-04-25,37.2,15.0,0.0,False,False,,False,0.0,False,False
Delhi NCR,2025-04-26,35.1,14.3,0.2,False,False,,False,0.1,False,False
Delhi NCR,2025-04-27,34.7,13.9,0.6,False,False,,False,0.0,False,False
Delhi NCR,2025-04-28,37.0,14.8,0.2,False,False,,False,0.0,False,False
Delhi NCR,2025-04-29,37.6,14.2,1.0,False,False,,False,0.1,False,False
Delhi NCR,2025-04-30,35.9,15.7,0.8,False,False,,False,0.1,False,False
Delhi NCR,2025-05-01,45.8,16.9,1.2,True,False,,False,0.0,False,False
Delhi NCR,2025-05-02,44.3,17.7,0.0,True,False,,False,0.1,False,False
Delhi NCR,2025-05-03,45.9,18.9,0.0,True,False,,False,0.1,False,False
Delhi NCR,2025-05-04,46.3,16.8,2.1,True,False,,False,0.1,False,False
Delhi NCR,2025-05-05,47.1,18.6,0.0,True,False,,False,0.3,False,False
Delhi NCR,2025-05-06,45.3,20.3,2.9,True,False,,False,1.1,False,False
Delhi NCR,2025-05-07,45.6,16.2,0.0,True,False,,False,0.0,False,False
Delhi NCR,2025-05-08,45.6,18.0,0.0,True,False,,False,0.4,False,False
Delhi NCR,2025-05-09,46.5,19.0,0.4,True,False,,False,0.2,False,False
Delhi NCR,2025-05-10,46.5,19.5,0.0,True,False,,False,0.5,False,False
Delhi NCR,2025-05-11,47.9,18.0,1.1,True,False,,False,0.2,False,False
Delhi NCR,2025-05-12,44.6,18.3,2.2,True,False,,False,0.4,False,False
Delhi NCR,2025-05-13,45.3,16.5,0.0,True,False,,False,0.2,False,False
Delhi NCR,2025-05-14,45.4,18.6,0.0,True,False,,False,0.2,False,False
Delhi NCR,2025-05-15,47.4,19.3,0.0,True,False,,False,0.2,False,False
Delhi NCR,2025-05-16,43.6,18.4,0.0,True,False,,False,0.0,False,False
Delhi NCR,2025-05-17,45.6,19.5,0.0,True,False,,False,0.3,False,False
Delhi NCR,2025-05-18,46.1,19.1,0.5,True,False,,False,0.6,False,False
Delhi NCR,2025-05-19,40.6,19.1,0.0,False,False,,False,0.2,False,False
Delhi NCR,2025-05-20,41.8,16.3,1.5,False,False,,False,0.3,False,False
Delhi NCR,2025-05-21,44.8,15.5,0.0,True,False,,False,0.1,False,False
Delhi NCR,2025-05-22,48.8,18.6,3.7,True,False,,False,0.8,False,False
Delhi NCR,2025-05-23,46.3,18.1,0.2,True,False,,False,0.5,False,False
Delhi NCR,2025-05-24,42.6,16.9,0.6,True,False,,False,0.4,False,False
Delhi NCR,2025-05-25,46.9,19.9,0.0,True,False,,False,0.1,False,False
Delhi NCR,2025-05-26,43.8,19.3,0.0,True,False,,False,0.2,False,False
Delhi NCR,2025-05-27,45.2,18.1,0.0,True,False,,False,0.0,False,False
Delhi NCR,2025-05-28,44.5,17.3,2.3,True,False,,False,0.1,False,False
Delhi NCR,2025-05-29,46.3,14.9,2.8,True,False,,False,0.0,False,False
Delhi NCR,2025-05-30,45.7,20.0,0.9,True,False,,False,0.0,False,False
Delhi NCR,2025-05-31,47.7,16.2,3.2,True,False,,False,0.0,False,False
Delhi NCR,2025-06-01,42.7,16.1,1.5,True,False,,False,0.1,False,False
Delhi NCR,2025-06-02,40.6,17.4,8.2,False,False,,False,0.6,False,False
Delhi NCR,2025-06-03,38.9,15.5,9.9,False,False,,False,0.1,False,False
Delhi NCR,2025-06-04,40.1,15.2,5.9,False,False,,False,0.1,False,False
Delhi NCR,2025-06-05,39.6,15.6,4.2,False,False,,False,0.0,False,False
Delhi NCR,2025-06-06,41.3,17.4,2.1,False,False,,False,0.3,False,False
Delhi NCR,2025-06-07,39.2,16.8,0.0,False,False,,False,0.1,False,False
Delhi NCR,2025-06-08,40.4,16.4,7.9,False,False,,False,0.1,False,False
Delhi NCR,2025-06-09,41.5,16.5,1.0,False,False,,False,0.1,False,False
Delhi NCR,2025-06-10,39.9,12.7,9.7,False,False,,False,0.3,False,False
Delhi NCR,2025-06-11,38.0,16.2,17.2,False,False,,False,0.0,False,False
Delhi NCR,2025-06-12,39.9,15.2,23.0,False,False,,False,0.0,False,False
Delhi NCR,2025-06-13,42.0,17.5,16.1,True,False,,False,0.2,False,False
Delhi NCR,2025-06-14,39.1,14.9,1.3,False,False,,False,0.1,False,False
Delhi NCR,2025-06-15,37.0,14.9,45.5,False,False,,False,0.2,False,False
Delhi NCR,2025-06-16,39.1,16.9,10.6,False,False,,False,0.0,False,False
Delhi NCR,2025-06-17,39.9,15.3,1.1,False,False,,False,0.9,False,False
Delhi NCR,2025-06-18,40.2,17.0,0.5,False,False,,False,0.2,False,False
Delhi NCR,2025-06-19,39.0,16.9,5.3,False,False,,False,0.5,False,False
Delhi NCR,2025-06-20,42.3,16.6,25.1,True,False,,False,0.1,False,False
Delhi NCR,2025-06-21,35.7,16.1,2.5,False,False,,False,0.6,False,False
Delhi NCR,2025-06-22,39.4,18.7,13.7,False,False,,False,0.0,False,False
Delhi NCR,2025-06-23,39.3,16.0,6.5,False,False,,False,0.0,False,False
Delhi NCR,2025-06-24,40.9,18.1,12.8,False,False,,False,0.4,False,False
Delhi NCR,2025-06-25,38.4,17.0,34.4,False,False,,False,0.1,False,False
Delhi NCR,2025-06-26,38.9,15.2,0.0,False,False,,False,0.1,False,False
Delhi NCR,2025-06-27,37.4,16.1,26.9,False,False,,False,0.1,False,False
Delhi NCR,2025-06-28,40.8,16.8,10.8,False,False,,False,0.5,False,False
Delhi NCR,2025-06-29,41.5,18.7,14.8,False,False,,False,0.1,False,False
Delhi NCR,2025-06-30,40.0,16.7,22.2,False,False,,False,0.3,False,False
Hyderabad,2024-01-01,16.9,5.0,0.0,False,False,,False,0.0,False,False
Hyderabad,2024-01-02,15.6,6.2,0.0,False,False,,False,0.0,False,False
Hyderabad,2024-01-03,15.0,8.2,4.1,False,False,,False,0.2,False,False
Hyderabad,2024-01-04,19.5,6.0,5.7,False,False,,False,0.0,False,False
Hyderabad,2024-01-05,19.7,5.6,0.0,False,False,,False,0.1,False,False
Hyderabad,2024-01-06,14.3,6.6,0.0,False,False,,False,0.2,False,False
Hyderabad,2024-01-07,14.5,7.0,3.7,False,False,,False,0.1,False,False
Hyderabad,2024-01-08,17.8,8.1,0.8,False,False,,False,0.1,False,False
Hyderabad,2024-01-09,15.0,6.3,6.0,False,False,,False,0.0,False,False
Hyderabad,2024-01-10,15.9,7.2,0.7,False,False,,False,0.1,False,False
Hyderabad,2024-01-11,17.7,6.6,0.0,False,False,,False,0.0,False,False
Hyderabad,2024-01-12,19.4,5.7,0.0,False,False,,False,0.1,False,False
Hyderabad,2024-01-13,17.7,6.9,1.9,False,False,,False,0.1,False,False
Hyderabad,2024-01-14,17.6,6.5,0.4,False,False,,False,0.0,False,False
Hyderabad,2024-01-15,16.8,6.1,1.9,False,False,,False,0.0,False,False
Hyderabad,2024-01-16,18.1,5.9,5.3,False,False,,False,0.0,False,False
Hyderabad,2024-01-17,13.3,8.5,0.0,False,False,,False,0.0,False,False
Hyderabad,2024-01-18,16.6,7.0,0.3,False,False,,False,0.0,False,False
Hyderabad,2024-01-19,17.2,7.3,0.6,False,False,,False,0.1,False,False
Hyderabad,2024-01-20,16.8,5.0,0.0,False,False,,False,0.0,False,False
Hyderabad,2024-01-21,14.3,5.7,0.0,False,False,,False,0.0,False,False
Hyderabad,2024-01-22,17.9,6.1,0.7,False,False,,False,0.3,False,False
Hyderabad,2024-01-23,17.9,7.4,0.0,False,False,,False,0.0,False,False
Hyderabad,2024-01-24,16.2,8.4,0.0,False,False,,False,0.0,False,False
Hyderabad,2024-01-25,13.6,6.1,0.2,False,False,,False,0.0,False,False
Hyderabad,2024-01-26,15.3,6.0,1.5,False,False,,False,0.1,False,False
Hyderabad,2024-01-27,16.9,6.9,0.0,False,False,,False,0.0,False,False
Hyderabad,2024-01-28,17.2,6.6,0.2,False,False,,False,0.0,False,False
Hyderabad,2024-01-29,15.7,7.3,0.4,False,False,,False,0.0,False,False
Hyderabad,2024-01-30,17.0,4.5,0.6,False,False,,False,0.1,False,False
Hyderabad,2024-01-31,15.8,6.1,0.0,False,False,,False,0.0,False,False
Hyderabad,2024-02-01,19.2,8.4,0.0,False,False,,False,0.2,False,False
Hyderabad,2024-02-02,19.8,7.4,3.0,False,False,,False,0.0,False,False
Hyderabad,2024-02-03,19.4,6.4,0.0,False,False,,False,0.0,False,False
Hyderabad,2024-02-04,20.0,8.3,0.0,False,False,,False,0.0,False,False
Hyderabad,2024-02-05,19.2,9.2,0.0,False,False,,False,0.2,False,False
Hyderabad,2024-02-06,19.3,8.8,0.3,False,False,,False,0.1,False,False
Hyderabad,2024-02-07,17.5,7.3,0.5,False,False,,False,0.0,False,False
Hyderabad,2024-02-08,16.6,8.0,0.8,False,False,,False,0.1,False,False
Hyderabad,2024-02-09,15.5,9.2,0.0,False,False,,False,0.1,False,False
Hyderabad,2024-02-10,17.0,7.1,1.0,False,False,,False,0.1,False,False
Hyderabad,2024-02-11,17.8,8.9,0.0,False,False,,False,0.0,False,False
Hyderabad,2024-02-12,19.1,6.6,0.0,False,False,,False,0.0,False,False
Hyderabad,2024-02-13,19.6,8.4,0.0,False,False,,False,0.0,False,False
Hyderabad,2024-02-14,19.1,7.9,0.1,False,False,,False,0.1,False,False
Hyderabad,2024-02-15,17.7,9.2,0.8,False,False,,False,0.0,False,False
Hyderabad,2024-02-16,18.3,8.0,0.0,False,False,,False,0.0,False,False
Hyderabad,2024-02-17,18.9,7.4,0.0,False,False,,False,0.1,False,False
Hyderabad,2024-02-18,19.6,9.4,0.0,False,False,,False,0.1,False,False
Hyderabad,2024-02-19,16.1,9.6,0.0,False,False,,False,0.1,False,False
Hyderabad,2024-02-20,17.9,9.7,0.0,False,False,,False,0.3,False,False
Hyderabad,2024-02-21,18.7,9.3,0.0,False,False,,False,0.0,False,False
Hyderabad,2024-02-22,18.2,8.4,0.4,False,False,,False,0.1,False,False
Hyderabad,2024-02-23,19.3,7.1,0.0,False,False,,False,0.1,False,False
Hyderabad,2024-02-24,16.2,7.0,0.0,False,False,,False,0.0,False,False
Hyderabad,2024-02-25,17.3,7.0,0.8,False,False,,False,0.1,False,False
Hyderabad,2024-02-26,18.0,4.9,0.4,False,False,,False,0.1,False,False
Hyderabad,2024-02-27,19.1,8.0,0.0,False,False,,False,0.1,False,False
Hyderabad,2024-02-28,17.2,8.5,0.0,False,False,,False,0.1,False,False
Hyderabad,2024-02-29,17.1,7.7,1.9,False,False,,False,0.0,False,False
Hyderabad,2024-03-01,27.9,9.8,0.0,False,False,,False,0.0,False,False
Hyderabad,2024-03-02,24.6,10.4,4.6,False,False,,False,0.0,False,False
Hyderabad,2024-03-03,22.7,10.1,0.0,False,False,,False,0.0,False,False
Hyderabad,2024-03-04,26.0,9.9,0.0,False,False,,False,0.0,False,False
Hyderabad,2024-03-05,25.6,12.9,0.0,False,False,,False,0.2,False,False
Hyderabad,2024-03-06,28.5,8.4,3.0,False,False,,False,0.2,False,False
Hyderabad,2024-03-07,24.3,10.6,0.0,False,False,,False,0.0,False,False
Hyderabad,2024-03-08,26.3,9.9,0.2,False,False,,False,0.1,False,False
Hyderabad,2024-03-09,27.6,11.5,0.0,False,False,,False,0.3,False,False
Hyderabad,2024-03-10,23.8,11.3,0.0,False,False,,False,0.1,False,False
Hyderabad,2024-03-11,27.2,9.9,3.9,False,False,,False,0.1,False,False
Hyderabad,2024-03-12,27.6,10.6,0.0,False,False,,False,0.1,False,False
Hyderabad,2024-03-13,25.9,10.1,0.4,False,False,,False,0.2,False,False
Hyderabad,2024-03-14,24.6,10.0,0.0,False,False,,False,0.0,False,False
Hyderabad,2024-03-15,24.0,10.5,0.0,False,False,,False,0.1,False,False
Hyderabad,2024-03-16,26.0,10.7,0.0,False,False,,False,0.1,False,False
Hyderabad,2024-03-17,24.1,10.6,0.7,False,False,,False,0.0,False,False
Hyderabad,2024-03-18,26.5,12.7,0.7,False,False,,False,0.0,False,False
Hyderabad,2024-03-19,24.9,11.3,2.1,False,False,,False,0.3,False,False
Hyderabad,2024-03-20,25.1,11.5,3.4,False,False,,False,0.0,False,False
Hyderabad,2024-03-21,26.6,10.7,1.4,False,False,,False,0.0,False,False
Hyderabad,2024-03-22,25.5,10.0,1.3,False,False,,False,0.1,False,False
Hyderabad,2024-03-23,21.9,11.5,1.8,False,False,,False,0.0,False,False
Hyderabad,2024-03-24,23.7,10.3,0.0,False,False,,False,0.0,False,False
Hyderabad,2024-03-25,26.3,8.2,0.0,False,False,Holi,True,0.0,False,False
Hyderabad,2024-03-26,26.4,11.7,4.6,False,False,,False,0.0,False,False
Hyderabad,2024-03-27,23.6,9.3,0.0,False,False,,False,0.0,False,False
Hyderabad,2024-03-28,24.5,10.7,0.1,False,False,,False,0.0,False,False
Hyderabad,2024-03-29,28.2,11.7,0.0,False,False,,False,0.0,False,False
Hyderabad,2024-03-30,25.8,12.0,0.4,False,False,,False,0.1,False,False
Hyderabad,2024-03-31,25.3,7.8,0.0,False,False,,False,0.2,False,False
Hyderabad,2024-04-01,34.8,14.6,0.0,False,False,,False,0.1,False,False
Hyderabad,2024-04-02,36.9,14.5,0.0,False,False,,False,0.1,False,False
Hyderabad,2024-04-03,32.9,12.9,1.8,False,False,,False,0.0,False,False
Hyderabad,2024-04-04,31.9,14.7,0.0,False,False,,False,0.0,False,False
Hyderabad,2024-04-05,33.2,13.4,0.0,False,False,,False,0.0,False,False
Hyderabad,2024-04-06,35.6,14.6,1.1,False,False,,False,0.0,False,False
Hyderabad,2024-04-07,35.1,13.7,1.2,False,False,,False,0.0,False,False
Hyderabad,2024-04-08,34.8,13.9,0.0,False,False,,False,0.0,False,False
Hyderabad,2024-04-09,29.9,14.1,0.0,False,False,,False,0.1,False,False
Hyderabad,2024-04-10,34.4,14.1,0.0,False,False,,False,0.0,False,False
Hyderabad,2024-04-11,34.1,14.9,2.7,False,False,,False,0.1,False,False
Hyderabad,2024-04-12,35.4,13.7,0.7,False,False,,False,0.1,False,False
Hyderabad,2024-04-13,33.8,17.6,0.0,False,False,,False,0.0,False,False
Hyderabad,2024-04-14,34.5,15.1,1.4,False,False,,False,0.0,False,False
Hyderabad,2024-04-15,32.3,16.7,0.4,False,False,,False,0.1,False,False
Hyderabad,2024-04-16,32.7,12.3,0.0,False,False,,False,0.0,False,False
Hyderabad,2024-04-17,34.3,16.0,2.4,False,False,,False,0.0,False,False
Hyderabad,2024-04-18,32.7,13.4,0.0,False,False,,False,0.1,False,False
Hyderabad,2024-04-19,35.6,15.5,0.0,False,False,,False,0.2,False,False
Hyderabad,2024-04-20,35.1,13.1,0.0,False,False,,False,0.2,False,False
Hyderabad,2024-04-21,33.0,13.9,2.6,False,False,,False,0.0,False,False
Hyderabad,2024-04-22,34.0,13.3,2.6,False,False,,False,0.0,False,False
Hyderabad,2024-04-23,33.6,14.9,0.0,False,False,,False,0.0,False,False
Hyderabad,2024-04-24,33.2,13.7,0.0,False,False,,False,0.0,False,False
Hyderabad,2024-04-25,36.4,13.2,0.0,False,False,,False,0.0,False,False
Hyderabad,2024-04-26,33.0,13.7,3.3,False,False,,False,0.1,False,False
Hyderabad,2024-04-27,38.1,14.0,0.0,False,False,,False,0.0,False,False
Hyderabad,2024-04-28,32.8,15.1,0.6,False,False,,False,0.0,False,False
Hyderabad,2024-04-29,33.7,14.5,5.8,False,False,,False,0.1,False,False
Hyderabad,2024-04-30,32.6,13.3,0.0,False,False,,False,0.0,False,False
Hyderabad,2024-05-01,42.5,17.9,0.1,True,False,,False,0.0,False,False
Hyderabad,2024-05-02,40.0,17.4,1.1,False,False,,False,0.4,False,False
Hyderabad,2024-05-03,44.2,18.2,1.7,True,False,,False,0.1,False,False
Hyderabad,2024-05-04,41.8,19.1,0.0,False,False,,False,0.0,False,False
Hyderabad,2024-05-05,41.8,20.2,0.0,False,False,,False,0.1,False,False
Hyderabad,2024-05-06,41.4,14.8,0.0,False,False,,False,0.0,False,False
Hyderabad,2024-05-07,42.9,16.1,0.2,True,False,,False,0.1,False,False
Hyderabad,2024-05-08,40.8,17.8,0.2,False,False,,False,0.3,False,False
Hyderabad,2024-05-09,41.3,17.7,1.0,False,False,,False,0.0,False,False
Hyderabad,2024-05-10,42.0,16.5,0.0,True,False,,False,0.1,False,False
Hyderabad,2024-05-11,42.4,17.1,1.4,True,False,,False,0.1,False,False
Hyderabad,2024-05-12,42.7,16.9,0.0,True,False,,False,0.1,False,False
Hyderabad,2024-05-13,41.3,17.1,0.0,False,False,,False,0.0,False,False
Hyderabad,2024-05-14,42.4,16.5,1.1,True,False,,False,0.0,False,False
Hyderabad,2024-05-15,42.0,18.5,0.0,False,False,,False,0.1,False,False
Hyderabad,2024-05-16,41.8,19.2,4.8,False,False,,False,0.2,False,False
Hyderabad,2024-05-17,39.1,17.2,0.0,False,False,,False,0.3,False,False
Hyderabad,2024-05-18,40.5,15.0,0.0,False,False,,False,0.0,False,False
Hyderabad,2024-05-19,42.1,16.7,1.2,True,False,,False,0.1,False,False
Hyderabad,2024-05-20,43.3,14.7,1.8,True,False,,False,0.1,False,False
Hyderabad,2024-05-21,40.8,16.8,0.3,False,False,,False,0.1,False,False
Hyderabad,2024-05-22,41.3,18.7,0.9,False,False,,False,0.0,False,False
Hyderabad,2024-05-23,40.7,17.5,0.0,False,False,,False,0.1,False,False
Hyderabad,2024-05-24,41.5,17.6,0.0,False,False,,False,0.0,False,False
Hyderabad,2024-05-25,42.7,16.1,2.2,True,False,,False,0.1,False,False
Hyderabad,2024-05-26,40.8,16.6,0.0,False,False,,False,0.1,False,False
Hyderabad,2024-05-27,41.9,17.0,0.5,False,False,,False,0.0,False,False
Hyderabad,2024-05-28,41.7,17.5,0.0,False,False,,False,0.2,False,False
Hyderabad,2024-05-29,39.0,16.5,1.7,False,False,,False,0.1,False,False
Hyderabad,2024-05-30,39.9,17.6,0.0,False,False,,False,0.0,False,False
Hyderabad,2024-05-31,40.1,14.7,0.0,False,False,,False,0.1,False,False
Hyderabad,2024-06-01,39.5,15.3,19.9,False,False,,False,0.1,False,False
Hyderabad,2024-06-02,35.3,14.1,2.7,False,False,,False,0.1,False,False
Hyderabad,2024-06-03,37.3,16.2,0.0,False,False,,False,0.6,False,False
Hyderabad,2024-06-04,39.0,15.0,3.9,False,False,,False,0.1,False,False
Hyderabad,2024-06-05,38.0,14.2,21.0,False,False,,False,0.0,False,False
Hyderabad,2024-06-06,38.5,16.3,2.4,False,False,,False,0.1,False,False
Hyderabad,2024-06-07,36.6,17.8,0.0,False,False,,False,0.0,False,False
Hyderabad,2024-06-08,38.0,15.4,0.8,False,False,,False,0.0,False,False
Hyderabad,2024-06-09,37.0,14.2,16.9,False,False,,False,0.1,False,False
Hyderabad,2024-06-10,37.6,16.2,30.8,False,False,,False,0.1,False,False
Hyderabad,2024-06-11,36.8,12.9,14.8,False,False,,False,0.1,False,False
Hyderabad,2024-06-12,36.2,17.9,6.4,False,False,,False,0.2,False,False
Hyderabad,2024-06-13,38.3,17.0,2.6,False,False,,False,0.1,False,False
Hyderabad,2024-06-14,38.4,15.8,11.2,False,False,,False,0.2,False,False
Hyderabad,2024-06-15,37.7,13.7,16.3,False,False,,False,0.1,False,False
Hyderabad,2024-06-16,34.0,16.6,14.4,False,False,,False,0.0,False,False
Hyderabad,2024-06-17,36.3,15.6,10.0,False,False,,False,0.1,False,False
Hyderabad,2024-06-18,36.6,15.3,10.5,False,False,,False,0.1,False,False
Hyderabad,2024-06-19,38.5,14.6,8.7,False,False,,False,0.1,False,False
Hyderabad,2024-06-20,38.5,17.6,2.8,False,False,,False,0.0,False,False
Hyderabad,2024-06-21,37.2,13.9,2.2,False,False,,False,0.0,False,False
Hyderabad,2024-06-22,39.4,15.5,0.0,False,False,,False,0.0,False,False
Hyderabad,2024-06-23,40.1,16.5,16.3,False,False,,False,0.1,False,False
Hyderabad,2024-06-24,36.6,14.1,3.9,False,False,,False,0.1,False,False
Hyderabad,2024-06-25,34.9,15.7,19.1,False,False,,False,0.0,False,False
Hyderabad,2024-06-26,38.2,17.3,13.1,False,False,,False,0.0,False,False
Hyderabad,2024-06-27,37.4,16.0,28.0,False,False,,False,0.0,False,False
Hyderabad,2024-06-28,35.7,14.7,0.0,False,False,,False,0.1,False,False
Hyderabad,2024-06-29,37.9,15.9,1.6,False,False,,False,0.3,False,False
Hyderabad,2024-06-30,37.0,15.1,0.0,False,False,,False,0.0,False,False
Hyderabad,2024-07-01,25.8,11.6,15.0,False,False,,False,0.1,False,False
Hyderabad,2024-07-02,26.0,10.5,3.0,False,False,,False,0.1,False,False
Hyderabad,2024-07-03,25.0,11.2,33.8,False,False,,False,0.2,False,False
Hyderabad,2024-07-04,22.6,10.1,70.9,False,False,,False,0.2,False,False
Hyderabad,2024-07-05,26.2,10.3,23.4,False,False,,False,0.1,False,False
Hyderabad,2024-07-06,25.0,12.2,16.3,False,False,,False,0.0,False,False
Hyderabad,2024-07-07,27.2,11.0,0.0,False,False,,False,0.0,False,False
Hyderabad,2024-07-08,26.2,8.9,14.0,False,False,,False,0.0,False,False
Hyderabad,2024-07-09,26.6,11.4,6.7,False,False,,False,0.0,False,False
Hyderabad,2024-07-10,24.5,9.6,16.4,False,False,,False,0.0,False,False
Hyderabad,2024-07-11,24.0,10.5,10.7,False,False,,False,0.1,False,False
Hyderabad,2024-07-12,27.7,10.7,45.0,False,False,,False,0.0,False,False
Hyderabad,2024-07-13,22.4,9.6,5.5,False,False,,False,0.1,False,False
Hyderabad,2024-07-14,29.7,10.0,1.4,False,False,,False,0.1,False,False
Hyderabad,2024-07-15,22.5,11.8,4.7,False,False,,False,0.1,False,False
Hyderabad,2024-07-16,29.7,10.0,0.0,False,False,,False,0.0,False,False
Hyderabad,2024-07-17,27.4,10.3,48.0,False,False,,False,0.0,False,False
Hyderabad,2024-07-18,25.4,10.3,18.4,False,False,,False,0.1,False,False
Hyderabad,2024-07-19,24.8,9.1,23.6,False,False,,False,0.1,False,False
Hyderabad,2024-07-20,26.5,8.2,43.8,False,False,,False,0.0,False,False
Hyderabad,2024-07-21,25.7,9.8,4.5,False,False,,False,0.0,False,False
Hyderabad,2024-07-22,25.8,10.0,81.1,False,False,,False,0.1,False,False
Hyderabad,2024-07-23,26.2,11.0,2.5,False,False,,False,0.2,False,False
Hyderabad,2024-07-24,27.5,10.2,4.7,False,False,,False,0.1,False,False
Hyderabad,2024-07-25,27.5,10.8,27.4,False,False,,False,0.0,False,False
Hyderabad,2024-07-26,27.5,11.3,17.2,False,False,,False,0.1,False,False
Hyderabad,2024-07-27,23.1,8.9,13.3,False,False,,False,0.0,False,False
Hyderabad,2024-07-28,27.1,11.8,6.1,False,False,,False,0.0,False,False
Hyderabad,2024-07-29,25.5,10.5,50.6,False,False,,False,0.0,False,False
Hyderabad,2024-07-30,25.1,11.4,21.2,False,False,,False,0.0,False,False
Hyderabad,2024-07-31,25.3,9.3,5.6,False,False,,False,0.2,False,False
Hyderabad,2024-08-01,23.9,9.8,11.4,False,False,,False,0.3,False,False
Hyderabad,2024-08-02,24.1,12.6,11.6,False,False,,False,0.2,False,False
Hyderabad,2024-08-03,22.0,8.9,32.6,False,False,,False,0.0,False,False
Hyderabad,2024-08-04,21.5,10.8,0.0,False,False,,False,0.0,False,False
Hyderabad,2024-08-05,22.5,9.8,13.4,False,False,,False,0.0,False,False
Hyderabad,2024-08-06,21.2,10.5,43.6,False,False,,False,0.3,False,False
Hyderabad,2024-08-07,23.7,10.4,23.1,False,False,,False,0.1,False,False
Hyderabad,2024-08-08,25.3,11.0,0.0,False,False,,False,0.1,False,False
Hyderabad,2024-08-09,24.6,9.9,0.9,False,False,,False,0.1,False,False
Hyderabad,2024-08-10,25.1,8.9,58.8,False,False,,False,0.0,False,False
Hyderabad,2024-08-11,27.1,10.5,2.3,False,False,,False,0.0,False,False
Hyderabad,2024-08-12,26.8,10.8,0.0,False,False,,False,0.0,False,False
Hyderabad,2024-08-13,22.7,11.1,21.0,False,False,,False,0.1,False,False
Hyderabad,2024-08-14,24.7,10.9,11.1,False,False,,False,0.0,False,False
Hyderabad,2024-08-15,23.1,9.4,24.0,False,False,,False,0.0,False,False
Hyderabad,2024-08-16,22.2,9.2,19.5,False,False,,False,0.1,False,False
Hyderabad,2024-08-17,22.4,8.6,0.0,False,False,,False,0.0,False,False
Hyderabad,2024-08-18,23.1,10.8,5.6,False,False,,False,0.1,False,False
Hyderabad,2024-08-19,26.6,9.7,26.9,False,False,,False,0.1,False,False
Hyderabad,2024-08-20,25.5,10.0,11.5,False,False,,False,0.1,False,False
Hyderabad,2024-08-21,24.7,9.0,69.4,False,False,,False,0.2,False,False
Hyderabad,2024-08-22,26.4,9.9,1.2,False,False,,False,0.1,False,False
Hyderabad,2024-08-23,23.8,11.1,0.0,False,False,,False,0.0,False,False
Hyderabad,2024-08-24,23.8,7.7,0.1,False,False,,False,0.2,False,False
Hyderabad,2024-08-25,22.5,9.8,26.1,False,False,,False,0.1,False,False
Hyderabad,2024-08-26,25.5,10.0,7.0,False,False,,False,0.4,False,False
Hyderabad,2024-08-27,23.2,10.9,3.8,False,False,,False,0.1,False,False
Hyderabad,2024-08-28,25.2,9.6,86.1,False,False,,False,0.2,False,False
Hyderabad,2024-08-29,25.5,11.5,9.8,False,False,,False,0.0,False,False
Hyderabad,2024-08-30,23.8,9.7,32.6,False,False,,False,0.1,False,False
Hyderabad,2024-08-31,24.3,12.2,28.1,False,False,,False,0.0,False,False
Hyderabad,2024-09-01,26.7,11.8,0.0,False,False,,False,0.0,False,False
Hyderabad,2024-09-02,26.0,10.3,39.5,False,False,,False,0.2,False,False
Hyderabad,2024-09-03,26.9,11.4,13.2,False,False,,False,0.1,False,False
Hyderabad,2024-09-04,25.3,9.7,0.0,False,False,,False,0.0,False,False
Hyderabad,2024-09-05,27.3,12.2,1.0,False,False,,False,0.0,False,False
Hyderabad,2024-09-06,28.5,9.4,14.5,False,False,,False,0.2,False,False
Hyderabad,2024-09-07,25.6,10.9,24.8,False,False,,False,0.0,False,False
Hyderabad,2024-09-08,27.6,13.0,6.8,False,False,,False,0.2,False,False
Hyderabad,2024-09-09,25.8,11.2,27.9,False,False,,False,0.0,False,False
Hyderabad,2024-09-10,27.1,12.8,10.7,False,False,,False,0.0,False,False
Hyderabad,2024-09-11,25.8,11.4,50.3,False,False,,False,0.0,False,False
Hyderabad,2024-09-12,29.9,10.2,16.5,False,False,,False,0.1,False,False
Hyderabad,2024-09-13,27.3,10.3,8.0,False,False,,False,0.1,False,False
Hyderabad,2024-09-14,26.7,11.3,0.8,False,False,,False,0.0,False,False
Hyderabad,2024-09-15,27.0,10.6,27.5,False,False,,False,0.1,False,False
Hyderabad,2024-09-16,24.0,9.7,12.2,False,False,,False,0.0,False,False
Hyderabad,2024-09-17,29.5,11.6,0.0,False,False,,False,0.0,False,False
Hyderabad,2024-09-18,27.0,11.6,12.7,False,False,,False,0.0,False,False
Hyderabad,2024-09-19,23.9,12.1,27.0,False,False,,False,0.0,False,False
Hyderabad,2024-09-20,28.2,9.4,12.4,False,False,,False,0.1,False,False
Hyderabad,2024-09-21,23.3,9.1,28.7,False,False,,False,0.1,False,False
Hyderabad,2024-09-22,25.2,13.0,0.0,False,False,,False,0.1,False,False
Hyderabad,2024-09-23,25.5,9.4,0.0,False,False,,False,0.0,False,False
Hyderabad,2024-09-24,29.8,10.6,0.0,False,False,,False,0.0,False,False
Hyderabad,2024-09-25,27.1,10.4,5.4,False,False,,False,0.1,False,False
Hyderabad,2024-09-26,26.9,12.1,9.5,False,False,,False,0.1,False,False
Hyderabad,2024-09-27,28.4,12.5,24.5,False,False,Big Sale,False,0.0,False,True
Hyderabad,2024-09-28,23.5,9.8,15.2,False,False,Big Sale,False,0.0,False,True
Hyderabad,2024-09-29,26.5,9.3,0.0,False,False,Big Sale,False,0.1,False,True
Hyderabad,2024-09-30,27.3,11.9,12.2,False,False,Big Sale,False,0.0,False,True
Hyderabad,2024-10-01,22.7,8.5,0.0,False,False,Big Sale,False,0.0,False,True
Hyderabad,2024-10-02,23.6,11.0,0.0,False,False,Big Sale,False,0.2,False,True
Hyderabad,2024-10-03,23.9,11.0,2.1,False,False,Big Sale,False,0.1,False,True
Hyderabad,2024-10-04,25.0,9.8,0.0,False,False,Big Sale,False,0.1,False,True
Hyderabad,2024-10-05,22.8,8.9,0.0,False,False,Big Sale,False,0.1,False,True
Hyderabad,2024-10-06,27.4,9.6,5.9,False,False,Big Sale,False,0.2,False,True
Hyderabad,2024-10-07,24.7,10.9,0.0,False,False,,False,0.0,False,False
Hyderabad,2024-10-08,23.3,9.4,9.6,False,False,,False,0.2,False,False
Hyderabad,2024-10-09,23.0,10.8,2.5,False,False,,False,0.2,False,False
Hyderabad,2024-10-10,23.9,10.3,1.2,False,False,,False,0.0,False,False
Hyderabad,2024-10-11,26.7,8.5,1.2,False,False,,False,0.0,False,False
Hyderabad,2024-10-12,24.2,9.2,3.3,False,False,,False,0.1,False,False
Hyderabad,2024-10-13,24.7,11.3,0.0,False,False,,False,0.0,False,False
Hyderabad,2024-10-14,22.9,9.6,2.4,False,False,,False,0.0,False,False
Hyderabad,2024-10-15,25.7,10.3,0.0,False,False,,False,0.0,False,False
Hyderabad,2024-10-16,24.1,7.9,0.0,False,False,,False,0.0,False,False
Hyderabad,2024-10-17,23.2,9.1,1.6,False,False,,False,0.1,False,False
Hyderabad,2024-10-18,25.4,7.8,1.3,False,False,,False,0.0,False,False
Hyderabad,2024-10-19,23.3,11.3,0.0,False,False,,False,0.1,False,False
Hyderabad,2024-10-20,24.8,9.6,2.5,False,False,,False,0.0,False,False
Hyderabad,2024-10-21,23.5,9.9,0.6,False,False,,False,0.1,False,False
Hyderabad,2024-10-22,25.5,10.4,0.0,False,False,,False,0.2,False,False
Hyderabad,2024-10-23,22.1,9.0,2.9,False,False,,False,0.0,False,False
Hyderabad,2024-10-24,23.2,8.4,2.1,False,False,,False,0.0,False,False
Hyderabad,2024-10-25,24.7,9.0,0.0,False,False,,False,0.2,False,False
Hyderabad,2024-10-26,22.0,10.2,0.0,False,False,,False,0.0,False,False
Hyderabad,2024-10-27,25.9,10.9,8.3,False,False,,False,0.0,False,False
Hyderabad,2024-10-28,20.7,11.1,0.0,False,False,,False,0.1,False,False
Hyderabad,2024-10-29,26.5,8.3,0.4,False,False,Diwali week,False,0.1,False,False
Hyderabad,2024-10-30,23.5,9.2,0.0,False,False,Diwali week,False,0.0,False,False
Hyderabad,2024-10-31,25.2,9.9,0.0,False,False,Diwali week,False,0.0,False,False
Hyderabad,2024-11-01,20.5,5.4,0.2,False,False,Diwali,True,0.0,False,False
Hyderabad,2024-11-02,20.5,8.9,0.0,False,False,Diwali week,False,0.1,False,False
Hyderabad,2024-11-03,19.6,9.3,0.0,False,False,Diwali week,False,0.0,False,False
Hyderabad,2024-11-04,20.4,6.0,0.0,False,False,,False,0.0,False,False
Hyderabad,2024-11-05,20.0,7.5,0.0,False,False,,False,0.0,False,False
Hyderabad,2024-11-06,18.4,6.8,2.3,False,False,,False,0.1,False,False
Hyderabad,2024-11-07,19.5,8.4,0.0,False,False,,False,0.1,False,False
Hyderabad,2024-11-08,20.2,8.6,0.0,False,False,,False,0.2,False,False
Hyderabad,2024-11-09,20.3,9.8,0.0,False,False,,False,0.0,False,False
Hyderabad,2024-11-10,18.7,6.7,1.4,False,False,,False,0.0,False,False
Hyderabad,2024-11-11,19.2,8.1,0.0,False,False,,False,0.0,False,False
Hyderabad,2024-11-12,20.1,6.7,0.6,False,False,,False,0.0,False,False
Hyderabad,2024-11-13,20.3,8.1,0.0,False,False,,False,0.0,False,False
Hyderabad,2024-11-14,18.9,6.3,0.0,False,False,,False,0.2,False,False
Hyderabad,2024-11-15,18.3,9.4,0.4,False,False,,False,0.0,False,False
Hyderabad,2024-11-16,21.3,7.1,0.0,False,False,,False,0.1,False,False
Hyderabad,2024-11-17,17.9,8.3,0.0,False,False,,False,0.1,False,False
Hyderabad,2024-11-18,20.5,7.3,0.0,False,False,,False,0.2,False,False
Hyderabad,2024-11-19,17.7,9.5,0.0,False,False,,False,0.0,False,False
Hyderabad,2024-11-20,19.7,7.1,0.1,False,False,,False,0.0,False,False
Hyderabad,2024-11-21,16.8,7.6,0.0,False,False,,False,0.0,False,False
Hyderabad,2024-11-22,18.7,9.1,0.1,False,False,,False,0.0,False,False
Hyderabad,2024-11-23,17.4,5.7,0.0,False,False,,False,0.1,False,False
Hyderabad,2024-11-24,21.0,7.3,0.5,False,False,,False,0.1,False,False
Hyderabad,2024-11-25,19.1,7.0,0.6,False,False,,False,0.1,False,False
Hyderabad,2024-11-26,16.9,7.3,3.3,False,False,,False,0.2,False,False
Hyderabad,2024-11-27,20.4,7.7,0.1,False,False,,False,0.0,False,False
Hyderabad,2024-11-28,20.6,5.4,0.0,False,False,,False,0.1,False,False
Hyderabad,2024-11-29,19.8,8.2,0.0,False,False,,False,0.0,False,False
Hyderabad,2024-11-30,19.1,7.6,2.7,False,False,,False,0.0,False,False
Hyderabad,2024-12-01,16.1,6.5,3.5,False,False,,False,0.0,False,False
Hyderabad,2024-12-02,14.3,8.1,0.0,False,False,,False,0.1,False,False
Hyderabad,2024-12-03,17.3,6.0,2.3,False,False,,False,0.0,False,False
Hyderabad,2024-12-04,16.2,6.5,0.0,False,False,,False,0.0,False,False
Hyderabad,2024-12-05,15.2,6.4,0.0,False,False,,False,0.1,False,False
Hyderabad,2024-12-06,17.1,7.1,0.0,False,False,,False,0.0,False,False
Hyderabad,2024-12-07,17.6,7.0,0.0,False,False,,False,0.0,False,False
Hyderabad,2024-12-08,15.3,7.0,0.0,False,False,,False,0.0,False,False
Hyderabad,2024-12-09,18.1,5.3,0.0,False,False,,False,0.0,False,False
Hyderabad,2024-12-10,16.5,4.4,0.8,False,False,,False,0.0,False,False
Hyderabad,2024-12-11,15.9,7.2,0.0,False,False,,False,0.1,False,False
Hyderabad,2024-12-12,13.6,6.4,0.2,False,False,,False,0.1,False,False
Hyderabad,2024-12-13,18.0,6.8,0.2,False,False,,False,0.0,False,False
Hyderabad,2024-12-14,17.2,7.8,1.3,False,False,,False,0.0,False,False
Hyderabad,2024-12-15,17.7,7.1,1.1,False,False,,False,0.0,False,False
Hyderabad,2024-12-16,16.9,4.6,0.0,False,False,,False,0.0,False,False
Hyderabad,2024-12-17,15.1,7.4,0.6,False,False,,False,0.2,False,False
Hyderabad,2024-12-18,17.4,5.2,0.1,False,False,,False,0.0,False,False
Hyderabad,2024-12-19,16.9,7.4,0.0,False,False,,False,0.1,False,False
Hyderabad,2024-12-20,18.3,8.1,0.0,False,False,,False,0.0,False,False
Hyderabad,2024-12-21,16.5,4.8,0.6,False,False,,False,0.1,False,False
Hyderabad,2024-12-22,15.2,6.0,0.0,False,False,,False,0.0,False,False
Hyderabad,2024-12-23,14.7,6.5,0.6,False,False,,False,0.0,False,False
Hyderabad,2024-12-24,17.0,4.9,3.4,False,False,,False,0.1,False,False
Hyderabad,2024-12-25,14.8,6.2,0.0,False,False,,False,0.1,False,False
Hyderabad,2024-12-26,16.5,4.1,1.1,False,False,,False,0.3,False,False
Hyderabad,2024-12-27,15.9,7.8,1.6,False,False,,False,0.1,False,False
Hyderabad,2024-12-28,17.6,5.2,0.1,False,False,,False,0.0,False,False
Hyderabad,2024-12-29,20.4,9.1,0.0,False,False,,False,0.1,False,False
Hyderabad,2024-12-30,17.6,8.1,0.3,False,False,,False,0.0,False,False
Hyderabad,2024-12-31,17.2,3.6,3.2,False,False,,False,0.0,False,False
Hyderabad,2025-01-01,15.2,5.3,4.7,False,False,,False,0.0,False,False
Hyderabad,2025-01-02,15.4,4.9,0.0,False,False,,False,0.0,False,False
Hyderabad,2025-01-03,12.8,7.4,0.0,False,False,,False,0.1,False,False
Hyderabad,2025-01-04,15.4,6.4,0.3,False,False,,False,0.0,False,False
Hyderabad,2025-01-05,12.7,6.8,1.2,False,False,,False,0.2,False,False
Hyderabad,2025-01-06,17.0,6.8,1.8,False,False,,False,0.1,False,False
Hyderabad,2025-01-07,19.2,6.6,0.0,False,False,,False,0.0,False,False
Hyderabad,2025-01-08,13.5,5.2,0.0,False,False,,False,0.3,False,False
Hyderabad,2025-01-09,12.9,6.4,0.0,False,False,,False,0.3,False,False
Hyderabad,2025-01-10,15.5,3.9,0.0,False,False,,False,0.0,False,False
Hyderabad,2025-01-11,16.9,3.3,0.0,False,False,,False,0.0,False,False
Hyderabad,2025-01-12,15.2,6.3,0.0,False,False,,False,0.0,False,False
Hyderabad,2025-01-13,16.0,7.5,0.0,False,False,,False,0.1,False,False
Hyderabad,2025-01-14,16.1,7.7,0.0,False,False,,False,0.0,False,False
Hyderabad,2025-01-15,16.8,6.8,0.0,False,False,,False,0.1,False,False
Hyderabad,2025-01-16,13.6,6.5,0.8,False,False,,False,0.2,False,False
Hyderabad,2025-01-17,15.8,7.6,0.4,False,False,,False,0.0,False,False
Hyderabad,2025-01-18,16.4,5.2,0.0,False,False,,False,0.0,False,False
Hyderabad,2025-01-19,16.3,5.8,0.9,False,False,,False,0.1,False,False
Hyderabad,2025-01-20,14.9,5.6,0.0,False,False,,False,0.0,False,False
Hyderabad,2025-01-21,15.5,6.4,0.0,False,False,,False,0.0,False,False
Hyderabad,2025-01-22,16.8,4.7,0.0,False,False,,False,0.0,False,False
Hyderabad,2025-01-23,18.4,5.4,0.0,False,False,,False,0.0,False,False
Hyderabad,2025-01-24,17.6,6.4,8.5,False,False,,False,0.0,False,False
Hyderabad,2025-01-25,15.0,4.4,3.9,False,False,,False,0.0,False,False
Hyderabad,2025-01-26,20.4,7.6,0.0,False,False,,False,0.1,False,False
Hyderabad,2025-01-27,17.3,6.4,3.6,False,False,,False,0.0,False,False
Hyderabad,2025-01-28,16.4,5.4,0.7,False,False,,False,0.1,False,False
Hyderabad,2025-01-29,15.0,7.2,2.5,False,False,,False,0.2,False,False
Hyderabad,2025-01-30,19.8,8.4,8.9,False,False,,False,0.0,False,False
Hyderabad,2025-01-31,15.9,7.0,3.0,False,False,,False,0.3,False,False
Hyderabad,2025-02-01,20.0,7.2,0.0,False,False,,False,0.0,False,False
Hyderabad,2025-02-02,18.9,9.4,1.6,False,False,,False,0.0,False,False
Hyderabad,2025-02-03,17.6,9.8,0.0,False,False,,False,0.0,False,False
Hyderabad,2025-02-04,19.8,6.9,0.0,False,False,,False,0.1,False,False
Hyderabad,2025-02-05,19.5,8.1,0.0,False,False,,False,0.1,False,False
Hyderabad,2025-02-06,16.6,7.8,5.2,False,False,,False,0.1,False,False
Hyderabad,2025-02-07,19.9,7.0,2.0,False,False,,False,0.1,False,False
Hyderabad,2025-02-08,18.5,6.3,0.0,False,False,,False,0.0,False,False
Hyderabad,2025-02-09,22.9,7.5,4.5,False,False,,False,0.1,False,False
Hyderabad,2025-02-10,16.3,8.8,1.9,False,False,,False,0.1,False,False
Hyderabad,2025-02-11,20.7,8.5,0.1,False,False,,False,0.4,False,False
Hyderabad,2025-02-12,19.9,7.6,0.0,False,False,,False,0.1,False,False
Hyderabad,2025-02-13,21.8,6.4,0.1,False,False,,False,0.1,False,False
Hyderabad,2025-02-14,16.0,9.1,0.0,False,False,,False,0.1,False,False
Hyderabad,2025-02-15,20.0,6.6,0.0,False,False,,False,0.0,False,False
Hyderabad,2025-02-16,16.6,9.3,1.6,False,False,,False,0.0,False,False
Hyderabad,2025-02-17,20.3,9.3,0.0,False,False,,False,0.0,False,False
Hyderabad,2025-02-18,18.8,7.1,0.0,False,False,,False,0.0,False,False
Hyderabad,2025-02-19,17.9,8.8,0.0,False,False,,False,0.2,False,False
Hyderabad,2025-02-20,17.6,7.2,0.0,False,False,,False,0.0,False,False
Hyderabad,2025-02-21,19.1,8.7,0.0,False,False,,False,0.0,False,False
Hyderabad,2025-02-22,19.6,7.5,0.0,False,False,,False,0.1,False,False
Hyderabad,2025-02-23,18.8,8.2,2.1,False,False,,False,0.0,False,False
Hyderabad,2025-02-24,18.5,9.1,0.0,False,False,,False,0.1,False,False
Hyderabad,2025-02-25,18.6,6.8,0.0,False,False,,False,0.1,False,False
Hyderabad,2025-02-26,20.0,9.0,0.0,False,False,,False,0.2,False,False
Hyderabad,2025-02-27,20.5,5.9,0.3,False,False,,False,0.1,False,False
Hyderabad,2025-02-28,19.3,7.8,0.0,False,False,,False,0.0,False,False
Hyderabad,2025-03-01,27.3,10.4,0.5,False,False,,False,0.1,False,False
Hyderabad,2025-03-02,25.6,8.9,0.0,False,False,,False,0.1,False,False
Hyderabad,2025-03-03,29.1,10.0,0.0,False,False,,False,0.1,False,False
Hyderabad,2025-03-04,25.9,10.0,0.0,False,False,,False,0.0,False,False
Hyderabad,2025-03-05,25.6,9.9,0.8,False,False,,False,0.1,False,False
Hyderabad,2025-03-06,24.2,11.1,0.0,False,False,,False,0.1,False,False
Hyderabad,2025-03-07,24.6,10.2,0.0,False,False,,False,0.1,False,False
Hyderabad,2025-03-08,23.7,9.6,0.0,False,False,,False,0.2,False,False
Hyderabad,2025-03-09,25.2,11.6,0.0,False,False,,False,0.2,False,False
Hyderabad,2025-03-10,26.2,10.9,0.0,False,False,,False,0.1,False,False
Hyderabad,2025-03-11,28.5,7.9,0.0,False,False,,False,0.1,False,False
Hyderabad,2025-03-12,24.4,9.9,0.0,False,False,,False,0.0,False,False
Hyderabad,2025-03-13,26.6,10.3,0.0,False,False,,False,0.0,False,False
Hyderabad,2025-03-14,25.2,10.4,0.0,False,False,Holi,True,0.0,False,False
Hyderabad,2025-03-15,23.8,9.7,0.9,False,False,,False,0.0,False,False
Hyderabad,2025-03-16,24.5,11.1,0.0,False,False,,False,0.0,False,False
Hyderabad,2025-03-17,23.6,9.0,0.2,False,False,,False,0.0,False,False
Hyderabad,2025-03-18,26.8,8.5,0.0,False,False,,False,0.1,False,False
Hyderabad,2025-03-19,25.3,11.9,0.0,False,False,,False,0.5,False,False
Hyderabad,2025-03-20,25.6,9.0,0.0,False,False,,False,0.0,False,False
Hyderabad,2025-03-21,26.2,11.3,0.7,False,False,,False,0.0,False,False
Hyderabad,2025-03-22,24.7,10.8,0.7,False,False,,False,0.0,False,False
Hyderabad,2025-03-23,28.4,9.6,0.0,False,False,,False,0.0,False,False
Hyderabad,2025-03-24,25.8,10.3,0.0,False,False,,False,0.2,False,False
Hyderabad,2025-03-25,24.2,11.0,0.0,False,False,,False,0.0,False,False
Hyderabad,2025-03-26,24.8,7.8,0.7,False,False,,False,0.1,False,False
Hyderabad,2025-03-27,27.3,11.2,0.0,False,False,,False,0.0,False,False
Hyderabad,2025-03-28,23.6,10.1,0.0,False,False,,False,0.2,False,False
Hyderabad,2025-03-29,24.4,10.9,0.9,False,False,,False,0.1,False,False
Hyderabad,2025-03-30,22.5,11.7,3.3,False,False,,False,0.1,False,False
Hyderabad,2025-03-31,24.6,11.3,0.0,False,False,,False,0.0,False,False
Hyderabad,2025-04-01,35.0,14.0,0.0,False,False,,False,0.1,False,False
Hyderabad,2025-04-02,35.5,14.4,0.4,False,False,,False,0.2,False,False
Hyderabad,2025-04-03,33.5,12.5,1.2,False,False,,False,0.1,False,False
Hyderabad,2025-04-04,33.2,13.3,0.0,False,False,,False,0.1,False,False
Hyderabad,2025-04-05,35.3,14.5,1.9,False,False,,False,0.1,False,False
Hyderabad,2025-04-06,37.9,14.9,0.0,False,False,,False,0.1,False,False
Hyderabad,2025-04-07,34.7,13.0,0.0,False,False,,False,0.0,False,False
Hyderabad,2025-04-08,36.9,14.5,0.0,False,False,,False,0.1,False,False
Hyderabad,2025-04-09,33.5,14.7,1.1,False,False,,False,0.2,False,False
Hyderabad,2025-04-10,35.2,13.8,0.0,False,False,,False,0.0,False,False
Hyderabad,2025-04-11,33.8,16.0,0.0,False,False,,False,0.0,False,False
Hyderabad,2025-04-12,34.5,12.8,0.0,False,False,,False,0.0,False,False
Hyderabad,2025-04-13,36.1,14.2,0.2,False,False,,False,0.1,False,False
Hyderabad,2025-04-14,34.8,14.2,0.0,False,False,,False,0.0,False,False
Hyderabad,2025-04-15,35.3,13.8,2.0,False,False,,False,0.1,False,False
Hyderabad,2025-04-16,32.3,13.9,0.0,False,False,,False,0.0,False,False
Hyderabad,2025-04-17,31.1,16.5,2.7,False,False,,False,0.1,False,False
Hyderabad,2025-04-18,34.3,16.5,2.8,False,False,,False,0.0,False,False
Hyderabad,2025-04-19,33.7,12.9,2.5,False,False,,False,0.0,False,False
Hyderabad,2025-04-20,36.0,13.6,0.0,False,False,,False,0.0,False,False
Hyderabad,2025-04-21,32.8,17.0,0.0,False,False,,False,0.1,False,False
Hyderabad,2025-04-22,34.4,13.1,0.6,False,False,,False,0.1,False,False
Hyderabad,2025-04-23,35.5,11.8,4.8,False,False,,False,0.0,False,False
Hyderabad,2025-04-24,33.6,11.7,3.0,False,False,,False,0.0,False,False
Hyderabad,2025-04-25,36.3,12.6,2.9,False,False,,False,0.3,False,False
Hyderabad,2025-04-26,34.8,14.9,0.1,False,False,,False,0.1,False,False
Hyderabad,2025-04-27,35.3,14.0,0.0,False,False,,False,0.0,False,False
Hyderabad,2025-04-28,32.5,14.2,0.3,False,False,,False,0.1,False,False
Hyderabad,2025-04-29,34.6,14.4,0.2,False,False,,False,0.1,False,False
Hyderabad,2025-04-30,34.1,13.7,0.1,False,False,,False,0.1,False,False
Hyderabad,2025-05-01,40.3,16.0,0.0,False,False,,False,0.0,False,False
Hyderabad,2025-05-02,37.4,17.3,2.6,False,False,,False,0.1,False,False
Hyderabad,2025-05-03,41.1,20.0,1.7,False,False,,False,0.1,False,False
Hyderabad,2025-05-04,45.8,17.1,0.0,True,False,,False,0.0,False,False
Hyderabad,2025-05-05,44.4,15.9,0.0,True,False,,False,0.2,False,False
Hyderabad,2025-05-06,41.9,17.2,0.3,False,False,,False,0.0,False,False
Hyderabad,2025-05-07,38.8,15.5,2.9,False,False,,False,0.0,False,False
Hyderabad,2025-05-08,41.6,19.1,0.0,False,False,,False,0.0,False,False
Hyderabad,2025-05-09,40.2,16.0,0.0,False,False,,False,0.0,False,False
Hyderabad,2025-05-10,39.7,17.2,0.0,False,False,,False,0.0,False,False
Hyderabad,2025-05-11,41.9,17.2,0.0,False,False,,False,0.0,False,False
Hyderabad,2025-05-12,40.2,15.8,0.6,False,False,,False,0.1,False,False
Hyderabad,2025-05-13,43.1,17.6,0.7,True,False,,False,0.0,False,False
Hyderabad,2025-05-14,43.2,18.0,0.0,True,False,,False,0.2,False,False
Hyderabad,2025-05-15,38.7,18.8,0.0,False,False,,False,0.1,False,False
Hyderabad,2025-05-16,41.0,17.1,0.0,False,False,,False,0.1,False,False
Hyderabad,2025-05-17,40.9,18.4,0.0,False,False,,False,0.1,False,False
Hyderabad,2025-05-18,40.1,17.2,1.3,False,False,,False,0.0,False,False
Hyderabad,2025-05-19,41.5,17.5,1.5,False,False,,False,0.1,False,False
Hyderabad,2025-05-20,40.8,17.3,0.0,False,False,,False,0.1,False,False
Hyderabad,2025-05-21,41.3,16.2,0.2,False,False,,False,0.0,False,False
Hyderabad,2025-05-22,40.9,18.1,0.0,False,False,,False,0.2,False,False
Hyderabad,2025-05-23,41.2,16.4,2.0,False,False,,False,0.1,False,False
Hyderabad,2025-05-24,42.8,15.9,0.5,True,False,,False,0.0,False,False
Hyderabad,2025-05-25,39.7,17.3,1.3,False,False,,False,0.0,False,False
Hyderabad,2025-05-26,41.1,17.1,0.0,False,False,,False,0.0,False,False
Hyderabad,2025-05-27,44.6,19.5,0.0,True,False,,False,0.2,False,False
Hyderabad,2025-05-28,41.6,17.2,0.0,False,False,,False,0.0,False,False
Hyderabad,2025-05-29,41.5,14.5,0.0,False,False,,False,0.2,False,False
Hyderabad,2025-05-30,40.4,18.1,2.9,False,False,,False,0.1,False,False
Hyderabad,2025-05-31,40.6,15.3,0.4,False,False,,False,0.1,False,False
Hyderabad,2025-06-01,37.4,13.1,2.7,False,False,,False,0.1,False,False
Hyderabad,2025-06-02,37.9,14.6,1.5,False,False,,False,0.1,False,False
Hyderabad,2025-06-03,36.4,13.6,0.8,False,False,,False,0.1,False,False
Hyderabad,2025-06-04,37.4,14.7,0.0,False,False,,False,0.1,False,False
Hyderabad,2025-06-05,35.8,13.3,7.3,False,False,,False,0.1,False,False
Hyderabad,2025-06-06,35.5,14.5,4.8,False,False,,False,0.1,False,False
Hyderabad,2025-06-07,37.6,14.2,4.8,False,False,,False,0.1,False,False
Hyderabad,2025-06-08,37.0,15.3,1.4,False,False,,False,0.2,False,False
Hyderabad,2025-06-09,35.6,16.7,0.0,False,False,,False,0.0,False,False
Hyderabad,2025-06-10,37.0,14.8,30.0,False,False,,False,0.1,False,False
Hyderabad,2025-06-11,36.0,15.7,6.3,False,False,,False,0.0,False,False
Hyderabad,2025-06-12,35.5,16.4,6.4,False,False,,False,0.0,False,False
Hyderabad,2025-06-13,37.4,13.6,0.0,False,False,,False,0.1,False,False
Hyderabad,2025-06-14,34.4,13.9,7.3,False,False,,False,0.1,False,False
Hyderabad,2025-06-15,38.2,15.2,7.2,False,False,,False,0.0,False,False
Hyderabad,2025-06-16,37.6,15.2,11.9,False,False,,False,0.0,False,False
Hyderabad,2025-06-17,37.3,17.1,0.4,False,False,,False,0.0,False,False
Hyderabad,2025-06-18,37.4,15.6,21.6,False,False,,False,0.0,False,False
Hyderabad,2025-06-19,37.8,16.7,14.6,False,False,,False,0.2,False,False
Hyderabad,2025-06-20,38.2,17.4,13.5,False,False,,False,0.1,False,False
Hyderabad,2025-06-21,36.1,17.4,5.0,False,False,,False,0.1,False,False
Hyderabad,2025-06-22,35.2,15.5,11.5,False,False,,False,0.0,False,False
Hyderabad,2025-06-23,40.7,14.3,10.6,False,False,,False,0.0,False,False
Hyderabad,2025-06-24,38.3,15.5,10.6,False,False,,False,0.0,False,False
Hyderabad,2025-06-25,37.4,15.9,5.9,False,False,,False,0.1,False,False
Hyderabad,2025-06-26,36.4,13.6,4.0,False,False,,False,0.1,False,False
Hyderabad,2025-06-27,37.0,13.7,22.6,False,False,,False,0.1,False,False
Hyderabad,2025-06-28,37.2,14.9,23.7,False,False,,False,0.0,False,False
Hyderabad,2025-06-29,37.0,15.2,5.5,False,False,,False,0.1,False,False
Hyderabad,2025-06-30,37.9,13.4,24.1,False,False,,False,0.0,False,False
Pune,2024-01-01,10.4,5.9,0.0,False,False,,False,0.0,False,False
Pune,2024-01-02,15.4,4.8,0.0,False,False,,False,0.0,False,False
Pune,2024-01-03,14.1,6.7,0.0,False,False,,False,0.1,False,False
Pune,2024-01-04,17.4,6.2,0.0,False,False,,False,0.0,False,False
Pune,2024-01-05,12.4,6.0,0.0,False,False,,False,0.0,False,False
Pune,2024-01-06,14.6,6.4,3.8,False,False,,False,0.1,False,False
Pune,2024-01-07,12.3,5.0,0.0,False,False,,False,0.1,False,False
Pune,2024-01-08,11.2,5.3,0.0,False,False,,False,0.1,False,False
Pune,2024-01-09,13.8,4.9,0.0,False,False,,False,0.0,False,False
Pune,2024-01-10,12.9,5.7,0.0,False,False,,False,0.0,False,False
Pune,2024-01-11,14.6,1.5,0.0,False,False,,False,0.0,False,False
Pune,2024-01-12,14.5,5.0,2.1,False,False,,False,0.0,False,False
Pune,2024-01-13,12.2,4.7,0.0,False,False,,False,0.0,False,False
Pune,2024-01-14,16.0,4.6,0.0,False,False,,False,0.0,False,False
Pune,2024-01-15,12.0,5.4,0.0,False,False,,False,0.2,False,False
Pune,2024-01-16,14.0,4.7,0.0,False,False,,False,0.0,False,False
Pune,2024-01-17,15.3,5.4,4.1,False,False,,False,0.1,False,False
Pune,2024-01-18,15.2,6.2,0.0,False,False,,False,0.0,False,False
Pune,2024-01-19,13.3,6.6,0.0,False,False,,False,0.1,False,False
Pune,2024-01-20,14.2,5.5,0.0,False,False,,False,0.1,False,False
Pune,2024-01-21,14.3,6.1,0.0,False,False,,False,0.0,False,False
Pune,2024-01-22,13.7,6.9,0.0,False,False,,False,0.0,False,False
Pune,2024-01-23,14.4,4.9,3.3,False,False,,False,0.0,False,False
Pune,2024-01-24,14.0,5.4,0.0,False,False,,False,0.2,False,False
Pune,2024-01-25,15.2,4.9,0.1,False,False,,False,0.0,False,False
Pune,2024-01-26,10.8,4.4,0.0,False,False,,False,0.2,False,False
Pune,2024-01-27,12.6,5.1,3.9,False,False,,False,0.5,False,False
Pune,2024-01-28,12.4,7.0,0.0,False,False,,False,0.0,False,False
Pune,2024-01-29,14.7,5.0,0.0,False,False,,False,0.1,False,False
Pune,2024-01-30,12.2,6.9,0.0,False,False,,False,0.1,False,False
Pune,2024-01-31,14.7,6.0,0.0,False,False,,False,0.0,False,False
Pune,2024-02-01,13.5,4.8,0.0,False,False,,False,0.0,False,False
Pune,2024-02-02,14.9,7.3,0.0,False,False,,False,0.1,False,False
Pune,2024-02-03,16.1,6.1,0.1,False,False,,False,0.2,False,False
Pune,2024-02-04,16.5,9.3,0.0,False,False,,False,0.3,False,False
Pune,2024-02-05,16.8,6.2,0.1,False,False,,False,0.0,False,False
Pune,2024-02-06,18.7,7.4,0.0,False,False,,False,0.0,False,False
Pune,2024-02-07,16.0,6.0,0.5,False,False,,False,0.0,False,False
Pune,2024-02-08,16.0,10.4,0.0,False,False,,False,0.0,False,False
Pune,2024-02-09,18.8,5.0,1.1,False,False,,False,0.2,False,False
Pune,2024-02-10,19.4,6.0,0.0,False,False,,False,0.0,False,False
Pune,2024-02-11,17.1,6.7,0.2,False,False,,False,0.1,False,False
Pune,2024-02-12,16.0,8.7,0.0,False,False,,False,0.0,False,False
Pune,2024-02-13,14.4,7.7,0.0,False,False,,False,0.0,False,False
Pune,2024-02-14,17.8,6.5,0.0,False,False,,False,0.1,False,False
Pune,2024-02-15,19.7,8.4,0.6,False,False,,False,0.2,False,False
Pune,2024-02-16,15.4,6.1,0.2,False,False,,False,0.1,False,False
Pune,2024-02-17,16.2,5.4,0.1,False,False,,False,0.1,False,False
Pune,2024-02-18,16.4,5.5,0.0,False,False,,False,0.0,False,False
Pune,2024-02-19,17.2,6.0,0.0,False,False,,False,0.0,False,False
Pune,2024-02-20,16.2,6.7,0.9,False,False,,False,0.1,False,False
Pune,2024-02-21,16.9,6.5,0.0,False,False,,False,0.0,False,False
Pune,2024-02-22,18.8,7.8,0.0,False,False,,False,0.0,False,False
Pune,2024-02-23,11.3,5.6,0.7,False,False,,False,0.1,False,False
Pune,2024-02-24,17.0,6.4,2.5,False,False,,False,0.1,False,False
Pune,2024-02-25,14.2,6.8,0.0,False,False,,False,0.0,False,False
Pune,2024-02-26,18.3,4.8,2.1,False,False,,False,0.2,False,False
Pune,2024-02-27,15.1,9.2,0.0,False,False,,False,0.2,False,False
Pune,2024-02-28,13.3,5.8,2.9,False,False,,False,0.0,False,False
Pune,2024-02-29,16.1,7.6,0.0,False,False,,False,0.0,False,False
Pune,2024-03-01,23.8,13.0,0.0,False,False,,False,0.0,False,False
Pune,2024-03-02,22.7,10.3,0.0,False,False,,False,0.0,False,False
Pune,2024-03-03,22.8,9.3,0.0,False,False,,False,0.1,False,False
Pune,2024-03-04,23.0,8.9,0.0,False,False,,False,0.1,False,False
Pune,2024-03-05,22.3,9.5,0.0,False,False,,False,0.1,False,False
Pune,2024-03-06,22.6,8.5,0.0,False,False,,False,0.1,False,False
Pune,2024-03-07,20.3,9.3,0.4,False,False,,False,0.1,False,False
Pune,2024-03-08,21.3,10.8,3.4,False,False,,False,0.0,False,False
Pune,2024-03-09,23.9,10.7,5.1,False,False,,False,0.3,False,False
Pune,2024-03-10,22.0,10.0,0.0,False,False,,False,0.0,False,False
Pune,2024-03-11,22.4,10.1,0.0,False,False,,False,0.2,False,False
Pune,2024-03-12,19.0,10.3,0.8,False,False,,False,0.0,False,False
Pune,2024-03-13,21.3,9.0,0.0,False,False,,False,0.1,False,False
Pune,2024-03-14,22.6,10.0,0.8,False,False,,False,0.1,False,False
Pune,2024-03-15,21.5,9.5,0.0,False,False,,False,0.0,False,False
Pune,2024-03-16,21.6,10.1,0.0,False,False,,False,0.1,False,False
Pune,2024-03-17,23.5,11.3,0.0,False,False,,False,0.0,False,False
Pune,2024-03-18,25.3,11.0,2.8,False,False,,False,0.1,False,False
Pune,2024-03-19,20.5,11.4,0.0,False,False,,False,0.1,False,False
Pune,2024-03-20,19.0,10.7,0.0,False,False,,False,0.1,False,False
Pune,2024-03-21,23.5,11.0,0.0,False,False,,False,0.0,False,False
Pune,2024-03-22,22.0,9.0,0.0,False,False,,False,0.2,False,False
Pune,2024-03-23,22.4,8.3,0.0,False,False,,False,0.0,False,False
Pune,2024-03-24,23.4,8.4,0.2,False,False,,False,0.1,False,False
Pune,2024-03-25,23.3,9.2,0.0,False,False,Holi,True,0.1,False,False
Pune,2024-03-26,24.3,10.3,0.0,False,False,,False,0.1,False,False
Pune,2024-03-27,20.6,10.4,0.0,False,False,,False,0.0,False,False
Pune,2024-03-28,21.4,8.5,0.0,False,False,,False,0.2,False,False
Pune,2024-03-29,23.3,10.9,0.0,False,False,,False,0.1,False,False
Pune,2024-03-30,25.4,11.3,0.0,False,False,,False,0.0,False,False
Pune,2024-03-31,24.3,8.6,0.0,False,False,,False,0.0,False,False
Pune,2024-04-01,28.8,14.7,1.9,False,False,,False,0.2,False,False
Pune,2024-04-02,31.2,12.8,0.3,False,False,,False,0.3,False,False
Pune,2024-04-03,30.0,15.3,0.0,False,False,,False,0.1,False,False
Pune,2024-04-04,29.7,13.3,0.0,False,False,,False,0.0,False,False
Pune,2024-04-05,30.4,13.0,0.0,False,False,,False,0.0,False,False
Pune,2024-04-06,32.2,12.4,3.8,False,False,,False,0.0,False,False
Pune,2024-04-07,33.1,15.3,4.1,False,False,,False,0.0,False,False
Pune,2024-04-08,33.2,13.3,0.1,False,False,,False,0.0,False,False
Pune,2024-04-09,28.1,14.0,0.0,False,False,,False,0.1,False,False
Pune,2024-04-10,33.2,14.3,0.4,False,False,,False,0.3,False,False
Pune,2024-04-11,28.5,16.8,0.9,False,False,,False,0.0,False,False
Pune,2024-04-12,30.6,12.7,2.0,False,False,,False,0.1,False,False
Pune,2024-04-13,29.0,13.0,1.6,False,False,,False,0.1,False,False
Pune,2024-04-14,29.6,15.4,0.0,False,False,,False,0.2,False,False
Pune,2024-04-15,31.5,15.8,0.0,False,False,,False,0.1,False,False
Pune,2024-04-16,32.1,13.8,1.8,False,False,,False,0.1,False,False
Pune,2024-04-17,30.7,14.3,0.0,False,False,,False,0.1,False,False
Pune,2024-04-18,32.4,13.3,0.0,False,False,,False,0.1,False,False
Pune,2024-04-19,31.0,11.6,1.7,False,False,,False,0.1,False,False
Pune,2024-04-20,32.1,14.9,0.0,False,False,,False,0.2,False,False
Pune,2024-04-21,30.0,13.6,1.1,False,False,,False,0.1,False,False
Pune,2024-04-22,30.2,13.3,0.0,False,False,,False,0.0,False,False
Pune,2024-04-23,31.8,12.2,0.0,False,False,,False,0.1,False,False
Pune,2024-04-24,33.0,13.5,0.0,False,False,,False,0.0,False,False
Pune,2024-04-25,29.3,14.4,2.3,False,False,,False,0.0,False,False
Pune,2024-04-26,31.7,13.5,0.4,False,False,,False,0.1,False,False
Pune,2024-04-27,30.4,14.1,0.0,False,False,,False,0.0,False,False
Pune,2024-04-28,32.1,13.9,0.0,False,False,,False,0.2,False,False
Pune,2024-04-29,32.5,10.9,0.0,False,False,,False,0.0,False,False
Pune,2024-04-30,29.1,13.2,0.0,False,False,,False,0.2,False,False
Pune,2024-05-01,39.2,16.4,0.0,False,False,,False,0.1,False,False
Pune,2024-05-02,37.0,14.4,0.0,False,False,,False,0.0,False,False
Pune,2024-05-03,37.1,18.4,0.0,False,False,,False,0.0,False,False
Pune,2024-05-04,34.8,16.6,0.0,False,False,,False,0.0,False,False
Pune,2024-05-05,39.0,17.2,0.8,False,False,,False,0.1,False,False
Pune,2024-05-06,37.0,15.7,0.0,False,False,,False,0.0,False,False
Pune,2024-05-07,36.8,13.9,0.0,False,False,,False,0.2,False,False
Pune,2024-05-08,37.7,16.1,0.0,False,False,,False,0.0,False,False
Pune,2024-05-09,36.2,17.4,0.0,False,False,,False,0.0,False,False
Pune,2024-05-10,33.6,16.9,0.0,False,False,,False,0.1,False,False
Pune,2024-05-11,34.6,19.2,0.5,False,False,,False,0.1,False,False
Pune,2024-05-12,36.7,17.9,0.0,False,False,,False,0.0,False,False
Pune,2024-05-13,40.7,16.6,2.3,False,False,,False,0.1,False,False
Pune,2024-05-14,34.6,16.7,1.8,False,False,,False,0.0,False,False
Pune,2024-05-15,36.0,17.2,1.6,False,False,,False,0.0,False,False
Pune,2024-05-16,36.4,17.0,0.0,False,False,,False,0.0,False,False
Pune,2024-05-17,38.0,16.5,0.0,False,False,,False,0.0,False,False
Pune,2024-05-18,36.2,20.0,0.0,False,False,,False,0.0,False,False
Pune,2024-05-19,37.3,14.5,1.8,False,False,,False,0.0,False,False
Pune,2024-05-20,38.5,14.8,0.0,False,False,,False,0.0,False,False
Pune,2024-05-21,36.9,17.1,3.6,False,False,,False,0.1,False,False
Pune,2024-05-22,35.4,15.1,1.0,False,False,,False,0.1,False,False
Pune,2024-05-23,37.1,17.3,0.0,False,False,,False,0.0,False,False
Pune,2024-05-24,37.4,15.1,3.6,False,False,,False,0.3,False,False
Pune,2024-05-25,38.5,17.8,0.6,False,False,,False,0.1,False,False
Pune,2024-05-26,39.7,15.7,1.8,False,False,,False,0.0,False,False
Pune,2024-05-27,36.8,16.2,0.0,False,False,,False,0.2,False,False
Pune,2024-05-28,37.8,17.9,0.0,False,False,,False,0.1,False,False
Pune,2024-05-29,36.4,17.7,0.5,False,False,,False,0.1,False,False
Pune,2024-05-30,40.6,16.0,0.0,False,False,,False,0.1,False,False
Pune,2024-05-31,37.8,16.4,0.0,False,False,,False,0.0,False,False
Pune,2024-06-01,34.2,15.1,8.6,False,False,,False,0.0,False,False
Pune,2024-06-02,35.0,14.5,8.8,False,False,,False,0.0,False,False
Pune,2024-06-03,33.6,14.4,7.6,False,False,,False,0.0,False,False
Pune,2024-06-04,31.7,16.0,16.4,False,False,,False,0.0,False,False
Pune,2024-06-05,33.0,14.5,2.3,False,False,,False,0.2,False,False
Pune,2024-06-06,32.1,14.4,23.5,False,False,,False,0.0,False,False
Pune,2024-06-07,33.2,15.0,12.6,False,False,,False,0.1,False,False
Pune,2024-06-08,35.4,13.9,10.8,False,False,,False,0.0,False,False
Pune,2024-06-09,32.7,13.4,0.0,False,False,,False,0.1,False,False
Pune,2024-06-10,34.3,15.1,0.0,False,False,,False,0.1,False,False
Pune,2024-06-11,34.6,15.0,9.3,False,False,,False,0.3,False,False
Pune,2024-06-12,32.2,13.1,6.3,False,False,,False,0.1,False,False
Pune,2024-06-13,34.3,14.3,2.6,False,False,,False,0.1,False,False
Pune,2024-06-14,33.4,13.8,2.4,False,False,,False,0.2,False,False
Pune,2024-06-15,36.5,15.3,2.7,False,False,,False,0.2,False,False
Pune,2024-06-16,35.0,14.3,8.7,False,False,,False,0.0,False,False
Pune,2024-06-17,31.4,12.3,1.7,False,False,,False,0.0,False,False
Pune,2024-06-18,34.9,14.6,13.0,False,False,,False,0.3,False,False
Pune,2024-06-19,30.7,14.5,1.7,False,False,,False,0.6,False,False
Pune,2024-06-20,32.6,14.3,3.3,False,False,,False,0.2,False,False
Pune,2024-06-21,33.7,14.2,0.0,False,False,,False,0.0,False,False
Pune,2024-06-22,36.2,14.4,3.7,False,False,,False,0.2,False,False
Pune,2024-06-23,35.3,14.2,0.0,False,False,,False,0.3,False,False
Pune,2024-06-24,32.8,13.2,9.8,False,False,,False,0.2,False,False
Pune,2024-06-25,34.6,14.8,1.9,False,False,,False,0.0,False,False
Pune,2024-06-26,34.0,14.4,2.1,False,False,,False,0.0,False,False
Pune,2024-06-27,33.0,13.7,5.3,False,False,,False,0.1,False,False
Pune,2024-06-28,33.5,11.8,6.9,False,False,,False,0.0,False,False
Pune,2024-06-29,33.7,15.6,4.1,False,False,,False,0.0,False,False
Pune,2024-06-30,34.1,13.3,0.0,False,False,,False,0.0,False,False
Pune,2024-07-01,21.4,10.5,5.8,False,False,,False,0.1,False,False
Pune,2024-07-02,26.2,9.7,6.2,False,False,,False,0.0,False,False
Pune,2024-07-03,20.6,11.0,19.3,False,False,,False,0.2,False,False
Pune,2024-07-04,22.9,9.0,10.8,False,False,,False,0.0,False,False
Pune,2024-07-05,22.9,10.1,0.0,False,False,,False,0.1,False,False
Pune,2024-07-06,22.1,8.4,7.0,False,False,,False,0.0,False,False
Pune,2024-07-07,23.4,10.3,0.0,False,False,,False,0.0,False,False
Pune,2024-07-08,26.3,8.3,4.7,False,False,,False,0.1,False,False
Pune,2024-07-09,23.5,10.9,0.0,False,False,,False,0.2,False,False
Pune,2024-07-10,20.8,8.9,28.1,False,False,,False,0.1,False,False
Pune,2024-07-11,21.9,7.2,2.9,False,False,,False,0.0,False,False
Pune,2024-07-12,24.2,9.8,32.7,False,False,,False,0.1,False,False
Pune,2024-07-13,20.9,8.4,64.7,False,False,,False,0.2,False,False
Pune,2024-07-14,21.2,12.0,34.3,False,False,,False,0.1,False,False
Pune,2024-07-15,21.6,9.8,8.1,False,False,,False,0.1,False,False
Pune,2024-07-16,22.6,10.5,104.4,False,False,,False,0.1,False,False
Pune,2024-07-17,22.2,8.9,16.4,False,False,,False,0.1,False,False
Pune,2024-07-18,22.8,11.4,50.3,False,False,,False,0.2,False,False
Pune,2024-07-19,20.6,9.8,21.3,False,False,,False,0.1,False,False
Pune,2024-07-20,24.1,10.2,40.3,False,False,,False,0.4,False,False
Pune,2024-07-21,20.1,9.7,54.5,False,False,,False,0.2,False,False
Pune,2024-07-22,22.2,8.1,13.6,False,False,,False,0.1,False,False
Pune,2024-07-23,24.7,9.3,23.9,False,False,,False,0.3,False,False
Pune,2024-07-24,19.3,7.8,32.0,False,False,,False,0.1,False,False
Pune,2024-07-25,20.5,10.0,25.5,False,False,,False,0.0,False,False
Pune,2024-07-26,23.0,8.4,8.9,False,False,,False,0.0,False,False
Pune,2024-07-27,25.5,9.9,27.6,False,False,,False,0.2,False,False
Pune,2024-07-28,25.4,9.5,35.1,False,False,,False,0.3,False,False
Pune,2024-07-29,23.0,9.3,13.3,False,False,,False,0.1,False,False
Pune,2024-07-30,25.0,10.7,21.4,False,False,,False,0.0,False,False
Pune,2024-07-31,24.0,11.4,1.0,False,False,,False,0.0,False,False
Pune,2024-08-01,21.9,9.4,29.3,False,False,,False,0.1,False,False
Pune,2024-08-02,22.5,8.1,3.3,False,False,,False,0.1,False,False
Pune,2024-08-03,20.0,7.6,99.0,False,False,,False,0.0,False,False
Pune,2024-08-04,21.7,6.1,5.0,False,False,,False,0.1,False,False
Pune,2024-08-05,23.2,10.7,10.8,False,False,,False,0.0,False,False
Pune,2024-08-06,22.9,10.2,9.3,False,False,,False,0.0,False,False
Pune,2024-08-07,23.4,11.9,29.4,False,False,,False,0.0,False,False
Pune,2024-08-08,21.4,10.1,10.5,False,False,,False,0.1,False,False
Pune,2024-08-09,22.5,9.3,18.6,False,False,,False,0.2,False,False
Pune,2024-08-10,20.6,11.0,10.7,False,False,,False,0.2,False,False
Pune,2024-08-11,21.8,9.9,92.3,False,False,,False,0.1,False,False
Pune,2024-08-12,21.7,9.7,4.0,False,False,,False,0.2,False,False
Pune,2024-08-13,21.1,7.4,7.2,False,False,,False,0.1,False,False
Pune,2024-08-14,22.5,8.0,33.6,False,False,,False,0.1,False,False
Pune,2024-08-15,22.3,9.2,59.6,False,False,,False,0.1,False,False
Pune,2024-08-16,20.9,10.4,0.0,False,False,,False,0.2,False,False
Pune,2024-08-17,22.8,10.4,31.5,False,False,,False,0.0,False,False
Pune,2024-08-18,20.8,8.1,3.7,False,False,,False,0.1,False,False
Pune,2024-08-19,22.9,7.1,17.4,False,False,,False,0.2,False,False
Pune,2024-08-20,21.6,9.4,33.1,False,False,,False,0.1,False,False
Pune,2024-08-21,21.2,8.1,21.6,False,False,,False,0.0,False,False
Pune,2024-08-22,19.9,8.2,46.3,False,False,,False,0.0,False,False
Pune,2024-08-23,21.1,11.0,32.1,False,False,,False,0.0,False,False
Pune,2024-08-24,23.2,8.8,15.1,False,False,,False,0.0,False,False
Pune,2024-08-25,24.0,9.9,5.4,False,False,,False,0.1,False,False
Pune,2024-08-26,20.0,10.0,5.2,False,False,,False,0.0,False,False
Pune,2024-08-27,18.6,10.0,20.7,False,False,,False,0.0,False,False
Pune,2024-08-28,19.2,11.3,23.3,False,False,,False,0.0,False,False
Pune,2024-08-29,22.3,8.1,58.0,False,False,,False,0.0,False,False
Pune,2024-08-30,21.5,9.7,3.9,False,False,,False,0.2,False,False
Pune,2024-08-31,24.3,10.4,2.7,False,False,,False,0.1,False,False
Pune,2024-09-01,25.3,8.0,5.6,False,False,,False,0.1,False,False
Pune,2024-09-02,23.1,10.2,1.1,False,False,,False,0.1,False,False
Pune,2024-09-03,22.9,9.7,9.4,False,False,,False,0.0,False,False
Pune,2024-09-04,22.2,10.1,12.8,False,False,,False,0.1,False,False
Pune,2024-09-05,25.5,9.9,0.0,False,False,,False,0.1,False,False
Pune,2024-09-06,23.1,11.1,0.0,False,False,,False,0.2,False,False
Pune,2024-09-07,24.1,9.0,3.1,False,False,Ganesh Chaturthi,False,0.1,False,False
Pune,2024-09-08,27.2,9.7,4.3,False,False,,False,0.2,False,False
Pune,2024-09-09,22.0,9.0,8.9,False,False,,False,0.0,False,False
Pune,2024-09-10,22.7,10.0,7.5,False,False,,False,0.0,False,False
Pune,2024-09-11,25.1,12.9,19.5,False,False,,False,0.1,False,False
Pune,2024-09-12,23.8,10.2,2.7,False,False,,False,0.1,False,False
Pune,2024-09-13,23.8,12.0,35.2,False,False,,False,0.0,False,False
Pune,2024-09-14,21.7,12.0,1.1,False,False,,False,0.2,False,False
Pune,2024-09-15,24.9,11.1,11.1,False,False,,False,0.1,False,False
Pune,2024-09-16,25.5,8.7,2.0,False,False,,False,0.1,False,False
Pune,2024-09-17,25.8,10.0,11.5,False,False,,False,0.1,False,False
Pune,2024-09-18,23.9,12.0,21.5,False,False,,False,0.1,False,False
Pune,2024-09-19,23.5,8.7,12.6,False,False,,False,0.0,False,False
Pune,2024-09-20,27.2,9.2,11.8,False,False,,False,0.1,False,False
Pune,2024-09-21,25.8,9.7,46.6,False,False,,False,0.3,False,False
Pune,2024-09-22,24.2,11.0,5.6,False,False,,False,0.0,False,False
Pune,2024-09-23,25.4,10.8,12.1,False,False,,False,0.1,False,False
Pune,2024-09-24,25.3,9.1,0.0,False,False,,False,0.0,False,False
Pune,2024-09-25,23.9,11.8,26.8,False,False,,False,0.0,False,False
Pune,2024-09-26,22.7,10.4,3.4,False,False,,False,0.1,False,False
Pune,2024-09-27,23.2,11.5,3.6,False,False,Big Sale,False,0.0,False,True
Pune,2024-09-28,23.2,12.2,12.5,False,False,Big Sale,False,0.2,False,True
Pune,2024-09-29,24.5,8.1,0.0,False,False,Big Sale,False,0.0,False,True
Pune,2024-09-30,27.0,10.1,9.8,False,False,Big Sale,False,0.0,False,True
Pune,2024-10-01,22.0,5.6,4.4,False,False,Big Sale,False,0.2,False,True
Pune,2024-10-02,22.5,7.6,14.1,False,False,Big Sale,False,0.1,False,True
Pune,2024-10-03,17.3,6.9,4.1,False,False,Big Sale,False,0.1,False,True
Pune,2024-10-04,19.9,9.2,0.2,False,False,Big Sale,False,0.0,False,True
Pune,2024-10-05,18.7,9.9,1.9,False,False,Big Sale,False,0.1,False,True
Pune,2024-10-06,23.3,10.3,0.0,False,False,Big Sale,False,0.1,False,True
Pune,2024-10-07,19.9,9.5,0.0,False,False,,False,0.1,False,False
Pune,2024-10-08,19.0,8.7,0.6,False,False,,False,0.1,False,False
Pune,2024-10-09,22.0,7.7,0.0,False,False,,False,0.1,False,False
Pune,2024-10-10,17.8,9.4,0.0,False,False,,False,0.1,False,False
Pune,2024-10-11,21.9,9.3,0.0,False,False,,False,0.0,False,False
Pune,2024-10-12,20.5,9.8,0.0,False,False,,False,0.0,False,False
Pune,2024-10-13,19.4,9.6,0.0,False,False,,False,0.0,False,False
Pune,2024-10-14,21.1,7.9,0.0,False,False,,False,0.0,False,False
Pune,2024-10-15,20.4,10.5,0.4,False,False,,False,0.1,False,False
Pune,2024-10-16,20.7,9.1,0.0,False,False,,False,0.1,False,False
Pune,2024-10-17,19.0,10.6,0.0,False,False,,False,0.1,False,False
Pune,2024-10-18,18.5,8.8,0.0,False,False,,False,0.1,False,False
Pune,2024-10-19,23.4,8.0,0.0,False,False,,False,0.1,False,False
Pune,2024-10-20,21.2,9.3,0.0,False,False,,False,0.1,False,False
Pune,2024-10-21,20.1,9.6,14.6,False,False,,False,0.0,False,False
Pune,2024-10-22,23.0,10.3,4.0,False,False,,False,0.0,False,False
Pune,2024-10-23,20.9,8.4,1.2,False,False,,False,0.1,False,False
Pune,2024-10-24,19.3,8.3,0.0,False,False,,False,0.0,False,False
Pune,2024-10-25,17.6,10.5,0.0,False,False,,False,0.2,False,False
Pune,2024-10-26,19.2,7.3,0.0,False,False,,False,0.3,False,False
Pune,2024-10-27,19.3,8.5,0.0,False,False,,False,0.1,False,False
Pune,2024-10-28,22.3,6.9,7.6,False,False,,False,0.0,False,False
Pune,2024-10-29,22.2,8.9,0.0,False,False,Diwali week,False,0.1,False,False
Pune,2024-10-30,23.9,9.3,4.4,False,False,Diwali week,False,0.0,False,False
Pune,2024-10-31,22.4,6.4,0.0,False,False,Diwali week,False,0.0,False,False
Pune,2024-11-01,17.5,7.9,1.7,False,False,Diwali,True,0.0,False,False
Pune,2024-11-02,17.1,4.7,0.0,False,False,Diwali week,False,0.1,False,False
Pune,2024-11-03,16.7,6.4,1.2,False,False,Diwali week,False,0.0,False,False
Pune,2024-11-04,17.2,6.8,0.0,False,False,,False,0.3,False,False
Pune,2024-11-05,14.3,8.2,0.0,False,False,,False,0.0,False,False
Pune,2024-11-06,14.2,7.4,0.0,False,False,,False,0.2,False,False
Pune,2024-11-07,16.4,7.7,0.0,False,False,,False,0.0,False,False
Pune,2024-11-08,18.2,9.2,0.0,False,False,,False,0.0,False,False
Pune,2024-11-09,17.3,9.2,0.0,False,False,,False,0.0,False,False
Pune,2024-11-10,14.0,7.0,0.0,False,False,,False,0.0,False,False
Pune,2024-11-11,19.6,7.5,0.0,False,False,,False,0.1,False,False
Pune,2024-11-12,14.8,5.7,4.5,False,False,,False,0.3,False,False
Pune,2024-11-13,16.6,9.1,0.0,False,False,,False,0.1,False,False
Pune,2024-11-14,17.3,5.8,0.7,False,False,,False,0.0,False,False
Pune,2024-11-15,15.6,7.6,2.6,False,False,,False,0.0,False,False
Pune,2024-11-16,16.3,6.3,0.0,False,False,,False,0.1,False,False
Pune,2024-11-17,17.6,5.1,0.0,False,False,,False,0.0,False,False
Pune,2024-11-18,15.1,8.1,0.0,False,False,,False,0.1,False,False
Pune,2024-11-19,17.8,7.6,0.2,False,False,,False,0.0,False,False
Pune,2024-11-20,16.4,6.2,0.0,False,False,,False,0.0,False,False
Pune,2024-11-21,15.0,7.2,0.4,False,False,,False,0.1,False,False
Pune,2024-11-22,18.0,7.9,0.0,False,False,,False,0.2,False,False
Pune,2024-11-23,16.7,4.7,0.0,False,False,,False,0.0,False,False
Pune,2024-11-24,16.7,7.2,0.0,False,False,,False,0.4,False,False
Pune,2024-11-25,17.0,7.4,0.5,False,False,,False,0.1,False,False
Pune,2024-11-26,18.2,9.1,1.2,False,False,,False,0.1,False,False
Pune,2024-11-27,16.4,6.3,0.0,False,False,,False,0.1,False,False
Pune,2024-11-28,15.8,6.5,0.4,False,False,,False,0.1,False,False
Pune,2024-11-29,17.0,4.3,2.0,False,False,,False,0.1,False,False
Pune,2024-11-30,17.2,7.2,4.5,False,False,,False,0.0,False,False
Pune,2024-12-01,15.8,4.2,1.5,False,False,,False,0.1,False,False
Pune,2024-12-02,11.3,3.8,0.0,False,False,,False,0.0,False,False
Pune,2024-12-03,11.5,5.6,0.0,False,False,,False,0.0,False,False
Pune,2024-12-04,14.0,5.8,1.1,False,False,,False,0.1,False,False
Pune,2024-12-05,13.8,5.1,0.9,False,False,,False,0.0,False,False
Pune,2024-12-06,12.9,6.6,1.0,False,False,,False,0.0,False,False
Pune,2024-12-07,12.1,5.9,0.6,False,False,,False,0.1,False,False
Pune,2024-12-08,16.5,5.7,3.5,False,False,,False,0.1,False,False
Pune,2024-12-09,16.3,6.2,0.0,False,False,,False,0.1,False,False
Pune,2024-12-10,14.2,5.8,2.8,False,False,,False,0.3,False,False
Pune,2024-12-11,14.4,5.6,2.3,False,False,,False,0.1,False,False
Pune,2024-12-12,17.4,4.8,7.7,False,False,,False,0.1,False,False
Pune,2024-12-13,14.2,6.6,0.0,False,False,,False,0.2,False,False
Pune,2024-12-14,14.9,4.8,0.0,False,False,,False,0.0,False,False
Pune,2024-12-15,15.7,6.9,0.2,False,False,,False,0.0,False,False
Pune,2024-12-16,14.7,3.8,0.4,False,False,,False,0.1,False,False
Pune,2024-12-17,13.8,6.4,0.1,False,False,,False,0.1,False,False
Pune,2024-12-18,13.9,4.7,0.0,False,False,,False,0.0,False,False
Pune,2024-12-19,15.8,6.9,0.9,False,False,,False,0.1,False,False
Pune,2024-12-20,15.6,6.7,0.0,False,False,,False,0.1,False,False
Pune,2024-12-21,13.4,5.1,0.0,False,False,,False,0.0,False,False
Pune,2024-12-22,14.3,6.6,0.0,False,False,,False,0.1,False,False
Pune,2024-12-23,14.6,5.7,0.0,False,False,,False,0.0,False,False
Pune,2024-12-24,13.3,6.1,0.0,False,False,,False,0.0,False,False
Pune,2024-12-25,14.3,5.7,0.0,False,False,,False,0.0,False,False
Pune,2024-12-26,15.6,7.5,7.0,False,False,,False,0.1,False,False
Pune,2024-12-27,15.8,7.6,0.0,False,False,,False,0.2,False,False
Pune,2024-12-28,15.3,4.4,0.0,False,False,,False,0.1,False,False
Pune,2024-12-29,12.6,6.1,0.0,False,False,,False,0.0,False,False
Pune,2024-12-30,13.6,6.1,0.0,False,False,,False,0.2,False,False
Pune,2024-12-31,11.2,6.8,0.0,False,False,,False,0.1,False,False
Pune,2025-01-01,16.8,6.4,0.0,False,False,,False,0.0,False,False
Pune,2025-01-02,16.1,4.8,0.0,False,False,,False,0.0,False,False
Pune,2025-01-03,15.7,5.5,0.0,False,False,,False,0.2,False,False
Pune,2025-01-04,12.6,7.4,7.3,False,False,,False,0.0,False,False
Pune,2025-01-05,14.2,6.5,0.0,False,False,,False,0.0,False,False
Pune,2025-01-06,15.7,8.5,0.0,False,False,,False,0.0,False,False
Pune,2025-01-07,12.9,7.1,0.0,False,False,,False,0.0,False,False
Pune,2025-01-08,15.1,6.5,1.4,False,False,,False,0.1,False,False
Pune,2025-01-09,12.8,4.1,1.1,False,False,,False,0.0,False,False
Pune,2025-01-10,14.3,6.6,0.0,False,False,,False,0.1,False,False
Pune,2025-01-11,15.9,5.3,0.0,False,False,,False,0.3,False,False
Pune,2025-01-12,16.1,6.0,0.5,False,False,,False,0.1,False,False
Pune,2025-01-13,14.3,6.3,0.0,False,False,,False,0.2,False,False
Pune,2025-01-14,15.1,5.0,0.0,False,False,,False,0.0,False,False
Pune,2025-01-15,11.7,5.6,1.7,False,False,,False,0.5,False,False
Pune,2025-01-16,17.2,5.8,0.0,False,False,,False,0.1,False,False
Pune,2025-01-17,11.0,7.0,0.0,False,False,,False,0.0,False,False
Pune,2025-01-18,13.8,7.8,0.0,False,False,,False,0.3,False,False
Pune,2025-01-19,12.0,6.9,0.0,False,False,,False,0.0,False,False
Pune,2025-01-20,15.4,4.9,0.0,False,False,,False,0.1,False,False
Pune,2025-01-21,15.4,6.3,2.4,False,False,,False,0.1,False,False
Pune,2025-01-22,15.6,7.2,0.0,False,False,,False,0.0,False,False
Pune,2025-01-23,12.7,6.4,0.0,False,False,,False,0.1,False,False
Pune,2025-01-24,16.5,6.4,0.0,False,False,,False,0.1,False,False
Pune,2025-01-25,14.3,4.3,0.0,False,False,,False,0.0,False,False
Pune,2025-01-26,14.6,6.8,0.0,False,False,,False,0.0,False,False
Pune,2025-01-27,13.9,5.1,3.3,False,False,,False,0.0,False,False
Pune,2025-01-28,14.6,7.4,2.8,False,False,,False,0.2,False,False
Pune,2025-01-29,14.3,6.4,0.4,False,False,,False,0.0,False,False
Pune,2025-01-30,12.7,4.1,2.4,False,False,,False,0.0,False,False
Pune,2025-01-31,13.7,7.3,2.8,False,False,,False,0.0,False,False
Pune,2025-02-01,14.4,5.8,0.0,False,False,,False,0.3,True,False
Pune,2025-02-02,14.2,7.1,0.6,False,False,,False,0.1,True,False
Pune,2025-02-03,17.1,6.0,1.7,False,False,,False,0.1,True,False
Pune,2025-02-04,16.5,5.9,1.8,False,False,,False,0.0,True,False
Pune,2025-02-05,19.3,5.9,0.0,False,False,,False,0.2,True,False
Pune,2025-02-06,17.7,8.5,0.7,False,False,,False,0.0,True,False
Pune,2025-02-07,17.2,5.6,0.4,False,False,,False,0.0,True,False
Pune,2025-02-08,16.1,8.7,0.2,False,False,,False,0.1,True,False
Pune,2025-02-09,14.9,7.1,0.0,False,False,,False,0.0,True,False
Pune,2025-02-10,16.0,8.0,0.0,False,False,,False,0.0,True,False
Pune,2025-02-11,15.5,7.8,0.0,False,False,,False,0.0,True,False
Pune,2025-02-12,17.1,6.3,0.0,False,False,,False,0.1,True,False
Pune,2025-02-13,17.1,8.2,7.2,False,False,,False,0.1,True,False
Pune,2025-02-14,17.2,3.7,0.3,False,False,,False,0.0,True,False
Pune,2025-02-15,18.0,7.1,0.0,False,False,,False,0.0,True,False
Pune,2025-02-16,17.7,5.8,0.9,False,False,,False,0.0,True,False
Pune,2025-02-17,16.5,4.3,1.0,False,False,,False,0.0,True,False
Pune,2025-02-18,16.2,4.8,0.0,False,False,,False,0.1,True,False
Pune,2025-02-19,16.1,7.1,0.0,False,False,,False,0.1,True,False
Pune,2025-02-20,17.4,6.9,0.0,False,False,,False,0.0,True,False
Pune,2025-02-21,14.0,5.9,0.1,False,False,,False,0.1,True,False
Pune,2025-02-22,15.0,6.6,0.0,False,False,,False,0.1,True,False
Pune,2025-02-23,17.1,7.0,0.0,False,False,,False,0.0,True,False
Pune,2025-02-24,17.9,6.7,0.0,False,False,,False,0.1,True,False
Pune,2025-02-25,17.6,8.2,0.0,False,False,,False,0.1,True,False
Pune,2025-02-26,17.5,7.0,2.3,False,False,,False,0.1,True,False
Pune,2025-02-27,15.5,6.4,0.0,False,False,,False,0.3,True,False
Pune,2025-02-28,17.9,6.8,0.0,False,False,,False,0.2,True,False
Pune,2025-03-01,24.4,8.3,3.0,False,False,,False,0.1,True,False
Pune,2025-03-02,23.2,9.9,0.5,False,False,,False,0.0,True,False
Pune,2025-03-03,20.9,9.7,0.0,False,False,,False,0.0,True,False
Pune,2025-03-04,24.3,9.9,0.0,False,False,,False,0.0,True,False
Pune,2025-03-05,22.0,10.0,0.3,False,False,,False,0.1,True,False
Pune,2025-03-06,23.5,12.4,1.0,False,False,,False,0.1,True,False
Pune,2025-03-07,23.3,10.1,0.0,False,False,,False,0.1,True,False
Pune,2025-03-08,22.3,9.3,0.0,False,False,,False,0.2,True,False
Pune,2025-03-09,22.8,9.2,0.0,False,False,,False,0.0,True,False
Pune,2025-03-10,22.6,8.6,0.0,False,False,,False,0.2,True,False
Pune,2025-03-11,23.6,6.6,0.0,False,False,,False,0.0,True,False
Pune,2025-03-12,24.7,7.8,2.2,False,False,,False,0.2,True,False
Pune,2025-03-13,21.3,8.1,0.0,False,False,,False,0.0,True,False
Pune,2025-03-14,21.7,10.2,2.2,False,False,Holi,True,0.3,True,False
Pune,2025-03-15,24.9,9.3,0.5,False,False,,False,0.1,True,False
Pune,2025-03-16,24.2,8.5,0.0,False,False,,False,0.0,False,False
Pune,2025-03-17,21.3,12.7,0.0,False,False,,False,0.1,False,False
Pune,2025-03-18,22.7,8.9,0.0,False,False,,False,0.1,False,False
Pune,2025-03-19,23.1,9.6,0.0,False,False,,False,0.0,False,False
Pune,2025-03-20,21.4,9.9,0.0,False,False,,False,0.2,False,False
Pune,2025-03-21,20.2,10.6,0.8,False,False,,False,0.2,False,False
Pune,2025-03-22,22.0,10.0,0.0,False,False,,False,0.0,False,False
Pune,2025-03-23,22.7,9.6,0.8,False,False,,False,0.0,False,False
Pune,2025-03-24,21.9,8.9,0.0,False,False,,False,0.1,False,False
Pune,2025-03-25,22.6,8.4,0.1,False,False,,False,0.0,False,False
Pune,2025-03-26,22.4,7.4,0.0,False,False,,False,0.0,False,False
Pune,2025-03-27,22.0,8.8,0.0,False,False,,False,0.0,False,False
Pune,2025-03-28,23.7,10.7,0.0,False,False,,False,0.0,False,False
Pune,2025-03-29,24.9,11.6,5.7,False,False,,False,0.0,False,False
Pune,2025-03-30,20.9,9.6,0.7,False,False,,False,0.1,False,False
Pune,2025-03-31,24.2,9.2,1.7,False,False,,False,0.0,False,False
Pune,2025-04-01,31.6,12.5,1.6,False,False,,False,0.0,False,False
Pune,2025-04-02,30.3,14.6,0.0,False,False,,False,0.2,False,False
Pune,2025-04-03,31.6,14.5,0.8,False,False,,False,0.0,False,False
Pune,2025-04-04,29.3,10.8,0.0,False,False,,False,0.0,False,False
Pune,2025-04-05,29.9,12.7,0.4,False,False,,False,0.1,False,False
Pune,2025-04-06,30.2,13.5,6.1,False,False,,False,0.1,False,False
Pune,2025-04-07,28.9,14.0,0.0,False,False,,False,0.0,False,False
Pune,2025-04-08,31.2,13.8,0.0,False,False,,False,0.0,False,False
Pune,2025-04-09,31.6,12.5,3.1,False,False,,False,0.0,False,False
Pune,2025-04-10,28.4,13.4,0.0,False,False,,False,0.1,False,False
Pune,2025-04-11,30.8,13.1,4.5,False,False,,False,0.0,False,False
Pune,2025-04-12,30.5,14.6,0.4,False,False,,False,0.1,False,False
Pune,2025-04-13,32.9,13.1,1.2,False,False,,False,0.0,False,False
Pune,2025-04-14,29.1,12.9,0.0,False,False,,False,0.0,False,False
Pune,2025-04-15,30.8,12.5,0.0,False,False,,False,0.0,False,False
Pune,2025-04-16,30.3,14.1,0.0,False,False,,False,0.0,False,False
Pune,2025-04-17,31.7,13.6,0.0,False,False,,False,0.1,False,False
Pune,2025-04-18,30.5,12.4,0.0,False,False,,False,0.0,False,False
Pune,2025-04-19,33.3,14.9,0.0,False,False,,False,0.0,False,False
Pune,2025-04-20,30.0,14.9,0.0,False,False,,False,0.1,False,False
Pune,2025-04-21,30.6,14.5,0.0,False,False,,False,0.0,False,False
Pune,2025-04-22,33.9,14.1,0.0,False,False,,False,0.1,False,False
Pune,2025-04-23,31.2,13.3,0.3,False,False,,False,0.1,False,False
Pune,2025-04-24,31.1,14.5,5.5,False,False,,False,0.1,False,False
Pune,2025-04-25,31.8,15.5,0.0,False,False,,False,0.0,False,False
Pune,2025-04-26,32.2,14.0,0.9,False,False,,False,0.2,False,False
Pune,2025-04-27,32.8,13.3,0.0,False,False,,False,0.1,False,False
Pune,2025-04-28,32.4,14.1,0.0,False,False,,False,0.0,False,False
Pune,2025-04-29,26.8,14.0,0.0,False,False,,False,0.1,False,False
Pune,2025-04-30,29.9,15.9,0.0,False,False,,False,0.1,False,False
Pune,2025-05-01,37.0,17.2,1.1,False,False,,False,0.0,False,False
Pune,2025-05-02,36.4,14.9,0.0,False,False,,False,0.0,False,False
Pune,2025-05-03,39.1,15.0,0.2,False,False,,False,0.0,False,False
Pune,2025-05-04,38.5,16.9,0.0,False,False,,False,0.0,False,False
Pune,2025-05-05,39.3,17.4,0.0,False,False,,False,0.2,False,False
Pune,2025-05-06,35.0,15.6,0.0,False,False,,False,0.1,False,False
Pune,2025-05-07,38.1,16.2,0.0,False,False,,False,0.1,False,False
Pune,2025-05-08,38.8,18.2,0.0,False,False,,False,0.0,False,False
Pune,2025-05-09,36.4,15.8,0.0,False,False,,False,0.0,False,False
Pune,2025-05-10,36.5,16.2,0.0,False,False,,False,0.1,False,False
Pune,2025-05-11,36.5,16.0,1.0,False,False,,False,0.0,False,False
Pune,2025-05-12,37.1,15.0,0.3,False,False,,False,0.2,False,False
Pune,2025-05-13,37.7,17.4,0.0,False,False,,False,0.1,False,False
Pune,2025-05-14,38.7,19.5,5.4,False,False,,False,0.0,False,False
Pune,2025-05-15,36.6,18.4,8.6,False,False,,False,0.2,False,False
Pune,2025-05-16,38.0,15.8,0.0,False,False,,False,0.0,False,False
Pune,2025-05-17,38.7,14.9,5.9,False,False,,False,0.0,False,False
Pune,2025-05-18,36.3,15.5,0.0,False,False,,False,0.1,False,False
Pune,2025-05-19,37.5,18.2,0.0,False,False,,False,0.1,False,False
Pune,2025-05-20,36.9,18.8,1.6,False,False,,False,0.0,False,False
Pune,2025-05-21,36.0,18.4,0.0,False,False,,False,0.0,False,False
Pune,2025-05-22,38.2,13.3,0.0,False,False,,False,0.0,False,False
Pune,2025-05-23,35.6,17.2,0.0,False,False,,False,0.0,False,False
Pune,2025-05-24,36.7,15.4,0.0,False,False,,False,0.0,False,False
Pune,2025-05-25,35.6,16.0,2.1,False,False,,False,0.1,False,False
Pune,2025-05-26,37.8,16.3,0.0,False,False,,False,0.0,False,False
Pune,2025-05-27,34.6,18.4,0.0,False,False,,False,0.1,False,False
Pune,2025-05-28,36.4,17.1,0.0,False,False,,False,0.0,False,False
Pune,2025-05-29,35.1,16.5,0.0,False,False,,False,0.0,False,False
Pune,2025-05-30,36.0,16.6,1.9,False,False,,False,0.1,False,False
Pune,2025-05-31,34.5,16.7,0.1,False,False,,False,0.0,False,False
Pune,2025-06-01,33.3,14.7,0.0,False,False,,False,0.0,False,False
Pune,2025-06-02,32.3,13.8,7.5,False,False,,False,0.1,False,False
Pune,2025-06-03,35.8,16.3,4.4,False,False,,False,0.0,False,False
Pune,2025-06-04,31.6,13.9,12.6,False,False,,False,0.0,False,False
Pune,2025-06-05,30.3,14.8,10.9,False,False,,False,0.0,False,False
Pune,2025-06-06,32.8,13.4,8.7,False,False,,False,0.1,False,False
Pune,2025-06-07,36.1,14.2,3.7,False,False,,False,0.0,False,False
Pune,2025-06-08,32.7,15.3,2.2,False,False,,False,0.0,False,False
Pune,2025-06-09,36.3,14.7,8.6,False,False,,False,0.2,False,False
Pune,2025-06-10,34.1,17.2,8.2,False,False,,False,0.1,False,False
Pune,2025-06-11,34.3,15.3,5.4,False,False,,False,0.1,False,False
Pune,2025-06-12,37.0,13.1,7.9,False,False,,False,0.2,False,False
Pune,2025-06-13,32.0,15.4,4.5,False,False,,False,0.2,False,False
Pune,2025-06-14,35.7,15.9,18.0,False,False,,False,0.0,False,False
Pune,2025-06-15,32.5,15.6,2.7,False,False,,False,0.0,False,False
Pune,2025-06-16,32.8,14.5,0.0,False,False,,False,0.0,False,False
Pune,2025-06-17,33.4,13.3,13.9,False,False,,False,0.1,False,False
Pune,2025-06-18,33.8,16.1,1.2,False,False,,False,0.2,False,False
Pune,2025-06-19,32.7,13.4,24.3,False,False,,False,0.0,False,False
Pune,2025-06-20,31.7,15.2,0.8,False,False,,False,0.0,False,False
Pune,2025-06-21,34.8,15.2,25.1,False,False,,False,0.1,False,False
Pune,2025-06-22,34.3,14.1,15.5,False,False,,False,0.0,False,False
Pune,2025-06-23,33.6,17.9,0.0,False,False,,False,0.1,False,False
Pune,2025-06-24,32.6,14.5,5.2,False,False,,False,0.0,False,False
Pune,2025-06-25,29.7,15.6,4.5,False,False,,False,0.0,False,False
Pune,2025-06-26,33.4,14.9,8.3,False,False,,False,0.2,False,False
Pune,2025-06-27,34.9,16.0,0.0,False,False,,False,0.0,False,False
Pune,2025-06-28,32.2,14.0,0.3,False,False,,False,0.1,False,False
Pune,2025-06-29,31.9,15.8,0.0,False,False,,False,0.0,False,False
Pune,2025-06-30,33.0,13.8,0.0,False,False,,False,0.0,False,False
Mumbai,2024-01-01,23.7,9.1,0.0,False,False,,False,0.1,False,False
Mumbai,2024-01-02,23.4,9.2,1.0,False,False,,False,0.0,False,False
Mumbai,2024-01-03,22.4,9.1,0.0,False,False,,False,0.1,False,False
Mumbai,2024-01-04,19.8,7.4,0.0,False,False,,False,0.2,False,False
Mumbai,2024-01-05,21.8,7.8,0.0,False,False,,False,0.0,False,False
Mumbai,2024-01-06,22.9,10.2,0.0,False,False,,False,0.1,False,False
Mumbai,2024-01-07,19.7,10.3,0.0,False,False,,False,0.1,False,False
Mumbai,2024-01-08,21.7,8.3,0.0,False,False,,False,0.1,False,False
Mumbai,2024-01-09,19.4,8.1,0.0,False,False,,False,0.0,False,False
Mumbai,2024-01-10,20.4,10.9,0.1,False,False,,False,0.0,False,False
Mumbai,2024-01-11,19.3,6.9,0.0,False,False,,False,0.0,False,False
Mumbai,2024-01-12,21.7,9.3,0.0,False,False,,False,0.1,False,False
Mumbai,2024-01-13,21.0,9.7,2.5,False,False,,False,0.0,False,False
Mumbai,2024-01-14,19.9,9.3,3.2,False,False,,False,0.0,False,False
Mumbai,2024-01-15,22.0,8.4,0.0,False,False,,False,0.2,False,False
Mumbai,2024-01-16,20.8,10.2,0.1,False,False,,False,0.1,False,False
Mumbai,2024-01-17,19.0,11.2,0.0,False,False,,False,0.0,False,False
Mumbai,2024-01-18,20.2,8.6,2.1,False,False,,False,0.1,False,False
Mumbai,2024-01-19,20.4,10.4,0.0,False,False,,False,0.1,False,False
Mumbai,2024-01-20,20.5,7.1,0.0,False,False,,False,0.0,False,False
Mumbai,2024-01-21,19.5,10.6,0.0,False,False,,False,0.0,False,False
Mumbai,2024-01-22,18.9,8.9,0.0,False,False,,False,0.0,False,False
Mumbai,2024-01-23,19.0,8.7,3.8,False,False,,False,0.0,False,False
Mumbai,2024-01-24,19.8,9.0,0.0,False,False,,False,0.0,False,False
Mumbai,2024-01-25,22.5,8.4,0.0,False,False,,False,0.0,False,False
Mumbai,2024-01-26,22.4,9.5,1.1,False,False,,False,0.1,False,False
Mumbai,2024-01-27,23.1,5.7,3.2,False,False,,False,0.2,False,False
Mumbai,2024-01-28,20.0,8.2,0.0,False,False,,False,0.0,False,False
Mumbai,2024-01-29,18.8,9.7,0.0,False,False,,False,0.0,False,False
Mumbai,2024-01-30,20.3,11.2,0.0,False,False,,False,0.0,False,False
Mumbai,2024-01-31,23.3,8.8,0.6,False,False,,False,0.0,False,False
Mumbai,2024-02-01,18.3,9.8,0.0,False,False,,False,0.0,False,False
Mumbai,2024-02-02,21.7,10.0,1.4,False,False,,False,0.1,False,False
Mumbai,2024-02-03,17.9,9.7,0.0,False,False,,False,0.0,False,False
Mumbai,2024-02-04,24.4,10.0,0.0,False,False,,False,0.1,False,False
Mumbai,2024-02-05,23.5,9.8,0.0,False,False,,False,0.0,False,False
Mumbai,2024-02-06,22.7,10.5,2.9,False,False,,False,0.0,False,False
Mumbai,2024-02-07,24.7,7.9,8.4,False,False,,False,0.0,False,False
Mumbai,2024-02-08,24.8,8.6,0.0,False,False,,False,0.0,False,False
Mumbai,2024-02-09,21.9,11.1,3.1,False,False,,False,0.0,False,False
Mumbai,2024-02-10,21.8,6.6,1.4,False,False,,False,0.1,False,False
Mumbai,2024-02-11,22.7,10.0,1.4,False,False,,False,0.1,False,False
Mumbai,2024-02-12,23.2,10.6,0.0,False,False,,False,0.1,False,False
Mumbai,2024-02-13,21.7,8.8,0.0,False,False,,False,0.2,False,False
Mumbai,2024-02-14,22.0,9.8,0.0,False,False,,False,0.1,False,False
Mumbai,2024-02-15,19.9,9.3,3.0,False,False,,False,0.0,False,False
Mumbai,2024-02-16,25.4,11.5,0.4,False,False,,False,0.1,False,False
Mumbai,2024-02-17,21.8,9.4,0.0,False,False,,False,0.0,False,False
Mumbai,2024-02-18,21.6,11.6,0.0,False,False,,False,0.1,False,False
Mumbai,2024-02-19,25.0,9.9,0.0,False,False,,False,0.2,False,False
Mumbai,2024-02-20,21.7,10.5,0.9,False,False,,False,0.2,False,False
Mumbai,2024-02-21,19.0,9.4,1.0,False,False,,False,0.1,False,False
Mumbai,2024-02-22,22.4,9.7,0.0,False,False,,False,0.1,False,False
Mumbai,2024-02-23,23.6,12.7,1.3,False,False,,False,0.0,False,False
Mumbai,2024-02-24,24.5,10.8,0.5,False,False,,False,0.0,False,False
Mumbai,2024-02-25,21.9,10.5,0.4,False,False,,False,0.0,False,False
Mumbai,2024-02-26,23.3,10.2,0.0,False,False,,False,0.3,False,False
Mumbai,2024-02-27,22.2,10.1,1.5,False,False,,False,0.0,False,False
Mumbai,2024-02-28,24.0,10.5,0.0,False,False,,False,0.0,False,False
Mumbai,2024-02-29,20.2,8.8,0.0,False,False,,False,0.2,False,False
Mumbai,2024-03-01,24.4,12.3,0.0,False,False,,False,0.1,False,False
Mumbai,2024-03-02,25.4,11.5,1.2,False,False,,False,0.1,False,False
Mumbai,2024-03-03,25.6,13.4,2.9,False,False,,False,0.1,False,False
Mumbai,2024-03-04,24.0,12.1,0.0,False,False,,False,0.2,False,False
Mumbai,2024-03-05,25.4,12.0,0.2,False,False,,False,0.0,False,False
Mumbai,2024-03-06,26.1,10.8,0.0,False,False,,False,0.0,False,False
Mumbai,2024-03-07,23.8,12.7,0.7,False,False,,False,0.0,False,False
Mumbai,2024-03-08,24.3,11.6,3.2,False,False,,False,0.0,False,False
Mumbai,2024-03-09,24.5,14.3,2.9,False,False,,False,0.3,False,False
Mumbai,2024-03-10,23.9,13.3,3.3,False,False,,False,0.0,False,False
Mumbai,2024-03-11,25.4,13.6,2.1,False,False,,False,0.0,False,False
Mumbai,2024-03-12,26.4,11.8,0.0,False,False,,False,0.1,False,False
Mumbai,2024-03-13,24.4,11.0,0.0,False,False,,False,0.1,False,False
Mumbai,2024-03-14,23.9,11.4,0.5,False,False,,False,0.1,False,False
Mumbai,2024-03-15,25.0,11.5,0.0,False,False,,False,0.0,False,False
Mumbai,2024-03-16,25.1,10.3,1.7,False,False,,False,0.1,False,False
Mumbai,2024-03-17,25.8,10.8,0.6,False,False,,False,0.2,False,False
Mumbai,2024-03-18,24.9,9.3,0.0,False,False,,False,0.0,False,False
Mumbai,2024-03-19,26.1,10.8,0.0,False,False,,False,0.1,False,False
Mumbai,2024-03-20,23.4,12.0,1.0,False,False,,False,0.0,False,False
Mumbai,2024-03-21,28.0,12.3,2.4,False,False,,False,0.1,False,False
Mumbai,2024-03-22,24.8,13.0,1.0,False,False,,False,0.0,False,False
Mumbai,2024-03-23,26.4,13.7,1.8,False,False,,False,0.0,False,False
Mumbai,2024-03-24,23.1,9.3,0.0,False,False,,False,0.0,False,False
Mumbai,2024-03-25,26.5,11.9,0.0,False,False,Holi,True,0.0,False,False
Mumbai,2024-03-26,25.0,10.9,0.0,False,False,,False,0.0,False,False
Mumbai,2024-03-27,23.4,13.2,1.6,False,False,,False,0.0,False,False
Mumbai,2024-03-28,25.1,12.6,0.0,False,False,,False,0.0,False,False
Mumbai,2024-03-29,27.6,12.5,3.0,False,False,,False,0.1,False,False
Mumbai,2024-03-30,26.9,11.3,0.0,False,False,,False,0.0,False,False
Mumbai,2024-03-31,23.6,12.6,0.0,False,False,,False,0.0,False,False
Mumbai,2024-04-01,28.2,16.0,0.0,False,False,,False,0.0,False,False
Mumbai,2024-04-02,28.6,13.0,0.0,False,False,,False,0.0,False,False
Mumbai,2024-04-03,30.7,15.9,0.3,False,False,,False,0.0,False,False
Mumbai,2024-04-04,29.6,17.0,0.0,False,False,,False,0.0,False,False
Mumbai,2024-04-05,30.7,14.2,0.0,False,False,,False,0.1,False,False
Mumbai,2024-04-06,30.2,14.0,0.0,False,False,,False,0.0,False,False
Mumbai,2024-04-07,27.2,16.2,0.0,False,False,,False,0.1,False,False
Mumbai,2024-04-08,30.6,16.2,0.0,False,False,,False,0.3,False,False
Mumbai,2024-04-09,27.4,15.5,0.0,False,False,,False,0.1,False,False
Mumbai,2024-04-10,31.0,17.9,0.8,False,False,,False,0.1,False,False
Mumbai,2024-04-11,30.2,13.6,1.4,False,False,,False,0.1,False,False
Mumbai,2024-04-12,28.6,16.5,0.2,False,False,,False,0.0,False,False
Mumbai,2024-04-13,28.6,15.8,1.7,False,False,,False,0.0,False,False
Mumbai,2024-04-14,29.3,13.5,1.2,False,False,,False,0.0,False,False
Mumbai,2024-04-15,30.4,17.7,0.0,False,False,,False,0.1,False,False
Mumbai,2024-04-16,32.0,16.4,0.0,False,False,,False,0.1,False,False
Mumbai,2024-04-17,29.6,15.7,0.3,False,False,,False,0.3,False,False
Mumbai,2024-04-18,32.3,16.7,4.6,False,False,,False,0.0,False,False
Mumbai,2024-04-19,30.2,16.4,0.0,False,False,,False,0.1,False,False
Mumbai,2024-04-20,28.2,17.1,0.0,False,False,,False,0.1,False,False
Mumbai,2024-04-21,29.1,14.8,1.4,False,False,,False,0.0,False,False
Mumbai,2024-04-22,31.9,14.1,0.0,False,False,,False,0.0,False,False
Mumbai,2024-04-23,27.7,16.2,0.0,False,False,,False,0.1,False,False
Mumbai,2024-04-24,29.0,15.5,0.0,False,False,,False,0.1,False,False
Mumbai,2024-04-25,27.1,15.4,0.2,False,False,,False,0.0,False,False
Mumbai,2024-04-26,32.3,17.1,4.6,False,False,,False,0.0,False,False
Mumbai,2024-04-27,28.4,15.8,2.3,False,False,,False,0.0,False,False
Mumbai,2024-04-28,27.0,15.5,0.0,False,False,,False,0.1,False,False
Mumbai,2024-04-29,29.3,15.5,0.0,False,False,,False,0.0,False,False
Mumbai,2024-04-30,30.7,15.2,0.0,False,False,,False,0.0,False,False
Mumbai,2024-05-01,35.1,17.8,0.1,False,False,,False,0.0,False,False
Mumbai,2024-05-02,34.5,19.5,2.1,False,False,,False,0.0,False,False
Mumbai,2024-05-03,31.8,19.2,1.2,False,False,,False,0.2,False,False
Mumbai,2024-05-04,32.8,16.9,1.1,False,False,,False,0.1,False,False
Mumbai,2024-05-05,32.8,16.7,0.5,False,False,,False,0.1,False,False
Mumbai,2024-05-06,33.7,17.8,0.0,False,False,,False,0.3,False,False
Mumbai,2024-05-07,34.7,17.7,0.0,False,False,,False,0.0,False,False
Mumbai,2024-05-08,34.1,16.3,0.0,False,False,,False,0.0,False,False
Mumbai,2024-05-09,33.2,17.4,0.0,False,False,,False,0.2,False,False
Mumbai,2024-05-10,32.5,17.2,0.3,False,False,,False,0.1,False,False
Mumbai,2024-05-11,33.9,18.8,0.2,False,False,,False,0.0,False,False
Mumbai,2024-05-12,32.2,17.4,4.5,False,False,,False,0.1,False,False
Mumbai,2024-05-13,32.0,19.3,0.0,False,False,,False,0.1,False,False
Mumbai,2024-05-14,31.8,19.9,0.0,False,False,,False,0.0,False,False
Mumbai,2024-05-15,33.7,17.4,0.4,False,False,,False,0.1,False,False
Mumbai,2024-05-16,32.4,16.8,0.0,False,False,,False,0.1,False,False
Mumbai,2024-05-17,30.1,17.9,0.0,False,False,,False,0.1,False,False
Mumbai,2024-05-18,31.1,17.3,0.0,False,False,,False,0.2,False,False
Mumbai,2024-05-19,33.8,17.2,0.0,False,False,,False,0.0,False,False
Mumbai,2024-05-20,31.8,16.5,1.0,False,False,,False,0.0,False,False
Mumbai,2024-05-21,32.7,17.5,0.8,False,False,,False,0.0,False,False
Mumbai,2024-05-22,32.8,19.7,1.7,False,False,,False,0.0,False,False
Mumbai,2024-05-23,34.0,17.8,3.4,False,False,,False,0.1,False,False
Mumbai,2024-05-24,32.8,19.0,0.1,False,False,,False,0.2,False,False
Mumbai,2024-05-25,33.5,18.4,0.0,False,False,,False,0.1,False,False
Mumbai,2024-05-26,34.1,18.2,0.0,False,False,,False,0.1,False,False
Mumbai,2024-05-27,32.5,18.3,0.8,False,False,,False,0.1,False,False
Mumbai,2024-05-28,32.7,17.0,0.0,False,False,,False,0.1,False,False
Mumbai,2024-05-29,33.4,17.3,0.0,False,False,,False,0.1,False,False
Mumbai,2024-05-30,31.8,17.8,0.0,False,False,,False,0.0,False,False
Mumbai,2024-05-31,32.5,18.6,0.0,False,False,,False,0.0,False,False
Mumbai,2024-06-01,30.4,15.1,64.7,False,False,,False,0.1,False,False
Mumbai,2024-06-02,31.9,18.7,16.1,False,False,,False,0.0,False,False
Mumbai,2024-06-03,31.9,16.6,52.0,False,False,,False,0.2,False,False
Mumbai,2024-06-04,27.5,17.6,26.0,False,False,,False,0.0,False,False
Mumbai,2024-06-05,30.5,16.9,0.8,False,False,,False,0.0,False,False
Mumbai,2024-06-06,32.7,18.1,0.0,False,False,,False,0.0,False,False
Mumbai,2024-06-07,30.5,17.2,16.8,False,False,,False,0.0,False,False
Mumbai,2024-06-08,31.3,16.7,4.8,False,False,,False,0.0,False,False
Mumbai,2024-06-09,31.3,18.1,38.5,False,False,,False,0.3,False,False
Mumbai,2024-06-10,33.2,17.3,28.6,False,False,,False,0.1,False,False
Mumbai,2024-06-11,28.6,15.3,48.3,False,False,,False,0.1,False,False
Mumbai,2024-06-12,32.2,17.6,70.7,False,False,,False,0.1,False,False
Mumbai,2024-06-13,30.7,15.7,10.4,False,False,,False,0.0,False,False
Mumbai,2024-06-14,28.6,16.0,12.7,False,False,,False,0.0,False,False
Mumbai,2024-06-15,27.0,18.2,35.3,False,False,,False,0.0,False,False
Mumbai,2024-06-16,30.0,18.0,24.4,False,False,,False,0.2,False,False
Mumbai,2024-06-17,32.2,19.2,7.3,False,False,,False,0.1,False,False
Mumbai,2024-06-18,31.9,17.2,4.0,False,False,,False,0.1,False,False
Mumbai,2024-06-19,30.2,15.4,5.9,False,False,,False,0.0,False,False
Mumbai,2024-06-20,34.7,13.4,12.0,False,False,,False,0.0,False,False
Mumbai,2024-06-21,32.0,17.1,2.2,False,False,,False,0.0,False,False
Mumbai,2024-06-22,30.7,16.4,31.7,False,False,,False,0.0,False,False
Mumbai,2024-06-23,30.3,17.8,26.3,False,False,,False,0.1,False,False
Mumbai,2024-06-24,30.4,17.2,3.3,False,False,,False,0.2,False,False
Mumbai,2024-06-25,30.3,16.1,101.9,False,False,,False,0.1,False,False
Mumbai,2024-06-26,30.4,15.4,43.9,False,False,,False,0.1,False,False
Mumbai,2024-06-27,32.2,15.2,13.0,False,False,,False,0.0,False,False
Mumbai,2024-06-28,32.0,16.4,0.0,False,False,,False,0.1,False,False
Mumbai,2024-06-29,31.0,15.7,1.3,False,False,,False,0.1,False,False
Mumbai,2024-06-30,31.3,16.3,46.4,False,False,,False,0.1,False,False
Mumbai,2024-07-01,24.4,12.0,108.5,False,False,,False,0.0,False,False
Mumbai,2024-07-02,23.7,14.0,32.2,False,False,,False,0.2,False,False
Mumbai,2024-07-03,23.5,14.4,73.8,False,False,,False,0.0,False,False
Mumbai,2024-07-04,25.8,12.8,38.9,False,False,,False,0.0,False,False
Mumbai,2024-07-05,27.7,12.9,62.6,False,False,,False,0.1,False,False
Mumbai,2024-07-06,26.9,12.4,24.6,False,False,,False,0.0,False,False
Mumbai,2024-07-07,23.6,10.5,25.9,False,False,,False,0.1,False,False
Mumbai,2024-07-08,26.6,14.7,126.6,False,True,,False,0.1,False,False
Mumbai,2024-07-09,23.8,12.9,66.8,False,False,,False,0.1,False,False
Mumbai,2024-07-10,25.9,10.6,74.9,False,False,,False,0.0,False,False
Mumbai,2024-07-11,26.4,14.8,58.0,False,False,,False,0.1,False,False
Mumbai,2024-07-12,24.3,12.3,7.9,False,False,,False,0.2,False,False
Mumbai,2024-07-13,26.3,11.4,32.6,False,False,,False,0.1,False,False
Mumbai,2024-07-14,26.0,9.0,115.1,False,False,,False,0.1,False,False
Mumbai,2024-07-15,24.8,13.0,41.8,False,False,,False,0.0,False,False
Mumbai,2024-07-16,22.3,13.7,24.3,False,False,,False,0.1,False,False
Mumbai,2024-07-17,24.7,12.6,8.9,False,False,,False,0.1,False,False
Mumbai,2024-07-18,22.5,11.9,57.3,False,False,,False,0.1,False,False
Mumbai,2024-07-19,23.1,13.1,15.8,False,False,,False,0.0,False,False
Mumbai,2024-07-20,24.5,11.7,78.7,False,False,,False,0.1,False,False
Mumbai,2024-07-21,25.9,14.5,32.0,False,False,,False,0.1,False,False
Mumbai,2024-07-22,25.3,13.9,128.3,False,False,,False,0.0,False,False
Mumbai,2024-07-23,24.5,10.0,1.7,False,False,,False,0.1,False,False
Mumbai,2024-07-24,27.0,11.5,0.0,False,False,,False,0.1,False,False
Mumbai,2024-07-25,26.6,12.7,84.5,False,True,,False,0.9,False,False
Mumbai,2024-07-26,23.8,11.5,109.3,False,True,,False,0.0,False,False
Mumbai,2024-07-27,23.9,12.5,111.8,False,False,,False,0.1,False,False
Mumbai,2024-07-28,28.6,12.0,63.8,False,False,,False,0.1,False,False
Mumbai,2024-07-29,23.4,10.5,86.3,False,False,,False,0.0,False,False
Mumbai,2024-07-30,24.2,10.9,0.0,False,False,,False,0.0,False,False
Mumbai,2024-07-31,25.4,13.4,63.0,False,False,,False,0.0,False,False
Mumbai,2024-08-01,24.3,10.7,49.7,False,False,,False,0.1,False,False
Mumbai,2024-08-02,25.4,14.1,7.9,False,False,,False,0.0,False,False
Mumbai,2024-08-03,27.7,8.0,84.0,False,False,,False,0.0,False,False
Mumbai,2024-08-04,22.6,10.7,1.1,False,False,,False,0.1,False,False
Mumbai,2024-08-05,22.9,11.6,100.5,False,False,,False,0.1,False,False
Mumbai,2024-08-06,23.9,11.6,44.4,False,False,,False,0.1,False,False
Mumbai,2024-08-07,27.4,10.0,29.1,False,False,,False,0.1,False,False
Mumbai,2024-08-08,25.0,10.8,16.4,False,False,,False,0.1,False,False
Mumbai,2024-08-09,22.0,13.0,72.7,False,False,,False,0.1,False,False
Mumbai,2024-08-10,24.7,10.4,36.7,False,False,,False,0.1,False,False
Mumbai,2024-08-11,23.0,11.8,48.8,False,False,,False,0.1,False,False
Mumbai,2024-08-12,21.2,9.7,99.9,False,False,,False,0.0,False,False
Mumbai,2024-08-13,26.2,11.4,1.7,False,False,,False,0.1,False,False
Mumbai,2024-08-14,24.4,13.4,45.2,False,False,,False,0.1,False,False
Mumbai,2024-08-15,23.5,14.1,235.3,False,False,,False,0.1,False,False
Mumbai,2024-08-16,23.7,8.8,58.5,False,False,,False,0.0,False,False
Mumbai,2024-08-17,26.5,11.6,79.2,False,False,,False,0.0,False,False
Mumbai,2024-08-18,25.6,13.5,44.6,False,False,,False,0.1,False,False
Mumbai,2024-08-19,25.8,11.5,8.9,False,False,,False,0.3,False,False
Mumbai,2024-08-20,22.6,10.5,93.5,False,True,,False,0.9,False,False
Mumbai,2024-08-21,26.3,11.5,108.8,False,True,,False,0.2,False,False
Mumbai,2024-08-22,23.2,12.3,25.2,False,False,,False,0.0,False,False
Mumbai,2024-08-23,24.0,9.6,9.3,False,False,,False,0.1,False,False
Mumbai,2024-08-24,22.2,11.1,28.2,False,False,,False,0.0,False,False
Mumbai,2024-08-25,24.7,11.2,21.5,False,False,,False,0.0,False,False
Mumbai,2024-08-26,25.0,10.4,139.7,False,False,,False,0.0,False,False
Mumbai,2024-08-27,22.6,13.1,29.2,False,False,,False,0.1,False,False
Mumbai,2024-08-28,22.8,12.6,35.4,False,False,,False,0.0,False,False
Mumbai,2024-08-29,25.9,13.8,5.2,False,False,,False,0.0,False,False
Mumbai,2024-08-30,24.4,13.0,117.1,False,False,,False,0.1,False,False
Mumbai,2024-08-31,24.8,11.3,29.7,False,False,,False,0.0,False,False
Mumbai,2024-09-01,26.9,11.7,30.8,False,False,,False,0.0,False,False
Mumbai,2024-09-02,26.5,12.3,5.4,False,False,,False,0.0,False,False
Mumbai,2024-09-03,25.7,11.8,27.7,False,False,,False,0.0,False,False
Mumbai,2024-09-04,25.8,13.5,33.0,False,False,,False,0.3,False,False
Mumbai,2024-09-05,28.1,14.0,16.2,False,False,,False,0.0,False,False
Mumbai,2024-09-06,24.5,12.2,32.6,False,False,,False,0.0,False,False
Mumbai,2024-09-07,25.7,11.2,21.6,False,False,Ganesh Chaturthi,False,0.0,False,False
Mumbai,2024-09-08,26.1,14.2,67.9,False,False,,False,0.1,False,False
Mumbai,2024-09-09,26.4,13.7,0.0,False,False,,False,0.0,False,False
Mumbai,2024-09-10,26.0,11.7,12.1,False,False,,False,0.0,False,False
Mumbai,2024-09-11,26.1,11.9,64.9,False,False,,False,0.1,False,False
Mumbai,2024-09-12,24.2,11.9,84.8,False,False,,False,0.1,False,False
Mumbai,2024-09-13,23.8,10.9,15.2,False,False,,False,0.1,False,False
Mumbai,2024-09-14,26.1,11.5,42.8,False,False,,False,0.0,False,False
Mumbai,2024-09-15,26.7,14.4,16.2,False,False,,False,0.1,False,False
Mumbai,2024-09-16,26.9,10.7,19.4,False,False,,False,0.2,False,False
Mumbai,2024-09-17,26.3,12.2,60.9,False,False,,False,0.0,False,False
Mumbai,2024-09-18,25.8,11.7,14.9,False,False,,False,0.0,False,False
Mumbai,2024-09-19,27.4,13.1,43.6,False,False,,False,0.1,False,False
Mumbai,2024-09-20,26.1,10.1,24.7,False,False,,False,0.0,False,False
Mumbai,2024-09-21,24.8,12.1,9.1,False,False,,False,0.0,False,False
Mumbai,2024-09-22,28.5,12.3,28.1,False,False,,False,0.0,False,False
Mumbai,2024-09-23,26.2,12.4,15.2,False,False,,False,0.1,False,False
Mumbai,2024-09-24,23.1,12.8,7.4,False,False,,False,0.1,False,False
Mumbai,2024-09-25,28.0,12.3,8.2,False,False,,False,0.0,False,False
Mumbai,2024-09-26,25.1,13.4,26.4,False,False,,False,0.1,False,False
Mumbai,2024-09-27,23.8,12.8,35.8,False,False,Big Sale,False,0.2,False,True
Mumbai,2024-09-28,27.6,13.1,1.9,False,False,Big Sale,False,0.0,False,True
Mumbai,2024-09-29,27.3,12.7,1.5,False,False,Big Sale,False,0.0,False,True
Mumbai,2024-09-30,27.1,14.3,4.0,False,False,Big Sale,False,0.0,False,True
Mumbai,2024-10-01,26.8,12.3,8.6,False,False,Big Sale,False,0.1,False,True
Mumbai,2024-10-02,25.8,12.6,10.3,False,False,Big Sale,False,0.0,False,True
Mumbai,2024-10-03,23.8,10.3,6.4,False,False,Big Sale,False,0.0,False,True
Mumbai,2024-10-04,24.3,10.9,0.1,False,False,Big Sale,False,0.1,False,True
Mumbai,2024-10-05,25.1,11.2,0.0,False,False,Big Sale,False,0.3,False,True
Mumbai,2024-10-06,22.7,10.2,1.6,False,False,Big Sale,False,0.1,False,True
Mumbai,2024-10-07,23.7,12.9,1.8,False,False,,False,0.2,False,False
Mumbai,2024-10-08,26.1,10.1,6.1,False,False,,False,0.1,False,False
Mumbai,2024-10-09,25.8,11.0,15.2,False,False,,False,0.0,False,False
Mumbai,2024-10-10,22.4,10.1,4.0,False,False,,False,0.3,False,False
Mumbai,2024-10-11,23.9,11.2,3.1,False,False,,False,0.0,False,False
Mumbai,2024-10-12,26.8,10.0,8.7,False,False,,False,0.0,False,False
Mumbai,2024-10-13,24.5,12.7,5.1,False,False,,False,0.0,False,False
Mumbai,2024-10-14,22.9,9.8,5.3,False,False,,False,0.0,False,False
Mumbai,2024-10-15,24.0,11.1,23.1,False,False,,False,0.1,False,False
Mumbai,2024-10-16,26.2,10.0,6.0,False,False,,False,0.1,False,False
Mumbai,2024-10-17,25.7,12.0,0.0,False,False,,False,0.0,False,False
Mumbai,2024-10-18,25.8,12.1,35.0,False,False,,False,0.1,False,False
Mumbai,2024-10-19,24.0,12.2,3.9,False,False,,False,0.0,False,False
Mumbai,2024-10-20,26.2,10.3,0.0,False,False,,False,0.1,False,False
Mumbai,2024-10-21,24.6,12.6,0.5,False,False,,False,0.1,False,False
Mumbai,2024-10-22,24.3,13.1,3.6,False,False,,False,0.0,False,False
Mumbai,2024-10-23,25.1,10.8,0.0,False,False,,False,0.0,False,False
Mumbai,2024-10-24,25.2,13.0,0.0,False,False,,False,0.0,False,False
Mumbai,2024-10-25,25.0,12.4,12.7,False,False,,False,0.2,False,False
Mumbai,2024-10-26,25.5,11.3,0.1,False,False,,False,0.0,False,False
Mumbai,2024-10-27,27.3,10.7,7.7,False,False,,False,0.1,False,False
Mumbai,2024-10-28,24.6,11.9,0.0,False,False,,False,0.1,False,False
Mumbai,2024-10-29,24.9,11.1,7.1,False,False,Diwali week,False,0.1,False,False
Mumbai,2024-10-30,24.3,11.7,0.1,False,False,Diwali week,False,0.2,False,False
Mumbai,2024-10-31,24.8,9.7,0.0,False,False,Diwali week,False,0.0,False,False
Mumbai,2024-11-01,23.8,7.3,0.0,False,False,Diwali,True,0.1,False,False
Mumbai,2024-11-02,21.2,10.4,4.7,False,False,Diwali week,False,0.2,False,False
Mumbai,2024-11-03,23.7,7.9,1.1,False,False,Diwali week,False,0.0,False,False
Mumbai,2024-11-04,24.0,6.1,0.0,False,False,,False,0.1,False,False
Mumbai,2024-11-05,22.0,10.3,0.9,False,False,,False,0.2,False,False
Mumbai,2024-11-06,22.3,10.2,0.0,False,False,,False,0.1,False,False
Mumbai,2024-11-07,20.7,9.8,0.0,False,False,,False,0.1,False,False
Mumbai,2024-11-08,18.6,10.7,0.9,False,False,,False,0.2,False,False
Mumbai,2024-11-09,23.6,8.8,0.0,False,False,,False,0.0,False,False
Mumbai,2024-11-10,24.7,11.4,0.0,False,False,,False,0.0,False,False
Mumbai,2024-11-11,20.3,10.5,0.0,False,False,,False,0.0,False,False
Mumbai,2024-11-12,22.6,9.6,0.0,False,False,,False,0.0,False,False
Mumbai,2024-11-13,22.8,9.9,7.3,False,False,,False,0.0,False,False
Mumbai,2024-11-14,22.1,9.4,0.3,False,False,,False,0.1,False,False
Mumbai,2024-11-15,21.0,10.9,0.0,False,False,,False,0.0,False,False
Mumbai,2024-11-16,20.1,10.6,0.0,False,False,,False,0.0,False,False
Mumbai,2024-11-17,21.3,8.6,3.8,False,False,,False,0.0,False,False
Mumbai,2024-11-18,18.6,8.3,0.0,False,False,,False,0.1,False,False
Mumbai,2024-11-19,21.2,8.9,0.0,False,False,,False,0.2,False,False
Mumbai,2024-11-20,23.7,9.2,0.0,False,False,,False,0.1,False,False
Mumbai,2024-11-21,21.4,11.2,0.0,False,False,,False,0.1,False,False
Mumbai,2024-11-22,23.4,8.9,0.7,False,False,,False,0.2,False,False
Mumbai,2024-11-23,22.0,8.2,0.0,False,False,,False,0.2,False,False
Mumbai,2024-11-24,21.0,9.5,0.0,False,False,,False,0.0,False,False
Mumbai,2024-11-25,24.8,9.5,1.5,False,False,,False,0.0,False,False
Mumbai,2024-11-26,21.6,9.1,0.0,False,False,,False,0.0,False,False
Mumbai,2024-11-27,21.7,9.9,0.0,False,False,,False,0.1,False,False
Mumbai,2024-11-28,20.0,10.9,0.0,False,False,,False,0.2,False,False
Mumbai,2024-11-29,22.3,8.7,0.7,False,False,,False,0.1,False,False
Mumbai,2024-11-30,22.4,9.1,3.2,False,False,,False,0.3,False,False
Mumbai,2024-12-01,22.4,9.3,0.0,False,False,,False,0.1,False,False
Mumbai,2024-12-02,23.4,8.3,0.1,False,False,,False,0.0,False,False
Mumbai,2024-12-03,21.1,11.6,3.4,False,False,,False,0.1,False,False
Mumbai,2024-12-04,22.8,8.8,0.7,False,False,,False,0.0,False,False
Mumbai,2024-12-05,21.6,10.0,0.0,False,False,,False,0.1,False,False
Mumbai,2024-12-06,19.5,9.0,0.7,False,False,,False,0.1,False,False
Mumbai,2024-12-07,19.6,8.6,0.2,False,False,,False,0.0,False,False
Mumbai,2024-12-08,21.1,8.5,1.9,False,False,,False,0.1,False,False
Mumbai,2024-12-09,16.7,7.5,2.8,False,False,,False,0.0,False,False
Mumbai,2024-12-10,19.0,8.5,0.0,False,False,,False,0.0,False,False
Mumbai,2024-12-11,18.9,6.8,0.0,False,False,,False,0.0,False,False
Mumbai,2024-12-12,19.3,8.2,2.2,False,False,,False,0.0,False,False
Mumbai,2024-12-13,20.8,9.4,0.7,False,False,,False,0.0,False,False
Mumbai,2024-12-14,20.0,6.6,0.0,False,False,,False,0.0,False,False
Mumbai,2024-12-15,21.5,8.7,2.2,False,False,,False,0.0,False,False
Mumbai,2024-12-16,19.3,8.3,2.7,False,False,,False,0.1,False,False
Mumbai,2024-12-17,20.7,8.6,0.0,False,False,,False,0.0,False,False
Mumbai,2024-12-18,17.7,6.5,2.5,False,False,,False,0.1,False,False
Mumbai,2024-12-19,18.3,7.3,5.4,False,False,,False,0.0,False,False
Mumbai,2024-12-20,19.4,9.9,0.0,False,False,,False,0.1,False,False
Mumbai,2024-12-21,19.6,9.6,0.6,False,False,,False,0.1,False,False
Mumbai,2024-12-22,24.9,6.8,0.0,False,False,,False,0.0,False,False
Mumbai,2024-12-23,20.0,9.3,0.0,False,False,,False,0.2,False,False
Mumbai,2024-12-24,19.1,6.9,0.0,False,False,,False,0.0,False,False
Mumbai,2024-12-25,22.5,10.4,0.0,False,False,,False,0.4,False,False
Mumbai,2024-12-26,20.2,10.0,0.0,False,False,,False,0.1,False,False
Mumbai,2024-12-27,22.1,8.5,1.6,False,False,,False,0.1,False,False
Mumbai,2024-12-28,20.3,8.1,0.0,False,False,,False,0.0,False,False
Mumbai,2024-12-29,20.5,6.2,2.8,False,False,,False,0.0,False,False
Mumbai,2024-12-30,21.6,10.3,1.3,False,False,,False,0.2,False,False
Mumbai,2024-12-31,22.7,8.4,0.0,False,False,,False,0.0,False,False
Mumbai,2025-01-01,20.8,6.5,1.1,False,False,,False,0.0,False,False
Mumbai,2025-01-02,20.7,7.7,0.0,False,False,,False,0.0,False,False
Mumbai,2025-01-03,22.0,7.9,0.0,False,False,,False,0.0,False,False
Mumbai,2025-01-04,18.3,10.6,0.0,False,False,,False,0.1,False,False
Mumbai,2025-01-05,22.3,8.7,0.0,False,False,,False,0.0,False,False
Mumbai,2025-01-06,20.1,7.5,0.0,False,False,,False,0.1,False,False
Mumbai,2025-01-07,20.0,6.1,0.0,False,False,,False,0.0,False,False
Mumbai,2025-01-08,22.3,9.0,0.0,False,False,,False,0.1,False,False
Mumbai,2025-01-09,22.3,8.9,0.1,False,False,,False,0.0,False,False
Mumbai,2025-01-10,22.3,11.7,0.5,False,False,,False,0.1,False,False
Mumbai,2025-01-11,22.2,8.6,0.0,False,False,,False,0.2,False,False
Mumbai,2025-01-12,22.1,8.3,0.0,False,False,,False,0.1,False,False
Mumbai,2025-01-13,24.1,7.9,0.0,False,False,,False,0.1,False,False
Mumbai,2025-01-14,20.3,8.6,0.0,False,False,,False,0.1,False,False
Mumbai,2025-01-15,20.1,8.6,0.0,False,False,,False,0.0,False,False
Mumbai,2025-01-16,19.5,10.0,0.1,False,False,,False,0.1,False,False
Mumbai,2025-01-17,20.8,7.3,2.2,False,False,,False,0.2,False,False
Mumbai,2025-01-18,19.1,9.5,0.4,False,False,,False,0.0,False,False
Mumbai,2025-01-19,21.6,7.4,0.9,False,False,,False,0.0,False,False
Mumbai,2025-01-20,21.3,6.3,0.0,False,False,,False,0.1,False,False
Mumbai,2025-01-21,20.3,12.3,3.3,False,False,,False,0.0,False,False
Mumbai,2025-01-22,19.3,7.5,0.0,False,False,,False,0.0,False,False
Mumbai,2025-01-23,21.2,8.4,0.0,False,False,,False,0.2,False,False
Mumbai,2025-01-24,18.1,7.7,1.2,False,False,,False,0.0,False,False
Mumbai,2025-01-25,22.5,9.0,0.0,False,False,,False,0.3,False,False
Mumbai,2025-01-26,19.4,9.0,0.0,False,False,,False,0.0,False,False
Mumbai,2025-01-27,19.6,8.3,0.0,False,False,,False,0.0,False,False
Mumbai,2025-01-28,23.3,6.3,0.0,False,False,,False,0.1,False,False
Mumbai,2025-01-29,19.5,6.4,0.0,False,False,,False,0.0,False,False
Mumbai,2025-01-30,19.0,11.3,1.9,False,False,,False,0.0,False,False
Mumbai,2025-01-31,19.4,10.0,0.0,False,False,,False,0.2,False,False
Mumbai,2025-02-01,21.3,9.2,0.0,False,False,,False,0.0,False,False
Mumbai,2025-02-02,23.9,8.3,0.0,False,False,,False,0.1,False,False
Mumbai,2025-02-03,24.2,8.4,0.0,False,False,,False,0.1,False,False
Mumbai,2025-02-04,21.8,8.2,0.0,False,False,,False,0.0,False,False
Mumbai,2025-02-05,20.9,9.5,0.0,False,False,,False,0.0,False,False
Mumbai,2025-02-06,22.1,10.2,0.7,False,False,,False,0.0,False,False
Mumbai,2025-02-07,23.0,10.8,0.0,False,False,,False,0.1,False,False
Mumbai,2025-02-08,20.8,10.4,0.0,False,False,,False,0.0,False,False
Mumbai,2025-02-09,23.2,10.1,0.0,False,False,,False,0.2,False,False
Mumbai,2025-02-10,23.8,7.7,1.1,False,False,,False,0.1,False,False
Mumbai,2025-02-11,20.4,11.1,4.9,False,False,,False,0.1,False,False
Mumbai,2025-02-12,20.5,10.5,0.0,False,False,,False,0.1,False,False
Mumbai,2025-02-13,22.0,10.1,0.0,False,False,,False,0.4,False,False
Mumbai,2025-02-14,18.4,9.1,0.0,False,False,,False,0.2,False,False
Mumbai,2025-02-15,19.5,8.3,1.0,False,False,,False,0.0,False,False
Mumbai,2025-02-16,23.0,10.3,1.1,False,False,,False,0.0,False,False
Mumbai,2025-02-17,22.1,10.8,1.2,False,False,,False,0.0,False,False
Mumbai,2025-02-18,21.7,8.8,0.0,False,False,,False,0.0,False,False
Mumbai,2025-02-19,22.0,10.6,3.5,False,False,,False,0.1,False,False
Mumbai,2025-02-20,21.8,8.3,0.0,False,False,,False,0.1,False,False
Mumbai,2025-02-21,23.4,9.9,3.7,False,False,,False,0.0,False,False
Mumbai,2025-02-22,23.1,10.4,2.1,False,False,,False,0.0,False,False
Mumbai,2025-02-23,24.1,9.0,0.8,False,False,,False,0.0,False,False
Mumbai,2025-02-24,23.2,8.6,0.0,False,False,,False,0.2,False,False
Mumbai,2025-02-25,21.0,9.9,5.1,False,False,,False,0.0,False,False
Mumbai,2025-02-26,20.5,9.9,1.0,False,False,,False,0.1,False,False
Mumbai,2025-02-27,21.6,7.6,0.0,False,False,,False,0.0,False,False
Mumbai,2025-02-28,22.1,9.5,1.0,False,False,,False,0.3,False,False
Mumbai,2025-03-01,26.2,12.3,0.5,False,False,,False,0.0,False,False
Mumbai,2025-03-02,24.8,11.1,0.0,False,False,,False,0.0,False,False
Mumbai,2025-03-03,23.0,10.8,0.8,False,False,,False,0.1,False,False
Mumbai,2025-03-04,27.4,11.0,0.0,False,False,,False,0.0,False,False
Mumbai,2025-03-05,24.8,14.1,0.0,False,False,,False,0.2,False,False
Mumbai,2025-03-06,22.7,13.5,3.5,False,False,,False,0.1,False,False
Mumbai,2025-03-07,26.9,12.3,0.4,False,False,,False,0.0,False,False
Mumbai,2025-03-08,27.5,12.1,0.0,False,False,,False,0.3,False,False
Mumbai,2025-03-09,25.7,14.3,0.0,False,False,,False,0.2,False,False
Mumbai,2025-03-10,26.7,12.6,0.4,False,False,,False,0.0,False,False
Mumbai,2025-03-11,24.2,14.2,1.2,False,False,,False,0.0,False,False
Mumbai,2025-03-12,24.1,11.4,0.0,False,False,,False,0.1,False,False
Mumbai,2025-03-13,26.5,11.5,0.0,False,False,,False,0.1,False,False
Mumbai,2025-03-14,27.0,13.1,0.0,False,False,Holi,True,0.2,False,False
Mumbai,2025-03-15,27.4,11.1,9.1,False,False,,False,0.0,False,False
Mumbai,2025-03-16,25.2,11.9,0.0,False,False,,False,0.0,False,False
Mumbai,2025-03-17,28.1,11.6,1.1,False,False,,False,0.1,False,False
Mumbai,2025-03-18,22.8,9.7,0.1,False,False,,False,0.1,False,False
Mumbai,2025-03-19,27.2,11.7,4.6,False,False,,False,0.1,False,False
Mumbai,2025-03-20,25.2,12.4,0.0,False,False,,False,0.0,False,False
Mumbai,2025-03-21,25.4,11.0,3.1,False,False,,False,0.0,False,False
Mumbai,2025-03-22,24.5,12.8,1.0,False,False,,False,0.1,False,False
Mumbai,2025-03-23,22.2,14.5,1.3,False,False,,False,0.0,False,False
Mumbai,2025-03-24,25.4,12.1,2.4,False,False,,False,0.0,False,False
Mumbai,2025-03-25,25.1,10.6,0.0,False,False,,False,0.2,False,False
Mumbai,2025-03-26,24.2,13.6,1.5,False,False,,False,0.0,False,False
Mumbai,2025-03-27,26.0,11.7,2.4,False,False,,False,0.1,False,False
Mumbai,2025-03-28,26.8,12.2,0.0,False,False,,False,0.1,False,False
Mumbai,2025-03-29,24.0,12.4,0.0,False,False,,False,0.0,False,False
Mumbai,2025-03-30,26.5,12.3,0.5,False,False,,False,0.0,False,False
Mumbai,2025-03-31,24.3,11.4,0.0,False,False,,False,0.2,False,False
Mumbai,2025-04-01,28.4,14.0,0.0,False,False,,False,0.1,False,False
Mumbai,2025-04-02,28.9,14.0,0.0,False,False,,False,0.0,False,False
Mumbai,2025-04-03,29.2,15.8,0.0,False,False,,False,0.0,False,False
Mumbai,2025-04-04,32.5,15.4,0.0,False,False,,False,0.1,False,False
Mumbai,2025-04-05,30.6,15.9,0.7,False,False,,False,0.1,False,False
Mumbai,2025-04-06,29.6,14.6,0.0,False,False,,False,0.4,False,False
Mumbai,2025-04-07,30.9,15.7,0.0,False,False,,False,0.0,False,False
Mumbai,2025-04-08,29.4,13.5,0.0,False,False,,False,0.0,False,False
Mumbai,2025-04-09,27.7,15.4,0.0,False,False,,False,0.0,False,False
Mumbai,2025-04-10,30.7,15.4,0.9,False,False,,False,0.1,False,False
Mumbai,2025-04-11,30.6,14.8,0.2,False,False,,False,0.0,False,False
Mumbai,2025-04-12,31.0,13.8,0.0,False,False,,False,0.2,False,False
Mumbai,2025-04-13,28.2,14.7,5.7,False,False,,False,0.0,False,False
Mumbai,2025-04-14,26.3,15.9,2.3,False,False,,False,0.0,False,False
Mumbai,2025-04-15,30.4,15.4,0.0,False,False,,False,0.1,False,False
Mumbai,2025-04-16,30.7,13.8,0.1,False,False,,False,0.1,False,False
Mumbai,2025-04-17,29.7,14.5,3.1,False,False,,False,0.1,False,False
Mumbai,2025-04-18,29.5,17.6,2.6,False,False,,False,0.1,False,False
Mumbai,2025-04-19,29.4,15.5,0.0,False,False,,False,0.1,False,False
Mumbai,2025-04-20,28.1,14.8,0.0,False,False,,False,0.3,False,False
Mumbai,2025-04-21,30.2,16.3,0.8,False,False,,False,0.0,False,False
Mumbai,2025-04-22,29.0,15.7,0.0,False,False,,False,0.1,False,False
Mumbai,2025-04-23,31.4,17.5,0.0,False,False,,False,0.1,False,False
Mumbai,2025-04-24,24.1,15.6,0.0,False,False,,False,0.0,False,False
Mumbai,2025-04-25,30.1,11.8,0.0,False,False,,False,0.0,False,False
Mumbai,2025-04-26,29.7,16.1,0.0,False,False,,False,0.1,False,False
Mumbai,2025-04-27,25.6,13.8,4.0,False,False,,False,0.3,False,False
Mumbai,2025-04-28,29.3,18.0,0.9,False,False,,False,0.0,False,False
Mumbai,2025-04-29,30.1,15.9,0.0,False,False,,False,0.0,False,False
Mumbai,2025-04-30,30.2,14.4,0.0,False,False,,False,0.0,False,False
Mumbai,2025-05-01,31.5,18.8,0.0,False,False,,False,0.1,False,False
Mumbai,2025-05-02,33.9,18.4,0.0,False,False,,False,0.0,False,False
Mumbai,2025-05-03,32.2,18.7,0.0,False,False,,False,0.1,False,False
Mumbai,2025-05-04,35.5,17.9,0.0,False,False,,False,0.0,False,False
Mumbai,2025-05-05,32.5,18.8,0.2,False,False,,False,0.0,False,False
Mumbai,2025-05-06,29.5,18.5,0.0,False,False,,False,0.2,False,False
Mumbai,2025-05-07,31.1,18.8,0.0,False,False,,False,0.0,False,False
Mumbai,2025-05-08,33.8,19.5,0.0,False,False,,False,0.1,False,False
Mumbai,2025-05-09,31.8,19.0,1.0,False,False,,False,0.0,False,False
Mumbai,2025-05-10,33.6,17.1,4.7,False,False,,False,0.0,False,False
Mumbai,2025-05-11,30.2,20.1,0.0,False,False,,False,0.0,False,False
Mumbai,2025-05-12,34.2,16.9,1.0,False,False,,False,0.0,False,False
Mumbai,2025-05-13,33.3,17.8,0.0,False,False,,False,0.0,False,False
Mumbai,2025-05-14,34.7,15.8,0.1,False,False,,False,0.1,False,False
Mumbai,2025-05-15,32.4,18.2,1.2,False,False,,False,0.0,False,False
Mumbai,2025-05-16,34.6,18.4,0.1,False,False,,False,0.1,False,False
Mumbai,2025-05-17,35.3,17.0,1.3,False,False,,False,0.1,False,False
Mumbai,2025-05-18,34.9,18.2,0.0,False,False,,False,0.1,False,False
Mumbai,2025-05-19,34.8,15.1,0.0,False,False,,False,0.0,False,False
Mumbai,2025-05-20,35.5,20.3,1.1,False,False,,False,0.5,False,False
Mumbai,2025-05-21,32.9,17.2,1.9,False,False,,False,0.0,False,False
Mumbai,2025-05-22,33.6,17.5,0.0,False,False,,False,0.0,False,False
Mumbai,2025-05-23,34.7,17.6,0.0,False,False,,False,0.0,False,False
Mumbai,2025-05-24,29.9,18.2,0.0,False,False,,False,0.1,False,False
Mumbai,2025-05-25,32.2,18.8,0.0,False,False,,False,0.0,False,False
Mumbai,2025-05-26,32.1,18.5,0.0,False,False,,False,0.2,False,False
Mumbai,2025-05-27,32.1,18.5,2.4,False,False,,False,0.1,False,False
Mumbai,2025-05-28,35.4,17.4,0.0,False,False,,False,0.2,False,False
Mumbai,2025-05-29,34.8,17.1,0.0,False,False,,False,0.0,False,False
Mumbai,2025-05-30,30.4,16.5,1.1,False,False,,False,0.1,False,False
Mumbai,2025-05-31,32.0,17.4,0.0,False,False,,False,0.0,False,False
Mumbai,2025-06-01,30.6,15.2,23.6,False,False,,False,0.1,False,False
Mumbai,2025-06-02,32.9,14.3,26.4,False,False,,False,0.2,False,False
Mumbai,2025-06-03,29.6,17.7,22.7,False,False,,False,0.1,False,False
Mumbai,2025-06-04,31.5,16.7,26.8,False,False,,False,0.1,False,False
Mumbai,2025-06-05,33.4,17.9,13.9,False,False,,False,0.1,False,False
Mumbai,2025-06-06,32.0,16.1,27.4,False,False,,False,0.1,False,False
Mumbai,2025-06-07,30.5,15.8,55.2,False,False,,False,0.0,False,False
Mumbai,2025-06-08,33.7,17.4,13.9,False,False,,False,0.3,False,False
Mumbai,2025-06-09,32.1,16.8,4.7,False,False,,False,0.0,False,False
Mumbai,2025-06-10,31.7,15.4,27.9,False,False,,False,0.2,False,False
Mumbai,2025-06-11,30.6,16.2,41.4,False,False,,False,0.2,False,False
Mumbai,2025-06-12,30.1,18.0,35.1,False,False,,False,0.1,False,False
Mumbai,2025-06-13,33.4,16.2,1.7,False,False,,False,0.0,False,False
Mumbai,2025-06-14,31.7,15.2,0.4,False,False,,False,0.0,False,False
Mumbai,2025-06-15,28.8,16.5,1.7,False,False,,False,0.0,False,False
Mumbai,2025-06-16,30.5,16.4,107.9,False,True,,False,0.6,False,False
Mumbai,2025-06-17,32.2,15.3,87.7,False,True,,False,0.0,False,False
Mumbai,2025-06-18,31.9,17.1,18.1,False,False,,False,0.0,False,False
Mumbai,2025-06-19,29.3,17.9,20.8,False,False,,False,0.1,False,False
Mumbai,2025-06-20,29.5,17.0,14.1,False,False,,False,0.0,False,False
Mumbai,2025-06-21,30.6,18.5,10.1,False,False,,False,0.1,False,False
Mumbai,2025-06-22,32.8,15.0,0.0,False,False,,False,0.0,False,False
Mumbai,2025-06-23,29.8,15.9,17.6,False,False,,False,0.0,False,False
Mumbai,2025-06-24,28.1,16.6,0.2,False,False,,False,0.0,False,False
Mumbai,2025-06-25,33.0,17.4,61.4,False,False,,False,0.0,False,False
Mumbai,2025-06-26,32.3,17.6,44.2,False,False,,False,0.0,False,False
Mumbai,2025-06-27,32.2,17.6,17.6,False,False,,False,0.2,False,False
Mumbai,2025-06-28,33.6,18.2,29.3,False,False,,False,0.0,False,False
Mumbai,2025-06-29,32.7,14.4,57.9,False,False,,False,0.0,False,False
Mumbai,2025-06-30,30.1,16.5,3.9,False,False,,False,0.1,False,False
Jaipur,2024-01-01,12.6,4.9,0.0,False,False,,False,0.1,False,False
Jaipur,2024-01-02,12.7,5.3,2.1,False,False,,False,0.1,False,False
Jaipur,2024-01-03,11.6,4.6,2.7,False,False,,False,0.0,False,False
Jaipur,2024-01-04,12.7,5.3,0.0,False,False,,False,0.0,False,False
Jaipur,2024-01-05,11.7,3.0,0.2,False,False,,False,0.1,False,False
Jaipur,2024-01-06,8.8,4.8,0.0,False,False,,False,0.2,False,False
Jaipur,2024-01-07,12.3,6.0,0.0,False,False,,False,0.0,False,False
Jaipur,2024-01-08,10.0,3.9,0.0,False,False,,False,0.0,False,False
Jaipur,2024-01-09,11.4,2.9,0.0,False,False,,False,0.0,False,False
Jaipur,2024-01-10,11.5,1.3,0.0,False,False,,False,0.0,False,False
Jaipur,2024-01-11,10.9,3.8,0.0,False,False,,False,0.0,False,False
Jaipur,2024-01-12,12.1,4.3,0.0,False,False,,False,0.1,False,False
Jaipur,2024-01-13,12.6,5.0,2.8,False,False,,False,0.2,False,False
Jaipur,2024-01-14,10.1,3.6,2.8,False,False,,False,0.0,False,False
Jaipur,2024-01-15,10.3,6.3,3.6,False,False,,False,0.1,False,False
Jaipur,2024-01-16,10.8,4.4,0.0,False,False,,False,0.1,False,False
Jaipur,2024-01-17,11.7,6.6,0.0,False,False,,False,0.1,False,False
Jaipur,2024-01-18,9.9,5.9,0.0,False,False,,False,0.0,False,False
Jaipur,2024-01-19,11.6,4.2,0.0,False,False,,False,0.0,False,False
Jaipur,2024-01-20,9.9,4.3,0.0,False,False,,False,0.3,False,False
Jaipur,2024-01-21,9.4,1.8,0.0,False,False,,False,0.0,False,False
Jaipur,2024-01-22,12.5,4.0,0.7,False,False,,False,0.0,False,False
Jaipur,2024-01-23,13.3,4.9,0.0,False,False,,False,0.2,False,False
Jaipur,2024-01-24,15.4,5.7,2.3,False,False,,False,0.1,False,False
Jaipur,2024-01-25,10.5,4.8,0.0,False,False,,False,0.1,False,False
Jaipur,2024-01-26,11.6,5.2,0.0,False,False,,False,0.1,False,False
Jaipur,2024-01-27,12.0,5.7,0.0,False,False,,False,0.2,False,False
Jaipur,2024-01-28,13.2,1.2,0.0,False,False,,False,0.0,False,False
Jaipur,2024-01-29,10.4,3.5,2.1,False,False,,False,0.0,False,False
Jaipur,2024-01-30,11.1,4.7,0.5,False,False,,False,0.3,False,False
Jaipur,2024-01-31,8.3,3.5,0.0,False,False,,False,0.0,False,False
Jaipur,2024-02-01,15.5,4.0,1.8,False,False,,False,0.1,False,False
Jaipur,2024-02-02,15.1,5.5,0.0,False,False,,False,0.1,False,False
Jaipur,2024-02-03,14.5,5.1,0.4,False,False,,False,0.0,False,False
Jaipur,2024-02-04,12.1,6.8,0.2,False,False,,False,0.3,False,False
Jaipur,2024-02-05,12.5,6.7,0.0,False,False,,False,0.1,False,False
Jaipur,2024-02-06,15.5,6.1,0.0,False,False,,False,0.2,False,False
Jaipur,2024-02-07,12.7,6.4,0.6,False,False,,False,0.1,False,False
Jaipur,2024-02-08,14.3,4.7,2.2,False,False,,False,0.0,False,False
Jaipur,2024-02-09,15.8,6.9,1.7,False,False,,False,0.2,False,False
Jaipur,2024-02-10,16.5,4.5,0.0,False,False,,False,0.1,False,False
Jaipur,2024-02-11,14.3,6.2,0.0,False,False,,False,0.1,False,False
Jaipur,2024-02-12,13.8,5.4,3.7,False,False,,False,0.0,False,False
Jaipur,2024-02-13,12.7,5.1,0.0,False,False,,False,0.2,False,False
Jaipur,2024-02-14,16.9,6.2,3.5,False,False,,False,0.1,False,False
Jaipur,2024-02-15,14.6,4.4,0.0,False,False,,False,0.0,False,False
Jaipur,2024-02-16,15.8,6.4,0.2,False,False,,False,0.1,False,False
Jaipur,2024-02-17,12.7,4.8,0.0,False,False,,False,0.1,False,False
Jaipur,2024-02-18,13.5,6.2,7.3,False,False,,False,0.3,False,False
Jaipur,2024-02-19,15.3,7.8,0.0,False,False,,False,0.1,False,False
Jaipur,2024-02-20,14.4,5.9,0.0,False,False,,False,0.0,False,False
Jaipur,2024-02-21,14.8,6.1,0.3,False,False,,False,0.0,False,False
Jaipur,2024-02-22,15.2,4.8,2.6,False,False,,False,0.0,False,False
Jaipur,2024-02-23,16.4,5.8,3.8,False,False,,False,0.0,False,False
Jaipur,2024-02-24,13.4,7.3,0.8,False,False,,False,0.0,False,False
Jaipur,2024-02-25,14.1,5.4,0.9,False,False,,False,0.0,False,False
Jaipur,2024-02-26,17.0,8.0,1.4,False,False,,False,0.1,False,False
Jaipur,2024-02-27,14.2,7.0,0.5,False,False,,False,0.0,False,False
Jaipur,2024-02-28,14.3,4.9,3.2,False,False,,False,0.1,False,False
Jaipur,2024-02-29,13.1,7.1,2.1,False,False,,False,0.1,False,False
Jaipur,2024-03-01,21.9,8.0,1.3,False,False,,False,0.1,False,False
Jaipur,2024-03-02,25.2,10.0,1.2,False,False,,False,0.2,False,False
Jaipur,2024-03-03,23.1,9.7,0.7,False,False,,False,0.1,False,False
Jaipur,2024-03-04,23.8,8.2,0.0,False,False,,False,0.1,False,False
Jaipur,2024-03-05,20.5,10.4,0.0,False,False,,False,0.1,False,False
Jaipur,2024-03-06,23.6,10.7,0.0,False,False,,False,0.0,False,False
Jaipur,2024-03-07,23.4,8.5,0.1,False,False,,False,0.0,False,False
Jaipur,2024-03-08,24.8,9.1,2.6,False,False,,False,0.0,False,False
Jaipur,2024-03-09,29.9,9.4,0.9,False,False,,False,0.0,False,False
Jaipur,2024-03-10,24.0,11.6,0.0,False,False,,False,0.0,False,False
Jaipur,2024-03-11,21.8,9.3,0.0,False,False,,False,0.1,False,False
Jaipur,2024-03-12,21.8,8.1,0.0,False,False,,False,0.0,False,False
Jaipur,2024-03-13,24.4,8.9,0.0,False,False,,False,0.0,False,False
Jaipur,2024-03-14,23.1,11.1,0.0,False,False,,False,0.1,False,False
Jaipur,2024-03-15,22.6,8.4,1.2,False,False,,False,0.0,False,False
Jaipur,2024-03-16,22.3,7.6,0.0,False,False,,False,0.0,False,False
Jaipur,2024-03-17,21.5,9.5,0.2,False,False,,False,0.0,False,False
Jaipur,2024-03-18,23.5,9.6,0.0,False,False,,False,0.3,False,False
Jaipur,2024-03-19,23.1,7.7,0.8,False,False,,False,0.1,False,False
Jaipur,2024-03-20,25.0,9.9,1.9,False,False,,False,0.1,False,False
Jaipur,2024-03-21,22.0,11.7,0.0,False,False,,False,0.1,False,False
Jaipur,2024-03-22,23.6,9.2,0.0,False,False,,False,0.0,False,False
Jaipur,2024-03-23,23.6,9.6,0.0,False,False,,False,0.0,False,False
Jaipur,2024-03-24,24.7,11.5,1.1,False,False,,False,0.0,False,False
Jaipur,2024-03-25,22.7,9.8,0.0,False,False,Holi,True,0.0,False,False
Jaipur,2024-03-26,24.6,9.4,0.0,False,False,,False,0.0,False,False
Jaipur,2024-03-27,23.6,8.0,0.0,False,False,,False,0.2,False,False
Jaipur,2024-03-28,22.2,9.1,0.2,False,False,,False,0.0,False,False
Jaipur,2024-03-29,24.0,9.0,0.0,False,False,,False,0.1,False,False
Jaipur,2024-03-30,26.2,8.0,0.5,False,False,,False,0.4,False,False
Jaipur,2024-03-31,23.0,10.0,0.0,False,False,,False,0.1,False,False
Jaipur,2024-04-01,37.2,15.0,0.0,False,False,,False,0.0,False,False
Jaipur,2024-04-02,37.1,13.3,0.0,False,False,,False,0.1,False,False
Jaipur,2024-04-03,33.3,15.9,1.0,False,False,,False,0.0,False,False
Jaipur,2024-04-04,37.8,14.6,0.0,False,False,,False,0.1,False,False
Jaipur,2024-04-05,33.0,15.1,0.0,False,False,,False,0.1,False,False
Jaipur,2024-04-06,38.6,12.6,1.3,False,False,,False,0.1,False,False
Jaipur,2024-04-07,38.1,14.2,0.4,False,False,,False,0.0,False,False
Jaipur,2024-04-08,39.9,14.7,0.0,False,False,,False,0.0,False,False
Jaipur,2024-04-09,36.1,17.3,0.0,False,False,,False,0.2,False,False
Jaipur,2024-04-10,38.6,15.4,3.8,False,False,,False,0.1,False,False
Jaipur,2024-04-11,34.5,13.1,0.0,False,False,,False,0.1,False,False
Jaipur,2024-04-12,34.8,14.9,0.0,False,False,,False,0.0,False,False
Jaipur,2024-04-13,35.3,14.2,1.3,False,False,,False,0.0,False,False
Jaipur,2024-04-14,35.7,13.0,0.0,False,False,,False,0.2,False,False
Jaipur,2024-04-15,40.6,14.6,2.2,False,False,,False,0.1,False,False
Jaipur,2024-04-16,35.3,12.6,4.7,False,False,,False,0.0,False,False
Jaipur,2024-04-17,36.2,11.7,0.1,False,False,,False,0.1,False,False
Jaipur,2024-04-18,37.8,14.9,0.0,False,False,,False,0.2,False,False
Jaipur,2024-04-19,36.2,14.2,0.0,False,False,,False,0.0,False,False
Jaipur,2024-04-20,36.8,12.6,0.7,False,False,,False,0.0,False,False
Jaipur,2024-04-21,38.6,15.4,0.0,False,False,,False,0.0,False,False
Jaipur,2024-04-22,35.0,15.1,0.0,False,False,,False,0.0,False,False
Jaipur,2024-04-23,38.1,13.7,0.9,False,False,,False,0.0,False,False
Jaipur,2024-04-24,35.6,16.1,1.5,False,False,,False,0.0,False,False
Jaipur,2024-04-25,37.5,14.5,0.0,False,False,,False,0.0,False,False
Jaipur,2024-04-26,37.1,15.4,0.2,False,False,,False,0.0,False,False
Jaipur,2024-04-27,38.3,10.7,0.0,False,False,,False,0.1,False,False
Jaipur,2024-04-28,37.7,13.4,0.0,False,False,,False,0.2,False,False
Jaipur,2024-04-29,38.0,12.9,0.6,False,False,,False,0.1,False,False
Jaipur,2024-04-30,37.3,13.5,1.8,False,False,,False,0.0,False,False
Jaipur,2024-05-01,43.4,17.0,1.0,True,False,,False,0.1,False,False
Jaipur,2024-05-02,47.5,15.7,0.5,True,False,,False,0.0,False,False
Jaipur,2024-05-03,44.7,16.6,0.0,True,False,,False,0.0,False,False
Jaipur,2024-05-04,46.4,20.1,0.0,True,False,,False,0.0,False,False
Jaipur,2024-05-05,46.4,15.2,1.5,True,False,,False,0.2,False,False
Jaipur,2024-05-06,46.3,15.3,2.4,True,False,,False,0.0,False,False
Jaipur,2024-05-07,48.6,19.2,0.0,True,False,,False,0.3,False,False
Jaipur,2024-05-08,47.2,20.3,0.0,True,False,,False,0.1,False,False
Jaipur,2024-05-09,45.4,17.0,0.2,True,False,,False,0.0,False,False
Jaipur,2024-05-10,46.9,20.8,0.0,True,False,,False,0.4,False,False
Jaipur,2024-05-11,47.1,18.6,0.0,True,False,,False,1.2,False,False
Jaipur,2024-05-12,44.9,19.0,0.0,True,False,,False,0.2,False,False
Jaipur,2024-05-13,45.0,17.1,0.0,True,False,,False,0.2,False,False
Jaipur,2024-05-14,45.1,18.0,0.1,True,False,,False,1.1,False,False
Jaipur,2024-05-15,45.6,18.0,0.0,True,False,,False,0.2,False,False
Jaipur,2024-05-16,45.9,19.6,0.0,True,False,,False,0.0,False,False
Jaipur,2024-05-17,45.8,19.0,1.8,True,False,,False,0.0,False,False
Jaipur,2024-05-18,43.5,20.5,0.0,True,False,,False,0.8,False,False
Jaipur,2024-05-19,47.0,17.7,0.0,True,False,,False,0.3,False,False
Jaipur,2024-05-20,45.5,17.6,0.0,True,False,,False,0.2,False,False
Jaipur,2024-05-21,46.2,15.3,0.9,True,False,,False,0.3,False,False
Jaipur,2024-05-22,48.9,19.6,0.0,True,False,,False,0.1,False,False
Jaipur,2024-05-23,44.2,19.6,0.0,True,False,,False,0.2,False,False
Jaipur,2024-05-24,45.1,18.9,0.3,True,False,,False,0.4,False,False
Jaipur,2024-05-25,46.9,17.3,0.0,True,False,,False,0.3,False,False
Jaipur,2024-05-26,46.0,18.6,0.4,True,False,,False,0.3,False,False
Jaipur,2024-05-27,42.9,19.7,0.5,True,False,,False,0.0,False,False
Jaipur,2024-05-28,46.1,19.7,0.6,True,False,,False,0.3,False,False
Jaipur,2024-05-29,48.5,16.5,1.8,True,False,,False,0.1,False,False
Jaipur,2024-05-30,48.9,19.4,0.0,True,False,,False,0.4,False,False
Jaipur,2024-05-31,47.1,15.5,0.0,True,False,,False,0.2,False,False
Jaipur,2024-06-01,40.4,15.3,14.6,False,False,,False,0.2,False,False
Jaipur,2024-06-02,39.9,15.5,0.0,False,False,,False,0.5,False,False
Jaipur,2024-06-03,40.7,15.1,6.3,False,False,,False,0.3,False,False
Jaipur,2024-06-04,41.4,16.7,11.8,False,False,,False,0.5,False,False
Jaipur,2024-06-05,41.5,17.9,4.2,False,False,,False,0.0,False,False
Jaipur,2024-06-06,41.0,15.8,0.0,False,False,,False,0.4,False,False
Jaipur,2024-06-07,39.1,16.3,26.6,False,False,,False,0.1,False,False
Jaipur,2024-06-08,38.3,15.3,24.6,False,False,,False,0.1,False,False
Jaipur,2024-06-09,40.4,15.6,21.0,False,False,,False,0.1,False,False
Jaipur,2024-06-10,39.2,14.2,3.8,False,False,,False,0.2,False,False
Jaipur,2024-06-11,38.3,16.0,17.6,False,False,,False,0.2,False,False
Jaipur,2024-06-12,38.0,15.2,16.9,False,False,,False,0.7,False,False
Jaipur,2024-06-13,39.4,14.9,7.4,False,False,,False,0.2,False,False
Jaipur,2024-06-14,39.2,16.8,4.4,False,False,,False,0.2,False,False
Jaipur,2024-06-15,41.3,16.7,30.6,False,False,,False,0.3,False,False
Jaipur,2024-06-16,43.4,17.2,8.4,True,False,,False,0.2,False,False
Jaipur,2024-06-17,39.5,14.4,4.7,False,False,,False,0.5,False,False
Jaipur,2024-06-18,38.9,14.0,3.7,False,False,,False,0.1,False,False
Jaipur,2024-06-19,40.8,16.1,4.7,False,False,,False,0.1,False,False
Jaipur,2024-06-20,41.1,13.8,0.6,False,False,,False,0.1,False,False
Jaipur,2024-06-21,39.7,18.8,12.4,False,False,,False,0.2,False,False
Jaipur,2024-06-22,40.7,17.1,19.9,False,False,,False,0.1,False,False
Jaipur,2024-06-23,40.8,17.6,11.1,False,False,,False,0.0,False,False
Jaipur,2024-06-24,44.8,16.6,3.0,True,False,,False,0.2,False,False
Jaipur,2024-06-25,40.0,15.0,6.5,False,False,,False,0.0,False,False
Jaipur,2024-06-26,39.3,13.7,2.8,False,False,,False,0.0,False,False
Jaipur,2024-06-27,41.5,16.8,12.4,False,False,,False,0.2,False,False
Jaipur,2024-06-28,40.4,16.1,15.2,False,False,,False,0.1,False,False
Jaipur,2024-06-29,39.7,15.8,36.1,False,False,,False,0.0,False,False
Jaipur,2024-06-30,39.7,16.3,7.0,False,False,,False,0.1,False,False
Jaipur,2024-07-01,20.4,8.6,0.7,False,False,,False,0.1,False,False
Jaipur,2024-07-02,23.6,9.0,12.3,False,False,,False,0.1,False,False
Jaipur,2024-07-03,24.4,8.6,116.9,False,False,,False,0.1,False,False
Jaipur,2024-07-04,23.7,11.1,0.0,False,False,,False,0.1,False,False
Jaipur,2024-07-05,24.5,10.7,17.8,False,False,,False,0.1,False,False
Jaipur,2024-07-06,22.8,8.7,42.8,False,False,,False,0.0,False,False
Jaipur,2024-07-07,24.3,9.8,16.7,False,False,,False,0.0,False,False
Jaipur,2024-07-08,22.6,10.8,21.5,False,False,,False,0.1,False,False
Jaipur,2024-07-09,22.1,10.8,19.3,False,False,,False,0.0,False,False
Jaipur,2024-07-10,24.4,11.1,11.5,False,False,,False,0.0,False,False
Jaipur,2024-07-11,22.5,8.2,19.4,False,False,,False,0.1,False,False
Jaipur,2024-07-12,25.0,11.0,41.9,False,False,,False,0.1,False,False
Jaipur,2024-07-13,25.3,9.5,4.3,False,False,,False,0.1,False,False
Jaipur,2024-07-14,26.4,9.6,60.9,False,False,,False,0.0,False,False
Jaipur,2024-07-15,22.8,10.0,10.1,False,False,,False,0.0,False,False
Jaipur,2024-07-16,23.0,10.0,0.0,False,False,,False,0.0,False,False
Jaipur,2024-07-17,25.5,6.5,26.1,False,False,,False,0.1,False,False
Jaipur,2024-07-18,24.5,11.2,9.3,False,False,,False,0.0,False,False
Jaipur,2024-07-19,21.2,7.5,18.7,False,False,,False,0.0,False,False
Jaipur,2024-07-20,22.3,7.5,27.9,False,False,,False,0.0,False,False
Jaipur,2024-07-21,25.4,10.3,0.9,False,False,,False,0.1,False,False
Jaipur,2024-07-22,23.2,8.0,11.0,False,False,,False,0.1,False,False
Jaipur,2024-07-23,26.2,11.1,39.5,False,False,,False,0.1,False,False
Jaipur,2024-07-24,23.4,10.0,5.3,False,False,,False,0.4,False,False
Jaipur,2024-07-25,22.8,9.9,29.4,False,False,,False,0.0,False,False
Jaipur,2024-07-26,22.3,11.2,0.2,False,False,,False,0.1,False,False
Jaipur,2024-07-27,23.9,9.9,13.4,False,False,,False,0.0,False,False
Jaipur,2024-07-28,24.0,8.8,2.3,False,False,,False,0.0,False,False
Jaipur,2024-07-29,22.8,8.1,33.1,False,False,,False,0.2,False,False
Jaipur,2024-07-30,22.5,9.0,37.3,False,False,,False,0.0,False,False
Jaipur,2024-07-31,22.2,10.5,11.3,False,False,,False,0.0,False,False
Jaipur,2024-08-01,20.9,7.1,35.9,False,False,,False,0.1,False,False
Jaipur,2024-08-02,21.7,8.9,28.4,False,False,,False,0.0,False,False
Jaipur,2024-08-03,22.9,7.0,2.9,False,False,,False,0.0,False,False
Jaipur,2024-08-04,23.5,8.6,12.0,False,False,,False,0.0,False,False
Jaipur,2024-08-05,19.6,9.6,0.0,False,False,,False,0.1,False,False
Jaipur,2024-08-06,23.9,10.3,5.6,False,False,,False,0.0,False,False
Jaipur,2024-08-07,23.4,9.0,27.4,False,False,,False,0.0,False,False
Jaipur,2024-08-08,22.8,10.4,10.4,False,False,,False,0.0,False,False
Jaipur,2024-08-09,22.4,6.5,2.8,False,False,,False,0.0,False,False
Jaipur,2024-08-10,19.8,7.3,17.0,False,False,,False,0.1,False,False
Jaipur,2024-08-11,21.7,9.0,25.3,False,False,,False,0.1,False,False
Jaipur,2024-08-12,26.0,11.2,0.0,False,False,,False,0.0,False,False
Jaipur,2024-08-13,22.9,7.8,23.8,False,False,,False,0.2,False,False
Jaipur,2024-08-14,21.0,10.3,2.9,False,False,,False,0.0,False,False
Jaipur,2024-08-15,24.5,8.8,21.8,False,False,,False,0.1,False,False
Jaipur,2024-08-16,20.8,9.3,5.2,False,False,,False,0.0,False,False
Jaipur,2024-08-17,21.7,8.5,59.2,False,False,,False,0.1,False,False
Jaipur,2024-08-18,24.3,8.8,0.0,False,False,,False,0.1,False,False
Jaipur,2024-08-19,22.1,7.5,6.8,False,False,,False,0.0,False,False
Jaipur,2024-08-20,20.8,10.2,18.5,False,False,,False,0.0,False,False
Jaipur,2024-08-21,22.5,10.2,15.8,False,False,,False,0.0,False,False
Jaipur,2024-08-22,22.0,8.6,43.5,False,False,,False,0.1,False,False
Jaipur,2024-08-23,20.7,9.5,0.0,False,False,,False,0.0,False,False
Jaipur,2024-08-24,19.6,6.1,24.5,False,False,,False,0.0,False,False
Jaipur,2024-08-25,23.8,7.9,40.3,False,False,,False,0.1,False,False
Jaipur,2024-08-26,23.4,9.2,13.5,False,False,,False,0.0,False,False
Jaipur,2024-08-27,22.6,8.4,30.0,False,False,,False,0.0,False,False
Jaipur,2024-08-28,23.6,12.0,49.0,False,False,,False,0.0,False,False
Jaipur,2024-08-29,21.3,10.9,26.1,False,False,,False,0.1,False,False
Jaipur,2024-08-30,20.1,7.4,1.2,False,False,,False,0.0,False,False
Jaipur,2024-08-31,24.7,9.8,28.6,False,False,,False,0.1,False,False
Jaipur,2024-09-01,26.8,10.4,0.0,False,False,,False,0.1,False,False
Jaipur,2024-09-02,25.7,10.6,0.9,False,False,,False,0.1,False,False
Jaipur,2024-09-03,24.5,9.9,13.9,False,False,,False,0.1,False,False
Jaipur,2024-09-04,26.5,8.7,24.3,False,False,,False,0.1,False,False
Jaipur,2024-09-05,26.5,11.4,2.5,False,False,,False,0.1,False,False
Jaipur,2024-09-06,23.6,9.2,38.6,False,False,,False,0.0,False,False
Jaipur,2024-09-07,29.3,8.7,0.5,False,False,,False,0.1,False,False
Jaipur,2024-09-08,26.4,9.4,13.0,False,False,,False,0.0,False,False
Jaipur,2024-09-09,25.1,11.2,8.6,False,False,,False,0.1,False,False
Jaipur,2024-09-10,25.4,8.7,8.5,False,False,,False,0.0,False,False
Jaipur,2024-09-11,24.6,10.5,15.2,False,False,,False,0.2,False,False
Jaipur,2024-09-12,25.0,10.7,20.0,False,False,,False,0.0,False,False
Jaipur,2024-09-13,24.9,10.7,2.2,False,False,,False,0.1,False,False
Jaipur,2024-09-14,25.2,10.1,0.0,False,False,,False,0.1,False,False
Jaipur,2024-09-15,28.1,9.3,2.4,False,False,,False,0.2,False,False
Jaipur,2024-09-16,26.1,10.5,26.5,False,False,,False,0.1,False,False
Jaipur,2024-09-17,26.1,10.4,25.6,False,False,,False,0.3,False,False
Jaipur,2024-09-18,27.2,9.0,5.5,False,False,,False,0.0,False,False
Jaipur,2024-09-19,25.0,10.6,19.1,False,False,,False,0.4,False,False
Jaipur,2024-09-20,27.5,9.6,12.4,False,False,,False,0.1,False,False
Jaipur,2024-09-21,24.9,10.7,55.8,False,False,,False,0.2,False,False
Jaipur,2024-09-22,25.3,10.4,8.3,False,False,,False,0.1,False,False
Jaipur,2024-09-23,22.8,12.0,0.0,False,False,,False,0.0,False,False
Jaipur,2024-09-24,23.1,8.7,8.4,False,False,,False,0.2,False,False
Jaipur,2024-09-25,25.1,9.5,19.2,False,False,,False,0.0,False,False
Jaipur,2024-09-26,27.6,9.4,32.4,False,False,,False,0.0,False,False
Jaipur,2024-09-27,24.1,9.3,0.8,False,False,Big Sale,False,0.0,False,True
Jaipur,2024-09-28,24.8,10.7,0.0,False,False,Big Sale,False,0.1,False,True
Jaipur,2024-09-29,25.9,10.1,0.0,False,False,Big Sale,False,0.1,False,True
Jaipur,2024-09-30,24.9,8.3,35.9,False,False,Big Sale,False,0.1,False,True
Jaipur,2024-10-01,21.4,10.3,1.4,False,False,Big Sale,False,0.1,False,True
Jaipur,2024-10-02,20.2,8.0,0.0,False,False,Big Sale,False,0.0,False,True
Jaipur,2024-10-03,20.0,8.5,3.5,False,False,Big Sale,False,0.1,False,True
Jaipur,2024-10-04,25.1,8.3,0.0,False,False,Big Sale,False,0.1,False,True
Jaipur,2024-10-05,22.9,7.9,1.7,False,False,Big Sale,False,0.1,False,True
Jaipur,2024-10-06,23.5,9.4,0.0,False,False,Big Sale,False,0.0,False,True
Jaipur,2024-10-07,21.2,9.5,0.0,False,False,,False,0.0,False,False
Jaipur,2024-10-08,21.5,8.5,0.0,False,False,,False,0.1,False,False
Jaipur,2024-10-09,23.6,7.5,4.7,False,False,,False,0.0,False,False
Jaipur,2024-10-10,22.8,8.2,7.4,False,False,,False,0.1,False,False
Jaipur,2024-10-11,21.9,8.2,1.9,False,False,,False,0.1,False,False
Jaipur,2024-10-12,20.7,7.3,0.0,False,False,,False,0.2,False,False
Jaipur,2024-10-13,19.1,8.0,3.1,False,False,,False,0.0,False,False
Jaipur,2024-10-14,22.4,8.9,7.1,False,False,,False,0.0,False,False
Jaipur,2024-10-15,20.9,7.3,1.6,False,False,,False,0.0,False,False
Jaipur,2024-10-16,23.1,10.8,0.0,False,False,,False,0.1,False,False
Jaipur,2024-10-17,21.8,6.5,2.2,False,False,,False,0.1,False,False
Jaipur,2024-10-18,22.7,9.2,5.2,False,False,,False,0.1,False,False
Jaipur,2024-10-19,18.7,9.1,0.3,False,False,,False,0.2,False,False
Jaipur,2024-10-20,21.3,11.5,4.7,False,False,,False,0.1,False,False
Jaipur,2024-10-21,19.8,10.2,0.0,False,False,,False,0.1,False,False
Jaipur,2024-10-22,23.6,8.4,4.3,False,False,,False,0.1,False,False
Jaipur,2024-10-23,24.3,8.4,1.7,False,False,,False,0.1,False,False
Jaipur,2024-10-24,22.4,8.9,0.0,False,False,,False,0.1,False,False
Jaipur,2024-10-25,19.8,9.3,6.6,False,False,,False,0.1,False,False
Jaipur,2024-10-26,18.8,9.7,2.9,False,False,,False,0.3,False,False
Jaipur,2024-10-27,21.3,9.7,0.8,False,False,,False,0.0,False,False
Jaipur,2024-10-28,21.8,9.7,1.4,False,False,,False,0.3,False,False
Jaipur,2024-10-29,22.9,8.8,3.3,False,False,Diwali week,False,0.0,False,False
Jaipur,2024-10-30,23.8,9.0,0.6,False,False,Diwali week,False,0.1,False,False
Jaipur,2024-10-31,20.9,9.8,0.0,False,False,Diwali week,False,0.0,False,False
Jaipur,2024-11-01,13.6,5.4,0.0,False,False,Diwali,True,0.0,False,False
Jaipur,2024-11-02,16.1,5.2,0.0,False,False,Diwali week,False,0.0,False,False
Jaipur,2024-11-03,12.5,3.9,0.0,False,False,Diwali week,False,0.0,False,False
Jaipur,2024-11-04,14.2,6.6,1.2,False,False,,False,0.0,False,False
Jaipur,2024-11-05,16.4,5.9,0.0,False,False,,False,0.2,False,False
Jaipur,2024-11-06,14.4,6.8,2.8,False,False,,False,0.0,False,False
Jaipur,2024-11-07,14.5,6.4,0.0,False,False,,False,0.2,False,False
Jaipur,2024-11-08,13.7,4.8,0.0,False,False,,False,0.0,False,False
Jaipur,2024-11-09,15.9,7.4,5.2,False,False,,False,0.1,False,False
Jaipur,2024-11-10,16.2,6.0,0.0,False,False,,False,0.1,False,False
Jaipur,2024-11-11,14.3,7.5,0.6,False,False,,False,0.1,False,False
Jaipur,2024-11-12,16.3,6.2,0.0,False,False,,False,0.1,False,False
Jaipur,2024-11-13,13.4,7.6,0.3,False,False,,False,0.0,False,False
Jaipur,2024-11-14,16.5,4.3,1.3,False,False,,False,0.1,False,False
Jaipur,2024-11-15,13.2,5.0,1.8,False,False,,False,0.3,False,False
Jaipur,2024-11-16,14.9,8.3,0.0,False,False,,False,0.0,False,False
Jaipur,2024-11-17,10.0,5.8,3.4,False,False,,False,0.1,False,False
Jaipur,2024-11-18,14.9,4.5,0.8,False,False,,False,0.0,False,False
Jaipur,2024-11-19,16.7,6.9,0.0,False,False,,False,0.1,False,False
Jaipur,2024-11-20,15.0,6.6,0.2,False,False,,False,0.0,False,False
Jaipur,2024-11-21,14.7,3.0,0.0,False,False,,False,0.0,False,False
Jaipur,2024-11-22,15.2,5.6,0.0,False,False,,False,0.1,False,False
Jaipur,2024-11-23,17.5,6.0,0.2,False,False,,False,0.1,False,False
Jaipur,2024-11-24,15.5,7.7,0.0,False,False,,False,0.0,False,False
Jaipur,2024-11-25,14.9,5.7,0.0,False,False,,False,0.3,False,False
Jaipur,2024-11-26,14.0,3.5,0.0,False,False,,False,0.1,False,False
Jaipur,2024-11-27,12.7,5.0,1.5,False,False,,False,0.1,False,False
Jaipur,2024-11-28,16.4,6.5,0.0,False,False,,False,0.1,False,False
Jaipur,2024-11-29,15.7,4.7,1.8,False,False,,False,0.1,False,False
Jaipur,2024-11-30,17.6,6.5,0.0,False,False,,False,0.0,False,False
Jaipur,2024-12-01,9.5,4.7,2.2,False,False,,False,0.0,False,False
Jaipur,2024-12-02,13.3,4.1,0.0,False,False,,False,0.3,False,False
Jaipur,2024-12-03,10.8,4.6,5.5,False,False,,False,0.0,False,False
Jaipur,2024-12-04,8.3,2.9,0.0,False,False,,False,0.0,False,False
Jaipur,2024-12-05,11.6,5.6,0.0,False,False,,False,0.2,False,False
Jaipur,2024-12-06,8.8,4.6,0.0,False,False,,False,0.1,False,False
Jaipur,2024-12-07,9.4,2.3,0.0,False,False,,False,0.1,False,False
Jaipur,2024-12-08,14.7,4.0,1.8,False,False,,False,0.1,False,False
Jaipur,2024-12-09,11.2,3.3,0.1,False,False,,False,0.1,False,False
Jaipur,2024-12-10,8.5,4.5,3.0,False,False,,False,0.1,False,False
Jaipur,2024-12-11,12.1,6.3,0.0,False,False,,False,0.1,False,False
Jaipur,2024-12-12,10.9,6.2,1.7,False,False,,False,0.0,False,False
Jaipur,2024-12-13,10.7,4.6,0.8,False,False,,False,0.0,False,False
Jaipur,2024-12-14,11.3,4.0,0.6,False,False,,False,0.3,False,False
Jaipur,2024-12-15,10.4,5.3,1.6,False,False,,False,0.0,False,False
Jaipur,2024-12-16,9.3,3.1,0.0,False,False,,False,0.1,False,False
Jaipur,2024-12-17,11.6,5.3,0.0,False,False,,False,0.0,False,False
Jaipur,2024-12-18,11.2,5.3,0.0,False,False,,False,0.0,False,False
Jaipur,2024-12-19,10.3,3.7,0.0,False,False,,False,0.0,False,False
Jaipur,2024-12-20,10.8,4.2,0.0,False,False,,False,0.1,False,False
Jaipur,2024-12-21,15.1,5.6,3.2,False,False,,False,0.0,False,False
Jaipur,2024-12-22,8.3,2.6,8.4,False,False,,False,0.0,False,False
Jaipur,2024-12-23,10.5,2.1,0.0,False,False,,False,0.1,False,False
Jaipur,2024-12-24,10.9,4.5,0.0,False,False,,False,0.1,False,False
Jaipur,2024-12-25,8.7,4.7,0.0,False,False,,False,0.1,False,False
Jaipur,2024-12-26,12.0,4.8,0.0,False,False,,False,0.1,False,False
Jaipur,2024-12-27,9.2,4.5,0.3,False,False,,False,0.2,False,False
Jaipur,2024-12-28,9.1,2.4,0.6,False,False,,False,0.0,False,False
Jaipur,2024-12-29,10.1,4.1,0.0,False,False,,False,0.1,False,False
Jaipur,2024-12-30,9.5,5.5,2.8,False,False,,False,0.0,False,False
Jaipur,2024-12-31,11.0,3.7,0.1,False,False,,False,0.0,False,False
Jaipur,2025-01-01,10.7,3.9,0.0,False,False,,False,0.1,False,False
Jaipur,2025-01-02,12.1,4.5,0.0,False,False,,False,0.3,False,False
Jaipur,2025-01-03,9.3,5.3,0.0,False,False,,False,0.4,False,False
Jaipur,2025-01-04,11.7,5.2,1.5,False,False,,False,0.0,False,False
Jaipur,2025-01-05,10.5,5.4,0.1,False,False,,False,0.0,False,False
Jaipur,2025-01-06,9.6,2.6,0.0,False,False,,False,0.1,False,False
Jaipur,2025-01-07,12.2,3.1,0.0,False,False,,False,0.0,False,False
Jaipur,2025-01-08,10.2,3.6,2.4,False,False,,False,0.0,False,False
Jaipur,2025-01-09,13.0,5.0,2.5,False,False,,False,0.0,False,False
Jaipur,2025-01-10,8.8,4.0,3.2,False,False,,False,0.2,False,False
Jaipur,2025-01-11,10.6,4.7,2.4,False,False,,False,0.0,False,False
Jaipur,2025-01-12,11.1,5.0,0.3,False,False,,False,0.1,False,False
Jaipur,2025-01-13,11.8,3.2,0.0,False,False,,False,0.0,False,False
Jaipur,2025-01-14,11.6,4.5,0.4,False,False,,False,0.2,False,False
Jaipur,2025-01-15,12.5,3.3,0.0,False,False,,False,0.1,False,False
Jaipur,2025-01-16,10.9,2.5,0.0,False,False,,False,0.2,False,False
Jaipur,2025-01-17,14.4,2.3,0.0,False,False,,False,0.0,False,False
Jaipur,2025-01-18,10.9,4.0,0.8,False,False,,False,0.0,False,False
Jaipur,2025-01-19,10.1,2.2,0.0,False,False,,False,0.0,False,False
Jaipur,2025-01-20,11.0,3.9,3.0,False,False,,False,0.0,False,False
Jaipur,2025-01-21,9.7,4.5,0.4,False,False,,False,0.0,False,False
Jaipur,2025-01-22,12.6,4.0,0.0,False,False,,False,0.0,False,False
Jaipur,2025-01-23,13.2,5.4,2.3,False,False,,False,0.0,False,False
Jaipur,2025-01-24,8.6,4.6,0.3,False,False,,False,0.1,False,False
Jaipur,2025-01-25,9.5,4.1,0.0,False,False,,False,0.1,False,False
Jaipur,2025-01-26,12.1,3.6,0.0,False,False,,False,0.1,False,False
Jaipur,2025-01-27,10.3,4.5,0.4,False,False,,False,0.0,False,False
Jaipur,2025-01-28,11.4,4.3,0.2,False,False,,False,0.1,False,False
Jaipur,2025-01-29,11.1,5.0,0.6,False,False,,False,0.0,False,False
Jaipur,2025-01-30,9.4,4.1,0.0,False,False,,False,0.2,False,False
Jaipur,2025-01-31,12.1,6.1,0.0,False,False,,False,0.0,False,False
Jaipur,2025-02-01,14.0,5.4,0.0,False,False,,False,0.1,False,False
Jaipur,2025-02-02,14.6,6.6,1.5,False,False,,False,0.2,False,False
Jaipur,2025-02-03,16.9,5.2,0.0,False,False,,False,0.1,False,False
Jaipur,2025-02-04,15.6,5.9,0.0,False,False,,False,0.1,False,False
Jaipur,2025-02-05,14.1,4.3,0.0,False,False,,False,0.1,False,False
Jaipur,2025-02-06,15.9,6.5,0.5,False,False,,False,0.1,False,False
Jaipur,2025-02-07,14.8,6.3,0.1,False,False,,False,0.1,False,False
Jaipur,2025-02-08,14.8,6.1,0.0,False,False,,False,0.0,False,False
Jaipur,2025-02-09,13.4,4.6,1.3,False,False,,False,0.0,False,False
Jaipur,2025-02-10,14.1,6.5,0.3,False,False,,False,0.1,False,False
Jaipur,2025-02-11,14.0,2.5,1.5,False,False,,False,0.1,False,False
Jaipur,2025-02-12,13.2,5.4,0.8,False,False,,False,0.0,False,False
Jaipur,2025-02-13,16.3,6.3,0.0,False,False,,False,0.4,False,False
Jaipur,2025-02-14,14.0,6.0,0.0,False,False,,False,0.1,False,False
Jaipur,2025-02-15,16.4,3.7,3.4,False,False,,False,0.0,False,False
Jaipur,2025-02-16,14.6,4.8,2.9,False,False,,False,0.0,False,False
Jaipur,2025-02-17,15.1,6.6,0.6,False,False,,False,0.1,False,False
Jaipur,2025-02-18,13.7,7.6,0.0,False,False,,False,0.0,False,False
Jaipur,2025-02-19,13.9,4.7,0.6,False,False,,False,0.2,False,False
Jaipur,2025-02-20,14.6,4.9,0.0,False,False,,False,0.2,False,False
Jaipur,2025-02-21,14.0,5.2,0.0,False,False,,False,0.1,False,False
Jaipur,2025-02-22,14.3,5.1,0.0,False,False,,False,0.1,False,False
Jaipur,2025-02-23,15.5,4.5,0.3,False,False,,False,0.0,False,False
Jaipur,2025-02-24,14.9,4.7,0.1,False,False,,False,0.0,False,False
Jaipur,2025-02-25,13.9,6.7,0.0,False,False,,False,0.1,False,False
Jaipur,2025-02-26,12.3,7.8,0.0,False,False,,False,0.1,False,False
Jaipur,2025-02-27,15.7,7.9,0.0,False,False,,False,0.0,False,False
Jaipur,2025-02-28,13.6,6.4,1.0,False,False,,False,0.2,False,False
Jaipur,2025-03-01,23.3,8.6,1.1,False,False,,False,0.0,False,False
Jaipur,2025-03-02,21.7,10.2,0.0,False,False,,False,0.0,False,False
Jaipur,2025-03-03,25.9,9.0,2.2,False,False,,False,0.1,False,False
Jaipur,2025-03-04,24.8,10.7,0.0,False,False,,False,0.1,False,False
Jaipur,2025-03-05,24.8,10.2,0.0,False,False,,False,0.0,False,False
Jaipur,2025-03-06,25.5,9.5,0.0,False,False,,False,0.0,False,False
Jaipur,2025-03-07,24.7,10.4,0.0,False,False,,False,0.1,False,False
Jaipur,2025-03-08,22.8,8.9,0.4,False,False,,False,0.0,False,False
Jaipur,2025-03-09,21.3,10.6,1.9,False,False,,False,0.0,False,False
Jaipur,2025-03-10,23.7,11.6,0.0,False,False,,False,0.0,False,False
Jaipur,2025-03-11,24.7,8.9,0.5,False,False,,False,0.1,False,False
Jaipur,2025-03-12,23.6,9.4,0.0,False,False,,False,0.1,False,False
Jaipur,2025-03-13,25.2,8.3,0.0,False,False,,False,0.3,False,False
Jaipur,2025-03-14,23.7,9.7,0.0,False,False,Holi,True,0.1,False,False
Jaipur,2025-03-15,22.5,9.4,0.4,False,False,,False,0.0,False,False
Jaipur,2025-03-16,24.9,9.4,0.0,False,False,,False,0.1,False,False
Jaipur,2025-03-17,27.9,10.4,0.0,False,False,,False,0.1,False,False
Jaipur,2025-03-18,22.0,8.5,0.7,False,False,,False,0.3,False,False
Jaipur,2025-03-19,24.7,9.4,2.7,False,False,,False,0.1,False,False
Jaipur,2025-03-20,25.5,9.5,3.4,False,False,,False,0.1,False,False
Jaipur,2025-03-21,25.7,10.7,0.1,False,False,,False,0.0,False,False
Jaipur,2025-03-22,23.6,7.6,0.0,False,False,,False,0.0,False,False
Jaipur,2025-03-23,25.0,8.7,0.9,False,False,,False,0.1,False,False
Jaipur,2025-03-24,23.3,10.1,0.0,False,False,,False,0.1,False,False
Jaipur,2025-03-25,24.8,9.5,0.8,False,False,,False,0.1,False,False
Jaipur,2025-03-26,22.8,7.4,0.0,False,False,,False,0.0,False,False
Jaipur,2025-03-27,25.4,10.0,0.0,False,False,,False,0.1,False,False
Jaipur,2025-03-28,23.1,9.8,0.0,False,False,,False,0.0,False,False
Jaipur,2025-03-29,22.8,11.0,0.1,False,False,,False,0.0,False,False
Jaipur,2025-03-30,20.5,10.7,0.0,False,False,,False,0.1,False,False
Jaipur,2025-03-31,25.1,8.8,0.9,False,False,,False,0.1,False,False
Jaipur,2025-04-01,35.6,16.7,0.0,False,False,,False,0.1,False,False
Jaipur,2025-04-02,36.1,13.5,0.0,False,False,,False,0.0,False,False
Jaipur,2025-04-03,34.9,13.4,2.9,False,False,,False,0.1,False,False
Jaipur,2025-04-04,35.4,13.6,0.0,False,False,,False,0.2,False,False
Jaipur,2025-04-05,38.9,13.2,0.0,False,False,,False,0.1,False,False
Jaipur,2025-04-06,39.0,13.4,3.6,False,False,,False,0.1,False,False
Jaipur,2025-04-07,38.5,15.0,0.1,False,False,,False,0.1,False,False
Jaipur,2025-04-08,37.5,12.8,0.2,False,False,,False,0.0,False,False
Jaipur,2025-04-09,37.2,13.2,0.0,False,False,,False,0.1,False,False
Jaipur,2025-04-10,35.6,12.2,6.2,False,False,,False,0.1,False,False
Jaipur,2025-04-11,37.6,13.5,0.0,False,False,,False,0.0,False,False
Jaipur,2025-04-12,36.2,16.0,0.0,False,False,,False,0.1,False,False
Jaipur,2025-04-13,37.2,15.5,0.0,False,False,,False,0.0,False,False
Jaipur,2025-04-14,34.5,14.7,5.4,False,False,,False,0.1,False,False
Jaipur,2025-04-15,35.7,15.9,0.0,False,False,,False,0.2,False,False
Jaipur,2025-04-16,38.2,15.3,0.0,False,False,,False,0.1,False,False
Jaipur,2025-04-17,35.6,15.0,0.0,False,False,,False,0.1,False,False
Jaipur,2025-04-18,36.0,16.1,0.1,False,False,,False,0.3,False,False
Jaipur,2025-04-19,39.2,13.2,0.0,False,False,,False,0.0,False,False
Jaipur,2025-04-20,37.6,14.5,0.0,False,False,,False,0.0,False,False
Jaipur,2025-04-21,37.7,13.7,0.0,False,False,,False,0.3,False,False
Jaipur,2025-04-22,36.1,13.5,0.0,False,False,,False,0.0,False,False
Jaipur,2025-04-23,37.0,15.8,0.3,False,False,,False,0.1,False,False
Jaipur,2025-04-24,35.7,13.8,0.0,False,False,,False,0.0,False,False
Jaipur,2025-04-25,35.0,14.0,0.0,False,False,,False,0.0,False,False
Jaipur,2025-04-26,36.4,14.3,1.0,False,False,,False,0.1,False,False
Jaipur,2025-04-27,34.2,12.6,0.0,False,False,,False,0.0,False,False
Jaipur,2025-04-28,37.3,13.9,2.1,False,False,,False,0.0,False,False
Jaipur,2025-04-29,39.3,13.4,0.2,False,False,,False,0.0,False,False
Jaipur,2025-04-30,35.1,13.2,0.0,False,False,,False,0.0,False,False
Jaipur,2025-05-01,45.0,17.0,0.0,True,False,,False,0.1,False,False
Jaipur,2025-05-02,46.3,17.0,0.4,True,False,,False,0.3,False,False
Jaipur,2025-05-03,46.4,19.5,0.0,True,False,,False,0.3,False,False
Jaipur,2025-05-04,46.6,18.5,2.2,True,False,,False,0.1,False,False
Jaipur,2025-05-05,45.0,19.5,0.0,True,False,,False,1.3,False,False
Jaipur,2025-05-06,46.1,20.2,0.0,True,False,,False,0.1,False,False
Jaipur,2025-05-07,48.2,21.2,3.6,True,False,,False,0.6,False,False
Jaipur,2025-05-08,45.6,19.0,0.0,True,False,,False,0.0,False,False
Jaipur,2025-05-09,46.9,18.9,0.0,True,False,,False,0.1,False,False
Jaipur,2025-05-10,44.7,16.5,2.7,True,False,,False,0.1,False,False
Jaipur,2025-05-11,45.9,17.5,0.0,True,False,,False,0.2,False,False
Jaipur,2025-05-12,47.0,16.6,0.0,True,False,,False,0.1,False,False
Jaipur,2025-05-13,47.4,17.7,0.0,True,False,,False,0.0,False,False
Jaipur,2025-05-14,48.0,18.2,0.5,True,False,,False,0.1,False,False
Jaipur,2025-05-15,45.3,19.6,0.0,True,False,,False,0.1,False,False
Jaipur,2025-05-16,45.9,16.8,0.0,True,False,,False,0.1,False,False
Jaipur,2025-05-17,47.0,15.8,1.3,True,False,,False,0.2,False,False
Jaipur,2025-05-18,45.6,19.0,1.9,True,False,,False,0.1,False,False
Jaipur,2025-05-19,47.0,17.1,0.0,True,False,,False,0.3,False,False
Jaipur,2025-05-20,46.7,17.0,0.0,True,False,,False,0.1,False,False
Jaipur,2025-05-21,43.9,18.6,0.0,True,False,,False,0.0,False,False
Jaipur,2025-05-22,43.8,18.5,3.1,True,False,,False,0.3,False,False
Jaipur,2025-05-23,45.8,17.1,0.0,True,False,,False,1.1,False,False
Jaipur,2025-05-24,48.5,19.5,0.0,True,False,,False,0.1,False,False
Jaipur,2025-05-25,47.4,18.0,0.0,True,False,,False,0.0,False,False
Jaipur,2025-05-26,47.9,18.5,0.5,True,False,,False,0.0,False,False
Jaipur,2025-05-27,47.2,19.1,0.0,True,False,,False,0.2,False,False
Jaipur,2025-05-28,46.6,17.2,0.6,True,False,,False,1.1,False,False
Jaipur,2025-05-29,45.4,17.9,1.3,True,False,,False,1.5,False,False
Jaipur,2025-05-30,44.4,19.2,0.0,True,False,,False,0.1,False,False
Jaipur,2025-05-31,45.3,18.1,0.0,True,False,,False,0.8,False,False
Jaipur,2025-06-01,42.1,16.1,0.0,True,False,,False,0.7,False,False
Jaipur,2025-06-02,39.0,16.5,5.0,False,False,,False,0.0,False,False
Jaipur,2025-06-03,40.1,16.4,24.6,False,False,,False,0.0,False,False
Jaipur,2025-06-04,41.2,17.8,39.4,False,False,,False,0.2,False,False
Jaipur,2025-06-05,39.4,16.0,0.0,False,False,,False,0.4,False,False
Jaipur,2025-06-06,43.8,14.8,9.5,True,False,,False,0.0,False,False
Jaipur,2025-06-07,41.4,17.6,10.6,False,False,,False,0.1,False,False
Jaipur,2025-06-08,40.0,15.3,8.4,False,False,,False,0.0,False,False
Jaipur,2025-06-09,41.2,15.9,8.7,False,False,,False,0.3,False,False
Jaipur,2025-06-10,37.9,17.3,7.3,False,False,,False,0.3,False,False
Jaipur,2025-06-11,41.3,15.2,0.1,False,False,,False,0.4,False,False
Jaipur,2025-06-12,37.9,16.3,1.6,False,False,,False,0.3,False,False
Jaipur,2025-06-13,41.0,16.2,16.1,False,False,,False,0.3,False,False
Jaipur,2025-06-14,41.5,15.2,14.3,False,False,,False,0.3,False,False
Jaipur,2025-06-15,42.6,14.8,0.4,True,False,,False,0.1,False,False
Jaipur,2025-06-16,44.0,16.1,0.0,True,False,,False,0.5,False,False
Jaipur,2025-06-17,43.0,18.3,8.6,True,False,,False,0.1,False,False
Jaipur,2025-06-18,39.3,13.8,0.0,False,False,,False,0.1,False,False
Jaipur,2025-06-19,37.8,15.1,10.1,False,False,,False,0.1,False,False
Jaipur,2025-06-20,38.8,15.1,0.4,False,False,,False,0.3,False,False
Jaipur,2025-06-21,39.4,16.4,35.1,False,False,,False,0.1,False,False
Jaipur,2025-06-22,42.1,14.1,0.0,True,False,,False,0.0,False,False
Jaipur,2025-06-23,37.7,16.9,0.0,False,False,,False,0.0,False,False
Jaipur,2025-06-24,38.3,15.8,15.1,False,False,,False,0.0,False,False
Jaipur,2025-06-25,40.6,15.9,4.4,False,False,,False,0.1,False,False
Jaipur,2025-06-26,39.1,16.8,24.9,False,False,,False,0.0,False,False
Jaipur,2025-06-27,42.8,17.6,4.3,True,False,,False,0.2,False,False
Jaipur,2025-06-28,38.0,16.3,1.4,False,False,,False,0.2,False,False
Jaipur,2025-06-29,42.7,13.5,28.8,True,False,,False,0.4,False,False
Jaipur,2025-06-30,41.3,14.5,5.0,False,False,,False,0.2,False,False
